run,magnet_thickness_mm,magnet_length_mm,v_angle_deg,tip_gap_mm,magnet_center_offset_deg,actual_tip_gap_mm,outer_bridge_min_mm,shaft_clearance_min_mm,adjacent_pole_gap_min_mm,geometry_status,candidate,pred_mean_torque_Nm,pred_ripple_pkpk_Nm,unc_mean_torque_Nm,unc_ripple_pkpk_Nm,predicted_pareto,conservative_mean_Nm,conservative_ripple_Nm,conservative_pareto,pred_mean_torque_Nm_loss,pred_ripple_pkpk_Nm_loss,ideal_distance
718,4.88692986673074,16.619143463822795,81.21536599040111,0.6075381037704741,24.54501377000829,0.607538103770474,3.5519501067578325,6.909103362904327,1.0127717312119826,OK,625,48.60369946574934,6.2029438696218,0.24905030480204238,0.09099989125004858,True,48.3546491609473,6.293943760871849,True,0.28480775573160294,0.3290937127260507,0.43522193129561937
415,5.120203582019451,16.332248408918247,80.09921053099791,1.646387377498305,25.63081451498794,1.646387377498305,3.364081600224935,6.503269879626449,0.531594924712964,OK,361,47.77999557613894,5.845815095198003,0.2647860524175507,0.060282880330829076,True,47.51520952372139,5.906097975528833,True,0.3285689825858151,0.2868563472687535,0.4361698525641695
817,4.468454399834816,16.69499993074124,81.27956583035497,1.3425495982042226,25.800121403175417,1.3425495982042193,3.604654763522202,6.94564882590276,0.4079619368275659,OK,708,46.48007026422822,5.2315054371221175,0.2699129670970313,0.06417004317698749,True,46.21015729713119,5.295675480299105,True,0.39763060434768865,0.21420238211581397,0.45165557454546856
552,5.456030877412996,15.667621644206928,84.30981641247459,1.1260512787935593,24.061615310120295,1.1260512787935544,4.01517602261432,7.210887312432195,0.8491654368311267,OK,482,47.19513443046547,5.74878122254548,0.23982693589432189,0.08040624241651972,True,46.95530749457115,5.829187464962,True,0.3596411210045576,0.27538022035186177,0.4529635765472261
732,4.70880471244924,16.78210229614706,74.60077257815166,1.6122666118702713,25.718382287636842,1.6122666118702702,2.7954487975132523,5.822491602800371,1.795478805227545,OK,636,48.97136080120976,6.840193349397769,0.24762970872066103,0.07803306225647368,True,48.7237310924891,6.918226411654242,True,0.2652748734549194,0.40446075423144856,0.4836933534792428
480,4.576935789209084,16.19686947047043,82.8395403973132,1.538864433267062,25.43569976253584,1.5388644332670591,3.9304204699320913,7.216442950265606,0.5316190405538597,OK,419,45.42747253717494,5.01878688363106,0.22803449109705548,0.06445285909195625,True,45.19943804607789,5.083239742723016,True,0.45355236033404633,0.1890443104990825,0.49137307099255867
670,4.355111747758814,16.28811500562931,83.64408615875566,0.8664530833644005,24.579927381611206,0.8664530833644005,4.138120272639384,7.555757608245051,1.0347267964203752,OK,587,45.441115720222335,5.111805201388084,0.18948247378543287,0.06241469257908148,True,45.2516332464369,5.174219893967166,True,0.45282753380854224,0.20004552060225986,0.49504644801084635
1062,4.47625491726321,16.21453537234205,81.4141305676024,2.055738162214854,26.17947584257748,2.0557381622148534,3.7618946088825957,6.9585541089945036,0.40050216179314174,OK,921,44.938335159764314,4.902331519913601,0.23651463796621533,0.06322844501687772,True,44.7018205217981,4.965559964930479,True,0.4795389460546325,0.1752712176847807,0.5105659610000391
617,4.022067335439919,16.054465259695935,86.03571527731059,0.5782253108655885,23.87473999082851,0.5782253108655907,4.6623517911935295,8.177632774667355,1.3856516337642315,OK,541,43.792716157295835,4.715404126861857,0.18006179741784645,0.061549356013467164,True,43.612654359877986,4.776953482875324,True,0.5404026783835303,0.1531634482197049,0.5616886118434692
958,3.986256032636522,16.389132247675498,77.82387073081142,2.480176103043864,26.822918175340448,2.4801761030438643,3.4885055322239786,6.579768925712846,1.0227069262299007,OK,833,43.9146038967077,4.897358298291579,0.222914789290656,0.058547029936329716,True,43.69168910741705,4.955905328227908,True,0.5339271025334845,0.1746830383103004,0.561776036061632
940,4.876831834507636,16.68907312859553,73.10807930840667,1.4212587781976542,25.097065335983892,1.42125877819765,2.651600056061156,5.610155041244674,2.4907743926686874,OK,816,50.324640060100265,7.907235313203527,0.21208050239100593,0.11280169356804749,True,50.11255955770926,8.020037006771574,True,0.19337869645201833,0.5306590463076103,0.5647958424683952
67,4.566652022475119,15.527783822490697,88.08125843688364,1.6485919938066222,24.754032386166905,1.6485919938066218,4.762589874269537,8.092897187516957,0.3511517411919266,OK,55,43.27243557960944,4.372191844238338,0.2708379232868331,0.09216135816427504,True,43.00159765632261,4.464353202402613,True,0.5680438206376281,0.11257197632279116,0.579090866805731
147,4.112652590199614,15.791060401121126,87.5432511177867,1.8902585581845404,25.524542586242013,1.8902585581845437,4.737112473173507,8.130267574754697,0.08169381819149504,OK,124,42.480114046451135,4.135131877387436,0.2595458801076706,0.08791984915502667,True,42.22056816634346,4.2230517265424625,True,0.6101377852180524,0.0845350631075755,0.6159661466715456
565,4.262306139524528,15.599933748067077,88.4813450198599,1.9733772335431476,25.3713700372628,1.9733772335431512,4.85170395685936,8.214194592883615,0.023247261881168567,OK,493,42.38078837531817,4.108551874864576,0.2838431638943111,0.09565929014141127,True,42.09694521142386,4.204211165005987,True,0.6154146975669215,0.08139146516527784,0.620773566272869
619,3.2348956916318645,16.623327840841565,84.76970699761887,1.5534959397793755,26.209142654958093,1.5534959397793788,4.445830434594949,8.029288664696697,0.2757200186821679,OK,542,42.14604491673723,4.037593911248647,0.2262731169388508,0.07836670025699342,True,41.91977179979838,4.115960611505641,True,0.6278860017249747,0.07299931741356798,0.6321152833977531
239,5.475396209297793,16.283835732604093,67.63331992331908,3.12833005309309,26.33300962047548,3.128330053093091,1.9497725728028037,4.4129972555039085,2.669549820681296,OK,206,50.42257491286273,8.582824178461715,0.22248268258915382,0.08242030742460546,True,50.200092230273576,8.665244485886321,True,0.18817567463467674,0.610560459591461,0.6389007429489747
523,2.500171816445158,16.53858026822418,84.02256832507304,1.415335369529724,25.83030269693227,1.415335369529723,4.714572511369333,8.349079698488545,1.272371970829702,OK,456,39.70627916955889,3.840361543659133,0.30604715404487526,0.09260742133778457,True,39.400232015514014,3.9329689649969177,True,0.7575043556991281,0.049672785959116734,0.7591312367226707
528,5.133107933106559,15.803643020133745,72.46005223199631,0.9133521595938472,22.94271909325348,0.9133521595938491,2.9568085864040867,5.812823031548284,4.302695296847199,OK,461,50.8149385407485,10.078126050798994,0.1946693760427899,0.10867099449255711,True,50.62026916470571,10.186797045291552,True,0.16733042436230977,0.7874087456271944,0.8049919276660247
232,5.050847932658822,16.36603056258845,64.79806551079788,2.5547253287012333,25.054856206127802,2.554725328701235,1.9011075545685259,4.361670129463668,4.495443735008156,OK,199,50.82122785298067,10.128534408699897,0.2009465690787534,0.0910158324977749,True,50.62028128390192,10.219550241197672,True,0.16699628970200225,0.7933705061663665,0.8107555246983592
916,2.7335354328096293,15.839937000345675,88.95445091100873,1.725911136730239,25.36422384514404,1.7259111367302398,5.417156629534894,9.034220159581466,0.8501227704565716,OK,794,38.43142614296686,3.564263706214748,0.32360609604289464,0.09626813052422961,True,38.10782004692397,3.6605318367389774,True,0.8252339527134873,0.01701889162947829,0.8254094253056614
691,2.510561203921319,16.05070958022593,88.20498661261976,1.8043983179161514,25.804278798317284,1.8043983179161507,5.31486161148284,8.972582946816807,0.716049467402975,OK,606,38.28064743432538,3.517552906285578,0.3397109140493546,0.10388234160863215,True,37.940936520276026,3.62143524789421,True,0.8332444299697814,0.01149443863463278,0.8333237079281924
468,5.279705378543866,16.174738834327997,68.05071574670568,0.9443028705050711,22.888675979924862,0.9443028705050737,2.306371457989595,5.0253378002018625,5.074479362118185,OK,410,52.786056830420456,11.540541509554409,0.30936457805903506,0.1396364726380345,True,52.476692252361424,11.680177982192443,True,0.06261008041489897,0.9603675789822297,0.9624063117674101
429,2.805304300361437,14.926740156306664,88.82912814541723,3.930175898087003,27.37734901804891,3.9301758980870045,5.50649476247035,8.764063358039618,0.09163353136288656,OK,375,35.14185948156328,3.4203642029222925,0.40865069705511115,0.14287197793723902,True,34.73320878450817,3.5632361808595316,True,1.0,0.0,1.0
135,5.3278475924402375,16.598629687803232,66.76162055543188,0.7081151413925272,22.90915830738625,0.7081151413925277,1.9807215834139527,4.714273009626737,5.165266456956832,OK,112,53.964546796855394,11.875644747937825,0.37772178201858003,0.1737925566823188,True,53.58682501483681,12.049437304620144,True,0.0,1.0,1.0
