metric,radial,halbach_3seg,change_percent
elapsed_s,368.9593081474304,416.15679717063904,12.792058089058767
torque_Nm,1.609442476026596,1.863726960228189,15.799538535193403
gap_peak_abs_T,1.0946561299212665,1.3636000582979355,24.568804853448633
gap_rms_T,0.7998611410521237,0.8151861639487966,1.915960422394658
gap_fundamental_peak_T,1.105147913561962,1.1220883773501054,1.5328684586249919
gap_thd,0.21830072650805699,0.2357454581043709,7.991146834625895
leakage_peak_abs_T,6.234560623930272e-05,2.7423421965877162e-05,-56.0138659000008
leakage_rms_T,4.303589627694822e-05,1.8136180782497117e-05,-57.858015397691176
leakage_fundamental_peak_T,6.0692093493053144e-05,2.561936851791952e-05,-57.78796373064322
leakage_thd,0.07486708909250951,0.04764054633012781,-36.36650375005127
