mechanical_angle_deg,radial_gap_Br_T,halbach_gap_Br_T,radial_external_Br_T,halbach_external_Br_T
0.0,-0.9032150634673739,-1.150913137326541,-5.482338255286487e-05,-2.491807693270841e-05
0.5,-0.904638323127001,-1.1647501465730628,-5.354339584695229e-05,-2.5453339479477707e-05
1.0,-0.905299345019871,-1.2001741180897705,-5.2173107936952606e-05,-2.489540418484398e-05
1.5,-0.9029666733495835,-1.2224709540528427,-5.062455734650902e-05,-2.404262841931475e-05
2.0,-0.9029787877706557,-1.0200020861789234,-4.842346083865793e-05,-2.3197911874025716e-05
2.5,-0.9017780782169761,-0.8402822923990845,-4.524686764115341e-05,-2.066315745675523e-05
3.0,-0.8953004942969897,-0.6999075422114971,-4.231824787675423e-05,-1.840681045986855e-05
3.5,-0.8855725699696609,-0.5534386055616527,-3.541168142025658e-05,-1.624526843378363e-05
4.0,-0.8154067850569087,-0.3771409781885967,-2.8206460606661225e-05,-1.1903127680202385e-05
4.5,-0.5313717666011889,-0.13296888300204895,-2.1192773361550055e-05,-7.947484239293168e-06
5.0,-0.22580607672342526,0.07270316793443116,-1.1008384283558083e-05,-6.344755784429946e-06
5.5,-0.10220958083822551,0.025549261160275786,-2.7349316431333285e-06,-4.768419314452098e-06
6.0,-0.1006227744075764,-0.07030935404856704,3.348269593774492e-06,-9.72627309516293e-07
6.5,0.06622072188923989,-0.10665725080010313,9.418329078328672e-06,3.32995830547206e-06
7.0,0.31720238821322644,-0.09959671574987661,1.6432222546187975e-05,6.5101355082194385e-06
7.5,0.6718164819944721,0.17908200612392344,2.36790709356533e-05,9.172235888444543e-06
8.0,0.8121517357165561,0.4033444738384798,3.2726691945040346e-05,1.2570876909382932e-05
8.5,0.8625623269007925,0.5666815660437032,3.972373675089028e-05,1.6034027912722707e-05
9.0,0.8902672912145292,0.6867334776633206,4.4071483418007615e-05,1.839495518562438e-05
9.5,0.9109772063388069,0.8374346735332379,4.866294810219212e-05,2.0202372749875668e-05
10.0,0.9227166827977551,1.0212629621387903,5.1313770376622325e-05,2.2293453907074e-05
10.5,0.9325325216866795,1.2304103284516,5.3880192002265614e-05,2.3995485871672583e-05
11.0,0.9399719270341261,1.2215374008537843,5.766518288827845e-05,2.4461289063285917e-05
11.5,0.9518303024319488,1.1898844186834676,5.958420770537508e-05,2.5246914049719176e-05
12.0,0.9617874471645292,1.1864519305141639,5.899791120007582e-05,2.6291712544016814e-05
12.5,0.9728540810062739,1.2181426663553288,5.868897274655588e-05,2.57642239869299e-05
13.0,1.0056189498391244,1.2876554953221502,5.8682588227387716e-05,2.5249120496464703e-05
13.5,1.0532314585369686,1.3544158260518555,5.818624629570605e-05,2.409529444109651e-05
14.0,1.0266447257174434,1.0918868503099026,5.4671275956100716e-05,2.154129577734406e-05
14.5,0.7158474892281603,0.6591578434017006,4.974815526943064e-05,1.8716114651261373e-05
15.0,0.6487502167467015,0.5093729977184636,4.4377583630300215e-05,1.6467095972494752e-05
15.5,0.7045192012211813,0.4551967414385957,3.800872337831445e-05,1.4069949104991685e-05
16.0,0.9459308019759167,0.5397601679914573,3.145707188997821e-05,1.1047723388302753e-05
16.5,0.8114648878503803,0.27936019941683315,2.6844252369348065e-05,8.391442539672894e-06
17.0,0.3830791693074518,-0.021725686507039967,1.7051549172111516e-05,6.907850013053473e-06
17.5,0.1443129997308985,-0.033596207707840144,8.058853916079492e-06,4.961481984315221e-06
18.0,0.008523320710283187,0.007072743721375001,1.3973748638236713e-07,1.5893672749532459e-06
18.5,-0.12171303259446109,0.056663373311056656,-9.12765989020139e-06,-2.4107793283182593e-06
19.0,-0.3416097828489356,0.05796031964142533,-1.712996513423744e-05,-6.427158902821595e-06
19.5,-0.6836263564377395,-0.20286775131158713,-2.434302058266665e-05,-1.0263913265362707e-05
20.0,-0.8187249925968599,-0.4260472969792194,-3.5201655590389326e-05,-1.4050091114931068e-05
20.5,-0.8794985621696367,-0.5739357095353748,-4.2351900276827427e-05,-1.5773527112065753e-05
21.0,-0.9113547127732962,-0.7155639414823893,-4.700542355779647e-05,-1.744025154862383e-05
21.5,-0.9407051761462157,-0.8711785989471997,-5.0447110616836166e-05,-2.0208188712690254e-05
22.0,-0.9656698760541963,-1.0775409600552779,-5.434939894006718e-05,-2.300832864965008e-05
22.5,-0.9894191374249206,-1.3123555967453862,-5.781922796816467e-05,-2.4441049551115275e-05
23.0,-1.0257963383963853,-1.3376731002098534,-5.971958323489986e-05,-2.5370777710285747e-05
23.5,-1.0924435932911916,-1.3608833661228066,-6.137301995415048e-05,-2.6103320671583702e-05
24.0,-1.061628952115384,-1.2629847114205215,-5.9987999966023613e-05,-2.662736991467994e-05
24.5,-0.7538422550379322,-0.9255181304621041,-5.883237801484662e-05,-2.7027484973251964e-05
25.0,-0.6780471768267307,-0.8928296462875542,-5.7160739877708865e-05,-2.61673922884939e-05
25.5,-0.7564551865644361,-1.011158210492026,-5.50894538571285e-05,-2.500701813947416e-05
26.0,-1.0496554852005047,-1.1282418580493219,-5.2492966745257955e-05,-2.2610814477097408e-05
26.5,-1.064168317835909,-1.0020631863697067,-4.911909167779154e-05,-1.963541859825208e-05
27.0,-0.9881818535401765,-0.7936592243256945,-4.600647944972947e-05,-1.704144646703753e-05
27.5,-0.9233165343649085,-0.6194388346812449,-4.134019155996834e-05,-1.4381327155009085e-05
28.0,-0.8402211824941512,-0.4363462106311485,-3.252334847980954e-05,-1.1352884635393363e-05
28.5,-0.6954663720678738,-0.2216616913193722,-2.657715889269042e-05,-8.704386527021058e-06
29.0,-0.3308979952086921,0.043697627017362954,-2.0777017687698187e-05,-7.270240194114027e-06
29.5,-0.129192322943622,0.04596796634967026,-1.1395214560298221e-05,-5.331577629234329e-06
30.0,-0.004862961247967694,-0.0008339895450109238,1.6916770612595029e-06,-1.9325480715740166e-06
30.5,0.12499061213654572,-0.050475613197557,1.1909611649974312e-05,2.1093093504275336e-06
31.0,0.3344369903891874,-0.05492373866625151,1.845647100617324e-05,6.166863832620748e-06
31.5,0.6991048984019645,0.19601067250525844,2.5497667975743616e-05,9.953385836665505e-06
32.0,0.8321054170013925,0.44414792467593145,3.4600241816712834e-05,1.3644103459441069e-05
32.5,0.917395702982468,0.6171448115999959,4.0075065565929596e-05,1.5372074752325025e-05
33.0,0.9831525134734047,0.7968174162088577,4.452289100641174e-05,1.7047563774779686e-05
33.5,1.0657080752673824,1.0167692282368304,4.938522277060966e-05,1.9523167860535733e-05
34.0,1.0494632482644033,1.1202677859806365,5.4440568833709506e-05,2.251718311684579e-05
34.5,0.7434249754262222,0.9991630384711392,5.58742374147397e-05,2.443493086499148e-05
35.0,0.6769140226868762,0.8942580456141092,5.759791370873034e-05,2.5366299113373434e-05
35.5,0.7469330251337775,0.92930618095062,5.969556408432331e-05,2.594844100933726e-05
36.0,1.067887878679846,1.268056043551897,6.0529323607014655e-05,2.584422634024816e-05
36.5,1.0946561299212665,1.3636000582979355,5.9817621645663704e-05,2.5529109996311212e-05
37.0,1.0323972523314753,1.3476011267639447,5.908919425053275e-05,2.4961801606530686e-05
37.5,0.9968830704047686,1.3163417360025276,5.751495325232761e-05,2.4353196305890186e-05
38.0,0.9681027668162017,1.0818712856685682,5.504733733840955e-05,2.3729220866890362e-05
38.5,0.946255697208154,0.8741213749754086,5.356133422154126e-05,2.0823698631029954e-05
39.0,0.9157079657076681,0.7214338037657668,4.963265931587441e-05,1.845309057137998e-05
39.5,0.8791664747695837,0.5823806813585889,4.530849185550948e-05,1.6168866977703525e-05
40.0,0.8196777083456136,0.41869921762934764,3.667390655580661e-05,1.3979294391396194e-05
40.5,0.6785168074521797,0.2011503840654753,2.6841034743104243e-05,1.1707970643045587e-05
41.0,0.34070243728329536,-0.046714486349202305,2.0021430840117797e-05,8.378418742463276e-06
41.5,0.12971582149256347,-0.05023422943563961,1.0503939785277875e-05,4.294387963968368e-06
42.0,-0.004092968342332928,-0.005375858137508512,-6.723535679278885e-07,-3.150259381909257e-07
42.5,-0.1441261810363787,0.03614232516058967,-7.805619214866858e-06,-2.694459968784742e-06
43.0,-0.38467971697253756,0.03215852827266968,-1.4843289852248702e-05,-5.380978721385555e-06
43.5,-0.7969079467746536,-0.27000163297084484,-2.6085502058889374e-05,-8.256516121221015e-06
44.0,-0.942130310672324,-0.5299292266188339,-3.6940152461735425e-05,-1.173652063369795e-05
44.5,-0.6940460247569896,-0.4565773012304963,-4.3014500386046914e-05,-1.5074357007567111e-05
45.0,-0.6436898103463571,-0.48947120286684137,-4.803377046290176e-05,-1.707769867445057e-05
45.5,-0.7191714180589759,-0.6629139781450661,-5.20185847633217e-05,-1.9175678276274785e-05
46.0,-1.021057240664391,-1.1035028168659502,-5.553541341849054e-05,-2.138111491274178e-05
46.5,-1.0503589068803678,-1.359979698640012,-5.966232881426568e-05,-2.4482766362465282e-05
47.0,-1.0029327836600654,-1.288937848543084,-6.157577793461783e-05,-2.6718301968954315e-05
47.5,-0.9763278792366467,-1.2225496909628166,-5.926003142421536e-05,-2.683371509750424e-05
48.0,-0.961630911456398,-1.1913105206772032,-5.7328878986716004e-05,-2.7083037224972533e-05
48.5,-0.9480526286995988,-1.1906216695789473,-5.581898833622319e-05,-2.7423421965877162e-05
49.0,-0.9389813003761232,-1.2181987451639644,-5.530136367667194e-05,-2.6265536945381915e-05
49.5,-0.9336065561424258,-1.2295746488697032,-5.507097309615643e-05,-2.362287215463381e-05
50.0,-0.9241836336383265,-1.0126832374164871,-5.484143131433328e-05,-2.148994606866885e-05
50.5,-0.9097163476303416,-0.8329892970634855,-4.982353275880634e-05,-1.9668841770466494e-05
51.0,-0.8909357175853643,-0.6930954669908092,-4.4482550112323436e-05,-1.8716752527635477e-05
51.5,-0.8641321947426829,-0.5624656684764755,-3.938519618661634e-05,-1.666843213391668e-05
52.0,-0.8082274384534809,-0.40594461583693503,-3.317793666846402e-05,-1.3032635289077996e-05
52.5,-0.6762185675971875,-0.18064075359522594,-2.690316846843937e-05,-9.623081267638338e-06
53.0,-0.3119693521011899,0.09067974168780524,-2.0796324716706325e-05,-7.09823919211646e-06
53.5,-0.06659256441255695,0.10243732447330299,-1.1201027774040653e-05,-4.605398713253722e-06
54.0,0.09886069903055826,0.07144848943790982,-2.071257703264274e-06,-2.52031025984462e-07
54.5,0.1011180864587075,-0.02609627008037041,7.042305363534017e-06,3.7830872274274575e-06
55.0,0.22281802096604097,-0.07447887610646772,1.4005022321447098e-05,5.7744275388882435e-06
55.5,0.5233014118199479,0.1328690380699633,2.0668141867741624e-05,7.789666939825982e-06
56.0,0.8173443418231005,0.3782202669114725,2.924127736392163e-05,1.2644658917836976e-05
56.5,0.8868416810056885,0.5570713140509551,3.6560758899767784e-05,1.6740132400765772e-05
57.0,0.8940852022638165,0.6885935981202794,4.2285592954456293e-05,1.8226028915148455e-05
57.5,0.9006494806721731,0.841148746180173,4.73940491493703e-05,1.975001222510888e-05
58.0,0.9053178022374395,1.0197276204277068,4.945025067351031e-05,2.1223926760898214e-05
58.5,0.9050884367390426,1.222139840311881,5.4217598961750436e-05,2.2915294148483484e-05
59.0,0.9038786475317034,1.201222229839523,5.5889072167747553e-05,2.411213443680996e-05
59.5,0.905022472678167,1.163979157068331,5.424202981432988e-05,2.5230093752657304e-05
60.0,0.9060532459891237,1.151152198287642,5.3970727712953156e-05,2.683361058639686e-05
60.5,0.904626661814374,1.1656182750276798,5.384557827756087e-05,2.583676205673179e-05
61.0,0.9038618002422998,1.1997714070146708,5.379568811695046e-05,2.437869834538341e-05
61.5,0.9059870096597665,1.223584630606365,5.241739046297355e-05,2.3053801423338175e-05
62.0,0.9054857136431718,1.0167429880190408,4.948983021965487e-05,2.1577745671443483e-05
62.5,0.9009443124984666,0.8375638919341652,4.491391535143232e-05,2.0089570074032258e-05
63.0,0.8941841804979144,0.6916018046204115,3.8498150806228084e-05,1.8709893402764715e-05
63.5,0.8892120969408249,0.5599243344035071,3.207654223944144e-05,1.6014272532780783e-05
64.0,0.8173056671312918,0.3779067753415556,2.7640878229604514e-05,1.2981448835377137e-05
64.5,0.5301899740502729,0.13526066651457908,2.283679363500157e-05,1.0022983470045127e-05
65.0,0.22013680672112454,-0.07268649068876211,1.5828173084723093e-05,7.858974747315893e-06
65.5,0.10140948533953177,-0.025837440634155256,8.895599626819167e-06,4.334698198651568e-06
66.0,0.10043459710831458,0.06900824597190258,7.215659470697144e-07,-3.9946356585834e-07
66.5,-0.06551294917563746,0.1018386705026144,-1.041227268970837e-05,-4.031316130646567e-06
67.0,-0.31242392211262143,0.09179354047668124,-1.832421996229723e-05,-6.34699905628141e-06
67.5,-0.6725668969011455,-0.1764622667032335,-2.63288404993287e-05,-9.068669173299518e-06
68.0,-0.8110361358347087,-0.40804812251792927,-3.0223847900024743e-05,-1.211260103854141e-05
68.5,-0.8645052464864742,-0.5553778534499896,-3.356533445071897e-05,-1.5534257325531123e-05
69.0,-0.891274610451196,-0.6872659958193271,-4.0041985385169516e-05,-1.877665443221428e-05
69.5,-0.9100524330987477,-0.840284493857763,-4.682320930827825e-05,-2.010284247074504e-05
70.0,-0.9231680447809071,-1.0227583912289504,-5.021284184028411e-05,-2.157633937228511e-05
70.5,-0.9329343116641071,-1.2278116951770617,-5.381837303438684e-05,-2.2996629155329717e-05
71.0,-0.9396816727089046,-1.2195315878689261,-5.7141440109119844e-05,-2.3769581114801043e-05
71.5,-0.9515587361909609,-1.1916491725290377,-5.6639734626614583e-05,-2.4403791388192117e-05
72.0,-0.9616790347073012,-1.1913633381323074,-5.665517256322606e-05,-2.5796030559359064e-05
72.5,-0.9729429556392821,-1.2181070323630823,-5.7114732357275066e-05,-2.5174321296890823e-05
73.0,-1.0058740993433561,-1.288875831638643,-5.788460905732282e-05,-2.4355610540277806e-05
73.5,-1.0534787519737956,-1.356863989929193,-5.5965973510407226e-05,-2.366653546327128e-05
74.0,-1.0268722763018165,-1.0963046382436454,-5.277752786006688e-05,-2.2216592408173652e-05
74.5,-0.7158912037846691,-0.6594160193865225,-5.155488529418583e-05,-2.0492509155042068e-05
75.0,-0.6490430802954067,-0.5001643119847559,-4.7557128246002595e-05,-1.887874400035135e-05
75.5,-0.7050317671964453,-0.45793717393024663,-4.226356407917238e-05,-1.6094046179108855e-05
76.0,-0.9472147889313969,-0.5391414857689303,-3.777491117072947e-05,-1.301093340196382e-05
76.5,-0.8031583623435365,-0.2757948288404766,-2.6928119949731673e-05,-1.0005021834020442e-05
77.0,-0.38952683907098273,0.02585763707793636,-1.8207767480195983e-05,-7.717172633173292e-06
77.5,-0.14274678664035065,0.031418630599243685,-9.617255501099471e-06,-4.078576996238544e-06
78.0,-0.00905323044905157,-0.009625125683281888,4.63883781373876e-06,1.0161602055104687e-06
78.5,0.12744611017507226,-0.05389315763754709,1.6053961369077015e-05,5.028912627004662e-06
79.0,0.34637831056468277,-0.060732381978729814,2.1426867624221482e-05,7.585750824772182e-06
79.5,0.6767508433434868,0.1958786779396828,2.9749164390773288e-05,1.0618129235864698e-05
80.0,0.8204989354298909,0.4167168743544499,3.9702118185849135e-05,1.3910662468173865e-05
80.5,0.8774204905952863,0.5797478690930727,4.299578802363968e-05,1.627237215396717e-05
81.0,0.9120857637718915,0.7129643133872352,4.606561011096134e-05,1.870319407833488e-05
81.5,0.9411250720228233,0.8691588241639545,5.149760956503933e-05,2.11021605790736e-05
82.0,0.9661269544870333,1.0720736313694823,5.577077109216877e-05,2.355424144706686e-05
82.5,0.9895660681829624,1.3087824359958926,5.7043409269371854e-05,2.4127984372442162e-05
83.0,1.025730201675994,1.3400425221055845,5.847512689692257e-05,2.4699988110224944e-05
83.5,1.0923201643908333,1.359023625680631,5.9278960574337016e-05,2.6276908203915644e-05
84.0,1.061570563301822,1.2635972372722233,5.878607436321112e-05,2.683014620210776e-05
84.5,0.7539244904913573,0.9288951751122644,5.790737577997526e-05,2.571445026685717e-05
85.0,0.6781584757439452,0.9049671427225723,5.7232956510769045e-05,2.4784877404580738e-05
85.5,0.7564877752750389,1.004964183913451,5.682526912885905e-05,2.362938781721313e-05
86.0,1.0496549427301203,1.1275967219205547,5.6573209425940506e-05,2.093576432143832e-05
86.5,1.064192445457734,1.0180444676476998,5.1380204894693076e-05,1.9475256560062436e-05
87.0,0.9882168730843526,0.8029693518146878,4.6354818016326656e-05,1.8448571012663175e-05
87.5,0.9211740683735108,0.6230301263281236,4.1572507356027234e-05,1.5538860397405594e-05
88.0,0.8379617383676857,0.433747214967177,3.463173415923866e-05,1.1714620776493703e-05
88.5,0.694371107985728,0.2088105929867509,2.7442144014649485e-05,9.47540488420989e-06
89.0,0.3484602286331576,-0.04718203568614348,2.042384248443016e-05,7.376795818880411e-06
89.5,0.12716075507400892,-0.044222338065825435,1.0076897098276434e-05,4.022873293544702e-06
90.0,0.0034383543567637104,4.0615972334043395e-06,4.232874994758541e-07,-5.645448820458653e-07
90.5,-0.127604671187871,0.04718177689983552,-9.222454768575991e-06,-4.1096389647513384e-06
91.0,-0.3390518762407484,0.05351452371776263,-1.6676276844666404e-05,-6.39081130863637e-06
91.5,-0.685866367708183,-0.2052364755393558,-2.384974412902143e-05,-9.397086567754428e-06
92.0,-0.8423146651170921,-0.44070425529341706,-3.316373190193089e-05,-1.3142457845027943e-05
92.5,-0.9188781912095415,-0.6216651230582597,-4.141942346184315e-05,-1.6040782514712664e-05
93.0,-0.9828462385392296,-0.7791682361283242,-4.7311848865453035e-05,-1.777757306242011e-05
93.5,-1.0655450837551592,-1.0022721173937506,-5.34484783818042e-05,-2.062507198711934e-05
94.0,-1.0493385314209447,-1.1235084661358599,-5.4715950808467773e-05,-2.3296094230498257e-05
94.5,-0.7433170241496809,-1.0073664159267348,-5.6475977409927195e-05,-2.4188841076716316e-05
95.0,-0.6768077264584188,-0.8883506832763756,-5.8363684089903035e-05,-2.4347903627766515e-05
95.5,-0.746828705856824,-0.9362417920461108,-5.795636133792255e-05,-2.4603514297814766e-05
96.0,-1.0677607012917865,-1.2684459382532691,-5.807104144721221e-05,-2.4865017044065656e-05
96.5,-1.094484378053829,-1.3631123681697945,-5.763374205829708e-05,-2.4810483251131987e-05
97.0,-1.032200921097246,-1.3466015475728317,-5.708070222225609e-05,-2.4739828513295955e-05
97.5,-0.996661570944532,-1.3073779530931071,-5.5921375719692915e-05,-2.3608798452166602e-05
98.0,-0.9686704522128626,-1.0709373195489345,-5.286367768479628e-05,-2.169837788874615e-05
98.5,-0.9436172600710866,-0.8693462388055846,-5.064391793608933e-05,-2.1523599652546582e-05
99.0,-0.9146059532288098,-0.711432366080697,-4.708045886420328e-05,-1.971900235424136e-05
99.5,-0.8847164524713442,-0.575087530474689,-4.2891559937245347e-05,-1.7198644622803796e-05
100.0,-0.8154649544312325,-0.42269152826752276,-3.903354508457361e-05,-1.458824321204198e-05
100.5,-0.6840014229808404,-0.20622461929531882,-2.8344229376541115e-05,-1.0625303188286427e-05
101.0,-0.34907523427644777,0.04568397713053589,-1.9490570140938406e-05,-7.341717209163224e-06
101.5,-0.12951860899510653,0.048206704974167305,-1.07787645905408e-05,-4.103476737497824e-06
102.0,0.0017262283823425463,0.007727119538722083,-2.2021987246744456e-06,1.218978206873726e-06
102.5,0.1398748973024077,-0.0388852074585867,5.922787226056571e-06,5.174458994429065e-06
103.0,0.386598802958138,-0.030164494801113616,1.5003670523125029e-05,7.068712225751953e-06
103.5,0.8114965832593859,0.2654776591396574,2.4484872178410028e-05,9.80828018889992e-06
104.0,0.9427114854400632,0.5307109596393053,3.1287913031687826e-05,1.284206809029219e-05
104.5,0.6948471754479829,0.45648897071837663,3.717907963781961e-05,1.6243926050506396e-05
105.0,0.6442715485451043,0.48550427683791836,4.688235980303402e-05,1.9495826529829383e-05
105.5,0.7193146055315612,0.6699989673149699,5.1875666562014454e-05,2.0898600810134058e-05
106.0,1.0210859065293656,1.0935260180410535,5.3843797712953527e-05,2.2167979276998027e-05
106.5,1.0503914722383276,1.3564399969073595,5.592524986791326e-05,2.33253443296293e-05
107.0,1.00304318342591,1.2884603101452046,5.725106782761419e-05,2.3880818704096787e-05
107.5,0.9764734013185322,1.2212959599133602,5.720181154872788e-05,2.453015034652847e-05
108.0,0.9616617579800129,1.189481093697539,5.729931175670917e-05,2.486384970787939e-05
108.5,0.9476885146916507,1.1908428341355048,5.7021244871705786e-05,2.534888470262893e-05
109.0,0.9384500258968886,1.2191263129759358,5.6553390228090854e-05,2.4863100314899415e-05
109.5,0.932543501363106,1.2257216067522942,5.5159032855590676e-05,2.412226191158088e-05
110.0,0.9231918913929339,1.016911691324908,5.2486422740155956e-05,2.338247831870474e-05
110.5,0.9099970827198246,0.8379930562869583,4.8428253116140316e-05,2.0839051196702092e-05
111.0,0.8918396882752195,0.6884205837326401,4.2022345210761505e-05,1.8420051727895604e-05
111.5,0.863337578108188,0.560347862980587,3.578886497136927e-05,1.6097497983131038e-05
112.0,0.8101317523294487,0.4021666797780012,3.1278092521829934e-05,1.1565063731721464e-05
112.5,0.670366266980019,0.17715413548171077,2.660782708275436e-05,7.4735383898999e-06
113.0,0.3060669178093935,-0.08702596691381123,2.0555255435669465e-05,5.912069823888484e-06
113.5,0.06859953168369873,-0.10441124736751106,1.170116491017286e-05,4.379435304078665e-06
114.0,-0.09803707867506996,-0.06883476451341508,-3.5755849960367116e-07,2.697931940073904e-07
114.5,-0.09971135523837169,0.029309336471353673,-9.968477568544928e-06,-4.074812265153008e-06
115.0,-0.22628852143678632,0.06947987668557046,-1.6125911748294795e-05,-6.233258240543164e-06
115.5,-0.5271622753109471,-0.13111185237365666,-2.309681841461072e-05,-8.980884923593738e-06
116.0,-0.8184436860945199,-0.37645919703829755,-2.986643007235548e-05,-1.2296535735932564e-05
116.5,-0.8867782526023246,-0.5589077565295391,-3.5470922888162685e-05,-1.5954381598910114e-05
117.0,-0.8941005327428195,-0.6888923745957133,-3.9872267287153254e-05,-1.935937502449711e-05
117.5,-0.9008279122373528,-0.8366992883828931,-4.422970399504508e-05,-2.0791326446455782e-05
118.0,-0.9056862576097056,-1.0227572568128718,-4.6751704163920505e-05,-2.210044107514804e-05
118.5,-0.9049573249575306,-1.2247605725713795,-5.0058634583568704e-05,-2.3511912691898647e-05
119.0,-0.9030250350515755,-1.2043153855388598,-5.232492028556643e-05,-2.3881912972077638e-05
119.5,-0.9049790361802459,-1.1657600896277152,-5.396206882392359e-05,-2.424740102265768e-05
120.0,-0.9065801264769092,-1.1499134978061798,-5.637760767534989e-05,-2.5219517007724278e-05
120.5,-0.9043458769383332,-1.163968014920516,-5.4174720342427986e-05,-2.486480928389941e-05
121.0,-0.9034133178327055,-1.201194398993994,-5.0064750229673734e-05,-2.4424597944013864e-05
121.5,-0.9059888751238843,-1.2281950693614148,-4.878725205074885e-05,-2.4116164020984705e-05
122.0,-0.9056073192731111,-1.0166925514586918,-4.747154927600766e-05,-2.3776557781468217e-05
122.5,-0.9009806562060643,-0.8387284248359893,-4.5751496371785264e-05,-2.072771243985179e-05
123.0,-0.8942225837940776,-0.6905829175152238,-4.100933461267546e-05,-1.821304427452104e-05
123.5,-0.8887392561310079,-0.5586229543698702,-3.652255320538164e-05,-1.658433497334127e-05
124.0,-0.8166446961818099,-0.37733225996820335,-2.9956106534452358e-05,-1.3418159753937114e-05
124.5,-0.5248611178443154,-0.13301381386686872,-2.3066056903448034e-05,-9.787077256656423e-06
125.0,-0.22592311850504324,0.07273218273576511,-1.2673817622057026e-05,-6.801397362508516e-06
125.5,-0.10037369479105102,0.025874006560597265,-3.2739161460848177e-06,-4.197271914498849e-06
126.0,-0.10057618734078337,-0.06959009580195144,4.932409100534935e-06,-1.1940710593202414e-07
126.5,0.06938153837611782,-0.10317531135966068,1.093853135165052e-05,3.968268045616163e-06
127.0,0.31352199404862324,-0.09115521585996708,1.6275222993108295e-05,6.456248822512904e-06
127.5,0.6812754607256855,0.1790428746595513,2.2330996061737158e-05,8.692070778501042e-06
128.0,0.8091127214945345,0.4086253340494945,3.1914066100975564e-05,1.3110223974889387e-05
128.5,0.8649267513785424,0.5564705229450272,3.905594106456545e-05,1.6819986662604696e-05
129.0,0.8918292857066126,0.6954175817671029,4.3733984478785686e-05,1.8211027802239246e-05
129.5,0.9091486014159407,0.8363790940329991,4.7182279237756375e-05,1.963056246310826e-05
130.0,0.9236382358791673,1.0208863911789146,5.107442312086641e-05,2.1147958233590877e-05
130.5,0.9337810885128499,1.2299415494401793,5.425757854370416e-05,2.292663439721127e-05
131.0,0.9400144621032449,1.221227547271377,5.585678712779693e-05,2.4190900340734083e-05
131.5,0.9517511521204123,1.190106764817972,5.7159881539563094e-05,2.5367967383720523e-05
132.0,0.9617801563898932,1.189201313498096,5.715964967833827e-05,2.694597602576371e-05
132.5,0.9728703816731262,1.2203615641545036,5.729642927014051e-05,2.6349352990294338e-05
133.0,1.0056453277617439,1.2873484366456172,5.6089498840581985e-05,2.5139680558288297e-05
133.5,1.0532437832168706,1.3550285778568476,5.478809135570946e-05,2.388058680952573e-05
134.0,1.0266607971800539,1.100649053472937,5.246057948920524e-05,2.155561757486489e-05
134.5,0.7158516422801144,0.6585203751527359,5.0131151230772024e-05,1.951333232202408e-05
135.0,0.6495787181894807,0.5095133757341955,4.484287264403001e-05,1.7912183934736342e-05
135.5,0.7057961774014571,0.4559401600854027,3.76299867576022e-05,1.6369069332833778e-05
136.0,0.9472874871112431,0.5380834623554958,3.200696765140522e-05,1.2364996163470657e-05
136.5,0.8065758209594083,0.26947384824177106,2.5699945090337884e-05,7.616332993833655e-06
137.0,0.39444341159802737,-0.026082296651345302,1.6554077428595346e-05,5.222194866955151e-06
137.5,0.13438334869028742,-0.03581773018796239,7.898480786196599e-06,2.3159616116796246e-06
138.0,0.0046185370150481075,0.011719943566963324,-3.0857448761807845e-07,-2.0597680521613724e-06
138.5,-0.12216997828254869,0.05433961410216072,-9.162682263918834e-06,-4.878868307610268e-06
139.0,-0.3428960125615246,0.06364605466918277,-1.721804053763077e-05,-7.109753512765163e-06
139.5,-0.6820111961348982,-0.20264315119680623,-2.512819947198407e-05,-1.0463865870393922e-05
140.0,-0.8191426396640786,-0.41814427172546437,-3.626982253981836e-05,-1.4430588413608222e-05
140.5,-0.8746445996584133,-0.577868662481209,-4.3998393588600115e-05,-1.598658290760116e-05
141.0,-0.9128188220839477,-0.7121669885800805,-4.784415248311426e-05,-1.7462266324270908e-05
141.5,-0.943857782071599,-0.8612830050410151,-5.139973230557314e-05,-2.010285580296262e-05
142.0,-0.9660488669171541,-1.0735393824864525,-5.4666768050418974e-05,-2.276506118685739e-05
142.5,-0.9899726778690456,-1.3101335561215461,-5.908083471291497e-05,-2.4061572203415034e-05
143.0,-1.0260833651485277,-1.3316234996621337,-6.15287754625001e-05,-2.4927718582039846e-05
143.5,-1.0926117790610068,-1.362758786307417,-6.022372624923211e-05,-2.5702785485662857e-05
144.0,-1.0617062807579285,-1.262016363600618,-5.9718161504960515e-05,-2.615439370678443e-05
144.5,-0.7538758017019717,-0.9251740157088382,-5.9016869804678335e-05,-2.6401921745066335e-05
145.0,-0.678065027285176,-0.8998326632511807,-5.758215442887748e-05,-2.5847516732975776e-05
145.5,-0.7564700743713126,-0.9989409688649937,-5.6436012666625384e-05,-2.4096918055472966e-05
146.0,-1.0496857463356108,-1.1327136609803967,-5.54857431217094e-05,-2.209004820105919e-05
146.5,-1.0642323399123128,-1.0251117967943792,-5.082937364554141e-05,-1.9710493963167874e-05
147.0,-0.9872782474234073,-0.7988409930066792,-4.616678408892635e-05,-1.643871869925043e-05
147.5,-0.9263100665195394,-0.6210578919799316,-4.1758368371369746e-05,-1.3578981596152915e-05
148.0,-0.8425456663680977,-0.4443948872143124,-3.486929921819809e-05,-1.1438304675344168e-05
148.5,-0.6931831356542177,-0.20276046461665986,-2.7673948229147157e-05,-9.345547796936011e-06
149.0,-0.3521199299699962,0.05108918079903295,-2.0650058120212758e-05,-7.095002702387412e-06
149.5,-0.12487238336117837,0.04770766332636868,-1.0325454023550323e-05,-4.875555488540494e-06
150.0,0.0023875438040492705,-0.0014117920575561181,-8.147961003787983e-07,-1.574130045578756e-06
150.5,0.12032723186144018,-0.048778466299840416,8.684891392403386e-06,3.11470682092157e-06
151.0,0.3337194323028402,-0.06163217882522759,1.5130401154196242e-05,6.48693918279999e-06
151.5,0.6958032317730705,0.20092810192601102,2.553135901991871e-05,9.74636931250872e-06
152.0,0.8390335882309424,0.4414078813560525,3.613729064337779e-05,1.2998688747718168e-05
152.5,0.9153704759765442,0.6236766626285682,4.1662292822403486e-05,1.5077900834176475e-05
153.0,0.9807142488533653,0.789435843510472,4.508209819593549e-05,1.655682507487437e-05
153.5,1.0653557902752815,1.0098817026017484,4.898631733825009e-05,1.926646053713538e-05
154.0,1.0492629698826281,1.117170052365577,5.3189793077482845e-05,2.1975250399940158e-05
154.5,0.7433048478646368,1.0050135929667536,5.70820255926959e-05,2.3219084242709524e-05
155.0,0.6768097306760187,0.9011367762623289,5.890348470926333e-05,2.401224677024053e-05
155.5,0.7468331555204891,0.9352846777764074,6.138739070542728e-05,2.493168660711785e-05
156.0,1.067767439837967,1.2652453857959451,6.1790172235179e-05,2.659642373114737e-05
156.5,1.0944816980261107,1.3630473267126317,6.033297744203646e-05,2.735839584726361e-05
157.0,1.0321560394552467,1.3465644861160018,5.980120831026924e-05,2.536715303623334e-05
157.5,0.9965479498689569,1.312397098843523,5.815120814619021e-05,2.3592027061496443e-05
158.0,0.9685853164908635,1.08137737450186,5.600137226522243e-05,2.219543360641986e-05
158.5,0.9434577572012605,0.8679470114067487,5.4395277042373766e-05,2.079110920357086e-05
159.0,0.9141069126684532,0.7159444939512809,4.90642730241969e-05,1.887202059504749e-05
159.5,0.8806796983662175,0.578420269483854,4.053933846814567e-05,1.6826515534818087e-05
160.0,0.8177407748147864,0.43052685245501354,3.378257595841961e-05,1.4645578571519974e-05
160.5,0.6976049021451722,0.19564050117893286,2.7160011250277386e-05,1.0567079193708842e-05
161.0,0.3455630939586911,-0.04634816720629572,1.9998901687252866e-05,7.259555283143276e-06
161.5,0.12660207842450327,-0.04992440783723737,1.2942738548476511e-05,3.9941346558561365e-06
162.0,-0.003027735858447081,-0.00480575274344055,4.327724025822668e-06,8.593711719469103e-07
162.5,-0.1417012856444935,0.03668638061010226,-7.845504470421573e-06,-2.271052474146067e-06
163.0,-0.3857353755103651,0.0199425757349554,-1.6874211583462134e-05,-5.413961213566782e-06
163.5,-0.7998885907365995,-0.2664883507648508,-2.5996484872547284e-05,-9.257333488352943e-06
164.0,-0.9417275262195239,-0.5308807274344397,-3.300654027830949e-05,-1.2368427425878666e-05
164.5,-0.6937686077503405,-0.45326084714438764,-3.986872693964592e-05,-1.5542151620563494e-05
165.0,-0.643557441325918,-0.5014280533053063,-4.582955529108172e-05,-1.713524648451553e-05
165.5,-0.7190750289914252,-0.6591604519898948,-4.835794077156842e-05,-1.850581171475676e-05
166.0,-1.0209518901085768,-1.0869003647803555,-5.1788593498161674e-05,-2.0720247863615197e-05
166.5,-1.0503155734438587,-1.354811859570055,-5.516072567405209e-05,-2.3497286665109197e-05
167.0,-1.003006598493419,-1.2882295822615806,-5.537232340418909e-05,-2.5028611346298117e-05
167.5,-0.9764580960733835,-1.2213497265492765,-5.5934145209951556e-05,-2.5448528735335846e-05
168.0,-0.9616821124542334,-1.1874584047165069,-5.587663045366886e-05,-2.553831539737432e-05
168.5,-0.947767950963806,-1.1908159814905594,-5.624635601289364e-05,-2.522549619598281e-05
169.0,-0.9378890179892393,-1.2182316588796906,-5.698347391826187e-05,-2.4738596467541363e-05
169.5,-0.9311695099934393,-1.225123114405426,-5.7118164961335096e-05,-2.408205081747278e-05
170.0,-0.9228151864839979,-1.02320825743611,-5.418880728340105e-05,-2.207540412574476e-05
170.5,-0.9098822584895216,-0.8354182940821545,-4.83343073963849e-05,-1.945311172634516e-05
171.0,-0.8917308197048568,-0.6955485589721409,-4.187653857630257e-05,-1.7453741753281752e-05
171.5,-0.8662151231270512,-0.557169273225339,-3.469020571985255e-05,-1.531555537410288e-05
172.0,-0.8073889832284913,-0.40477780421335935,-2.98039574088542e-05,-1.3102764760580757e-05
172.5,-0.6688632577095723,-0.17852386024308783,-2.598648904160256e-05,-1.0702888968946326e-05
173.0,-0.31890639165989715,0.08696061299125005,-1.745444793055089e-05,-6.373238393609482e-06
173.5,-0.07047152206226531,0.10453307309722994,-9.626983391814605e-06,-2.438934436695783e-06
174.0,0.09957175399986647,0.07188930567010447,-2.4405367330795007e-06,1.088548332750175e-06
174.5,0.10317761513529654,-0.02561106470549633,5.962190069090508e-06,3.6144685846180688e-06
175.0,0.22305902975961653,-0.07065522030170385,1.3250942432227025e-05,5.920667773515114e-06
175.5,0.5265648647907651,0.13218136634941938,1.9842198913384605e-05,8.511111731238255e-06
176.0,0.8107297392213283,0.37741560020748466,2.9614098805139493e-05,1.2420318303512411e-05
176.5,0.8857249311604952,0.5522149697773218,3.661856350364642e-05,1.556032262549648e-05
177.0,0.8955435884291667,0.6883847194115867,4.13828808283716e-05,1.7731539668758354e-05
177.5,0.9018597906233844,0.8495282237917241,4.4915733748667565e-05,1.9561218161695216e-05
178.0,0.9034363022667703,1.0180193602528955,4.896499200191162e-05,2.1716301141934753e-05
178.5,0.90361669978466,1.222842892730682,5.241133515929967e-05,2.3492058300577597e-05
179.0,0.9053222564602762,1.2041278000808924,5.42731362833279e-05,2.4426778288137757e-05
179.5,0.9044928789384529,1.163334246532561,5.581239610568649e-05,2.519105557924492e-05
180.0,0.9033002015096534,1.149452736112437,5.427606263986607e-05,2.504395399003036e-05
180.5,0.9047120006035129,1.1639674064994423,5.295151194264093e-05,2.5298991097046735e-05
181.0,0.9053569638629518,1.2000191444606463,5.1648159361481237e-05,2.41923257241698e-05
181.5,0.903010304940928,1.2239782467911833,5.0232671339564645e-05,2.2272047666233685e-05
182.0,0.9030103643579699,1.0169138628637666,4.815463623911229e-05,2.0971193682676715e-05
182.5,0.9018001003682352,0.8372144789074036,4.50481098266958e-05,1.961818679163807e-05
183.0,0.89531384299553,0.6911588541531839,4.218990471398223e-05,1.8079622034585997e-05
183.5,0.8855781898195344,0.5594283157722907,3.5263235603320075e-05,1.5964066619599213e-05
184.0,0.8154044379013975,0.3778652825307838,2.81091135533695e-05,1.2341438467371581e-05
184.5,0.5313605161317859,0.13315895079057216,2.1145441414115507e-05,8.528910188588226e-06
185.0,0.22578294224134932,-0.07265703689510954,1.109502829439286e-05,5.5510262442418396e-06
185.5,0.10216547659444651,-0.02553451020366234,3.027864896065115e-06,2.347404741978063e-06
186.0,0.10053104914709504,0.07032860203923173,-3.0748027780164167e-06,-1.1046388681050172e-06
186.5,-0.06633788507191175,0.10666704284957577,-9.160462270285638e-06,-3.7797187716009936e-06
187.0,-0.3173479386619695,0.09960131887613981,-1.5712198090583793e-05,-6.00699530650553e-06
187.5,-0.671991716150822,-0.17907882878127235,-2.5696749999231224e-05,-8.62689476662618e-06
188.0,-0.8123464894483267,-0.4033415942726442,-3.548415682493829e-05,-1.214090505983074e-05
188.5,-0.8627562565470284,-0.5666785465800687,-4.0650106398171014e-05,-1.5720113998198087e-05
189.0,-0.8904403829173888,-0.6867300722366712,-4.412601527362149e-05,-1.8352341768628253e-05
189.5,-0.9110900988052824,-0.8374306697259613,-4.8130590142757255e-05,-2.012236460704566e-05
190.0,-0.9226538171423287,-1.0212581907323874,-5.175591584795579e-05,-2.225368270014235e-05
190.5,-0.9323602277751156,-1.2304045004689455,-5.358969995026861e-05,-2.4130086456019316e-05
191.0,-0.9396583559634694,-1.2215302878043364,-5.584482004157977e-05,-2.450946532335235e-05
191.5,-0.9515943804257468,-1.189875684174947,-5.848075630897848e-05,-2.526102963997899e-05
192.0,-0.9617019021501017,-1.1864417851053626,-6.186325503487413e-05,-2.6298134700516303e-05
192.5,-0.9728252039263927,-1.218131753816971,-6.0715594854930976e-05,-2.577190883855744e-05
193.0,-1.0056181442446392,-1.2876465611945709,-5.7737051932814216e-05,-2.525885674829926e-05
193.5,-1.053255415679504,-1.3544116081947162,-5.5063279005276806e-05,-2.4105853571891303e-05
194.0,-1.0261394999270916,-1.091853409271561,-5.1182590983721215e-05,-2.1550652791698533e-05
194.5,-0.7145438227587185,-0.6590340866925831,-4.7088349303462986e-05,-1.872359750370957e-05
195.0,-0.6493570266185862,-0.5097995657324933,-4.403715269274593e-05,-1.6472803989754788e-05
195.5,-0.7043900360312847,-0.45730810358829543,-3.822995822362922e-05,-1.4074122542528938e-05
196.0,-0.9461488636627565,-0.5392782869044299,-3.2635100364072496e-05,-1.1051043259906225e-05
196.5,-0.8117219560440208,-0.2771053794896492,-2.740417427834344e-05,-8.393968879997532e-06
197.0,-0.3833282513753137,0.02527035876500251,-2.1338966867803764e-05,-6.909817223806847e-06
197.5,-0.14452771704518097,0.03143215967675202,-9.510116636064273e-06,-4.963327587109541e-06
198.0,-0.008687647443483881,-0.005541938885695407,2.194213316126847e-07,-1.5910679478932231e-06
198.5,0.12159906184359989,-0.05669105456576843,5.3765729203737714e-06,2.409237120198273e-06
199.0,0.3415384334680149,-0.05802350649328374,1.125389433772105e-05,6.42577822354333e-06
199.5,0.6835824101385046,0.202828698353471,2.345277068087797e-05,1.0262506716213721e-05
200.0,0.8186996887935769,0.4260216733056258,3.4260815726161085e-05,1.4048563515693157e-05
200.5,0.8794863243580847,0.5739060636547539,4.214094917634504e-05,1.577161107312741e-05
201.0,0.9113508400939752,0.7155246376549826,4.588118680479861e-05,1.7437926018763202e-05
201.5,0.9407070586697843,0.8711056227156674,4.985531792150549e-05,2.020550233497132e-05
202.0,0.9656712230800116,1.0774025248851304,5.3675781680102025e-05,2.30046432647017e-05
202.5,0.9894123106928733,1.3121572466334517,5.7624450295777536e-05,2.443588562740977e-05
203.0,1.0257639927939932,1.3374578568302675,6.096829052888934e-05,2.536431142615825e-05
203.5,1.0923660900888958,1.3606667074748926,6.117407255263666e-05,2.6094486154180394e-05
204.0,1.061569405092321,1.2625993014063503,6.0827208444989885e-05,2.6615178679032946e-05
204.5,0.7538914461757638,0.9237059669048266,6.0782164735791775e-05,2.7012876003499013e-05
205.0,0.6781195083479279,0.8892976460741235,6.048707247344663e-05,2.6150522464971076e-05
205.5,0.7564490121863983,0.9998189888230342,5.7409167886396224e-05,2.498726467667266e-05
206.0,1.049609456472887,1.141572309650362,5.295746356430888e-05,2.2588158099389938e-05
206.5,1.0641359475305492,1.0211712533092878,4.885537121456303e-05,1.9610318398983344e-05
207.0,0.9879701610476375,0.7986725308135456,4.520070927481135e-05,1.7013803280441233e-05
207.5,0.9205808259917011,0.6237373836359345,3.889670274424601e-05,1.4349564237480109e-05
208.0,0.8436371990390366,0.4354589212586628,3.140827817599557e-05,1.1312551852870742e-05
208.5,0.6932255684063634,0.22123683070112188,2.6377668617822043e-05,8.655767369717253e-06
209.0,0.3406667371896185,-0.04413238186723244,2.1624632535417854e-05,7.214595573718727e-06
209.5,0.12474451644246555,-0.0462003723644882,1.2710852164570129e-05,5.267456924074134e-06
210.0,0.00220785384328024,0.0007929948612647574,1.4070056115181626e-07,1.8526858833803362e-06
210.5,-0.12770228604742984,0.050594003177624094,-9.570319715118744e-06,-2.208140915924044e-06
211.0,-0.3345334380149406,0.05517022169747193,-1.6177533053606305e-05,-6.2849083136407285e-06
211.5,-0.6911499803461925,-0.19556192610595652,-2.379382519583539e-05,-1.0133131721099393e-05
212.0,-0.8351129548070413,-0.4432137184317854,-3.248124409857077e-05,-1.3908096525265809e-05
212.5,-0.9180843049745346,-0.6139415261410994,-4.1350089479227795e-05,-1.5595236075383318e-05
213.0,-0.9810576165611593,-0.782282898155191,-4.44787454635697e-05,-1.7223026912493516e-05
213.5,-1.065527040657919,-1.0113521908208223,-4.8373029586026086e-05,-1.9728022781277473e-05
214.0,-1.0493543651682606,-1.144974622697921,-5.257837556851491e-05,-2.236623525430167e-05
214.5,-0.743368815167931,-0.9996517304762729,-5.66496167836485e-05,-2.39169745193048e-05
215.0,-0.6768822928528344,-0.8940073693108771,-5.7374905065806775e-05,-2.4955105752777928e-05
215.5,-0.7469126245228771,-0.9293306290374003,-5.849158275296993e-05,-2.5718262963372845e-05
216.0,-1.0678721685891541,-1.2677259796230633,-5.8899975291919185e-05,-2.5693658954634703e-05
216.5,-1.0946473827666665,-1.3633486776372696,-5.980793844146189e-05,-2.5071133530025427e-05
217.0,-1.0323991705988422,-1.3475686233974933,-5.805510576987621e-05,-2.4778060173895146e-05
217.5,-0.9968892613005782,-1.316087809434245,-5.6731276631274985e-05,-2.4715045294393093e-05
218.0,-0.9679585257049486,-1.081822083809597,-5.445456968552064e-05,-2.458772228524369e-05
218.5,-0.9447038462562903,-0.8764821498649079,-5.2412618124363745e-05,-2.1207392603861597e-05
219.0,-0.9168160091889606,-0.7205796728605249,-4.8406109741215725e-05,-1.8599265975347232e-05
219.5,-0.8807843775543087,-0.5813541370195219,-4.384184261435942e-05,-1.5605131745864845e-05
220.0,-0.8180341056768918,-0.4186062040239062,-3.866792517584711e-05,-1.2395244367282427e-05
220.5,-0.6788619244213524,-0.20118973904339987,-2.931643092132885e-05,-1.0087929761687672e-05
221.0,-0.34580948160551844,0.04651633192611275,-2.2216329560655308e-05,-7.707737097685293e-06
221.5,-0.13225389265557497,0.049946636860568674,-1.1832377694551678e-05,-4.0641589590793186e-06
222.0,0.0015200037298907648,0.005021577274232893,-2.2883717353757062e-07,3.304689419086863e-07
222.5,0.14527960780627444,-0.03655386567122465,7.633031121783583e-06,2.4645438818351704e-06
223.0,0.38480204931531325,-0.03264261366924473,1.5156636587641923e-05,4.611117676697492e-06
223.5,0.7969955089705503,0.269351259797059,2.428980571163641e-05,8.18533515003451e-06
224.0,0.942125670972519,0.5288058202440816,3.544484790399641e-05,1.2224751349015026e-05
224.5,0.6939692561370618,0.45360577804744245,4.276299863358886e-05,1.4773256169774431e-05
225.0,0.6436347127476929,0.48664812205057406,4.581301575152085e-05,1.6540120455942073e-05
225.5,0.7191706925607722,0.6699485331982078,4.91304038690254e-05,1.839182753904333e-05
226.0,1.0210766894327792,1.0937919476008746,5.209560754582145e-05,2.1782048025414445e-05
226.5,1.0503729063398626,1.3579901742790863,5.527755178057856e-05,2.445683020945735e-05
227.0,1.0029312234373835,1.292114608050026,5.8781671307319214e-05,2.4524682577603025e-05
227.5,0.9763185851377909,1.2224219708609168,6.0043669384340716e-05,2.4836603233921755e-05
228.0,0.9616194755291227,1.1891126667730645,5.9557575824774594e-05,2.5484133792307256e-05
228.5,0.9480428521965345,1.1907757326289188,5.936655481841676e-05,2.6388845053417886e-05
229.0,0.9389740192889979,1.2180643776132818,5.729591923349925e-05,2.6280865875180467e-05
229.5,0.9336013817111725,1.2247931317501246,5.510594973874533e-05,2.4663723568897775e-05
230.0,0.9241802813195275,1.0237641909965318,5.3380964038824e-05,2.2568913674195324e-05
230.5,0.9097143087071147,0.8404451290018076,4.8943562662697205e-05,1.98602182806413e-05
231.0,0.8909343005315029,0.6933521681365316,4.5032939181786796e-05,1.6506386993741544e-05
231.5,0.8641309783792841,0.5606305538603775,4.0764319998429276e-05,1.3729261682962026e-05
232.0,0.808225907456271,0.4085899444622927,3.290744697418967e-05,1.1585881066147391e-05
232.5,0.6762162142763779,0.1824257507530011,2.552968102978076e-05,9.535119038499463e-06
233.0,0.31196546844509365,-0.08908217660692451,1.7785095132698716e-05,7.593996535706321e-06
233.5,0.06658613358762172,-0.10193241160840864,9.947413094958785e-06,4.3443915605793885e-06
234.0,-0.09887015653894629,-0.07201209582781917,1.8027527636742033e-06,-7.013024546739352e-08
234.5,-0.10112914349249424,0.025492375100213596,-5.925426986966992e-06,-3.481751518444744e-06
235.0,-0.22283377835774815,0.0742030143537594,-1.531775484536429e-05,-5.789346597617494e-06
235.5,-0.5233251284301863,-0.13297047813174145,-2.504990929844664e-05,-8.12663901525147e-06
236.0,-0.817383185348562,-0.37828604294118445,-3.2917921348054616e-05,-1.2733391436544572e-05
236.5,-0.8868783186916664,-0.5570904896706034,-3.975531824482993e-05,-1.6687459561094723e-05
237.0,-0.894107717915105,-0.6885879410338934,-4.133906657493975e-05,-1.8198305165601154e-05
237.5,-0.9006483584943412,-0.8411335376605029,-4.4295847079781036e-05,-1.9744458327460195e-05
238.0,-0.9052797839065598,-1.0197085109787134,-4.963834412902389e-05,-2.122697635187463e-05
238.5,-0.9050046780157234,-1.2221180602803074,-5.135488127757438e-05,-2.2928695893849118e-05
239.0,-0.9037576008986221,-1.201197115017465,-5.276494172842537e-05,-2.4195017111764725e-05
239.5,-0.9049057787297623,-1.1639484823888404,-5.345941311639975e-05,-2.5402356077046414e-05
240.0,-0.9059756474353179,-1.151112226533416,-5.4557121713174654e-05,-2.708154050688727e-05
240.5,-0.9046186614452316,-1.165562059633582,-5.449880685569512e-05,-2.6072236243123084e-05
241.0,-0.9038941131125835,-1.199684769901997,-5.38128977866376e-05,-2.447246416409464e-05
241.5,-0.9060244384778963,-1.2234394211369708,-5.236325567357485e-05,-2.300908241495105e-05
242.0,-0.9055312882117785,-1.0164888617929322,-4.955699340943839e-05,-2.1478786273779836e-05
242.5,-0.9009789146518086,-0.8373195531127293,-4.5005953228173316e-05,-2.002716798137497e-05
243.0,-0.8942085545348049,-0.6908235738428095,-3.867267645929418e-05,-1.8687220618459278e-05
243.5,-0.88922356364499,-0.5594415741753916,-3.222497445347456e-05,-1.5981632849459928e-05
244.0,-0.8173026050723966,-0.37987870243304567,-2.7790161243100357e-05,-1.3113722619444737e-05
244.5,-0.5301755977053542,-0.1281992654593375,-2.298418507940842e-05,-1.031505385432506e-05
245.0,-0.22010825291380107,0.07376012034737589,-1.5958211942769906e-05,-7.600897523413556e-06
245.5,-0.10140677957897337,0.026596420888771764,-9.00874041614742e-06,-4.9223151708902605e-06
246.0,-0.10023021870815675,-0.06794342951061857,-8.079874440747366e-07,-1.30053655228544e-06
246.5,0.06990951203562264,-0.10343279842675474,1.034417515972117e-05,3.479800098793771e-06
247.0,0.31187823081303884,-0.0928889197572158,1.8270942423592723e-05,7.102281343963769e-06
247.5,0.6697529176122994,0.17607760025073554,2.6290265392121e-05,1.0466656920615986e-05
248.0,0.8105909316539817,0.4058756894005706,3.0190809613709123e-05,1.3594713036420849e-05
248.5,0.8655155552021714,0.56355681556082,3.353615631058718e-05,1.484570510392169e-05
249.0,0.8909552351056796,0.686746102327332,4.001794830265068e-05,1.7309073959385694e-05
249.5,0.9097113169666141,0.8398194350144904,4.680434998507966e-05,1.9914319561788184e-05
250.0,0.923798122496144,1.0224469705217967,5.019759999567355e-05,2.208204716898719e-05
250.5,0.9312044234109345,1.227732547755036,5.3806625595401884e-05,2.3752607995964473e-05
251.0,0.9383025567107316,1.2195315686850614,5.713255112021295e-05,2.4614668902473333e-05
251.5,0.9505247279835363,1.1915652189704724,5.663233990161987e-05,2.5210775263298732e-05
252.0,0.961603569978178,1.1889167884964646,5.6650119592503145e-05,2.6390908969735092e-05
252.5,0.9728803535733022,1.2177589072700499,5.7112436994651624e-05,2.5481798209137583e-05
253.0,1.0058379089851353,1.2913073712148886,5.788507526521697e-05,2.4136886070032255e-05
253.5,1.0534400004827937,1.3569109868341203,5.596923233538339e-05,2.2923363323412856e-05
254.0,1.0268702667288256,1.0962766447967203,5.278361668309838e-05,2.1535239839142107e-05
254.5,0.7160047110092789,0.6593436118685987,5.1562479605264525e-05,2.0127392197016626e-05
255.0,0.649172491842879,0.5000586959894139,4.756608932169343e-05,1.883039466686669e-05
255.5,0.7050724491102268,0.4578816975924533,4.22739007340879e-05,1.616289648933205e-05
256.0,0.9471932215720253,0.5391763060565327,3.778704948095371e-05,1.3079241231003087e-05
256.5,0.8031304415148652,0.27583111831817153,2.6941104606602475e-05,1.007128561660286e-05
257.0,0.3895110842042071,-0.025827683516945005,1.8221489857630073e-05,7.764661454023978e-06
257.5,0.14273820400782083,-0.03138555415202228,9.631775334720817e-06,4.115419773514382e-06
258.0,0.00904814403618081,0.009667696050263953,-4.6238901700531e-06,-9.825064165131756e-07
258.5,-0.1274488891625534,0.05395220004533195,-1.6038149900221784e-05,-5.000181154661318e-06
259.0,-0.34637985500688895,0.06081632478767372,-2.1409374332833398e-05,-7.564069480393374e-06
259.5,-0.6767516390977528,-0.1957586525088994,-2.9728501802970776e-05,-1.0601843581522638e-05
260.0,-0.8204991802364072,-0.4165479095187602,-3.9677530055395903e-05,-1.3897675489621827e-05
260.5,-0.8774203973718846,-0.5795107343486906,-4.296695594575113e-05,-1.62631010720319e-05
261.0,-0.912085423874679,-0.7126559757941235,-4.603241178168766e-05,-1.869761191664789e-05
261.5,-0.9411245592702223,-0.8688603721317956,-5.145809599089315e-05,-2.1099828630354134e-05
262.0,-0.9661263276191658,-1.0720033588165068,-5.5721100486864195e-05,-2.35549180924921e-05
262.5,-0.989565356595318,-1.309378769432616,-5.69825453228639e-05,-2.4131180416435104e-05
263.0,-1.0257294182549979,-1.3412038240693254,-5.840411478833073e-05,-2.4705679837979512e-05
263.5,-1.092319328310308,-1.3634188739770876,-5.9194319443304026e-05,-2.6286021385730855e-05
264.0,-1.0615698291823212,-1.2640698480986805,-5.868602967335253e-05,-2.6844614550055426e-05
264.5,-0.7539237685855756,-0.9285910210415902,-5.779716948933739e-05,-2.5734150684992175e-05
265.0,-0.6781576905289712,-0.9043315954218007,-5.7101351393028256e-05,-2.4808530616980622e-05
265.5,-0.7564869718007128,-1.0044759427468297,-5.66667229926238e-05,-2.365762953736724e-05
266.0,-1.0496541368658767,-1.1272684802529878,-5.6387482165567585e-05,-2.0971199076086046e-05
266.5,-1.0641915632802275,-1.0177579994167838,-5.1155801892395694e-05,-1.951769072473998e-05
267.0,-0.9882160432270335,-0.8027735635448873,-4.6107275006916095e-05,-1.8498042464954274e-05
267.5,-0.9211733194210387,-0.6229082502137777,-4.13008556501489e-05,-1.5598492217107092e-05
268.0,-0.8379610853887274,-0.43366915220755237,-3.430240311717582e-05,-1.178604226647257e-05
268.5,-0.6943705744896664,-0.20876406739542205,-2.704776609302009e-05,-9.559151434570183e-06
269.0,-0.3484598756451295,0.047211081176535157,-1.996274985823735e-05,-7.4731507860104844e-06
269.5,-0.12716066413891902,0.04424062018881962,-9.50457846092538e-06,-4.1345098326819725e-06
270.0,-0.0034386398552123305,8.125220805028563e-06,1.7147408377335606e-07,4.3232008851428135e-07
270.5,0.12760378603085665,-0.04717411704272968,9.839665037848235e-06,3.951104959974716e-06
271.0,0.33905007905151097,-0.053509722157764436,1.6900552960305766e-05,6.202619717615766e-06
271.5,0.6858631408546372,0.2052394241391023,2.361417629060918e-05,9.177878683022133e-06
272.0,0.8423087844350604,0.44070584399488033,3.247959208820312e-05,1.2889639031897597e-05
272.5,0.9188679505297758,0.6216656897352338,4.0095034294907566e-05,1.578811357715835e-05
273.0,0.9828275339517071,0.7791680952529482,4.4338382344659386e-05,1.7646086501819718e-05
273.5,1.0655143256818898,1.0022713489280006,4.884385046695355e-05,2.0634209846357114e-05
274.0,1.0493422335958538,1.1235076279887624,5.345940429351603e-05,2.3527825749049925e-05
274.5,0.7434329135286776,1.0073656759687926,5.579056352072111e-05,2.443104588569385e-05
275.0,0.6769316097177565,0.8883499903967529,5.7551651285384535e-05,2.4295560283705875e-05
275.5,0.7468596772553127,0.9362410522059839,5.788566025365638e-05,2.429312744135403e-05
276.0,1.0677437665628118,1.2684449363899581,5.84839785002637e-05,2.444165998298074e-05
276.5,1.0944613666772693,1.3631105325075226,5.999353003961958e-05,2.4484886442338418e-05
277.0,1.0321867570478178,1.3465986177614098,6.234560623930272e-05,2.4617564134694916e-05
277.5,0.9966531249946721,1.3073734303667899,6.02844211852117e-05,2.4020008483855952e-05
278.0,0.9686647533876448,1.070930407350985,5.602575978519143e-05,2.1730245931153064e-05
278.5,0.943612066948873,0.8693353206742407,5.41971060626998e-05,1.9955829387653297e-05
279.0,0.9146002993160913,0.7114142944125271,4.930950716040349e-05,1.8242136045938545e-05
279.5,0.8847094100011831,0.575056747878188,4.297423418968893e-05,1.65902308472957e-05
280.0,0.8154546742544255,0.42263786079495097,3.758830539163632e-05,1.4168535754725471e-05
280.5,0.6839866640062311,0.20613147046394387,2.6776978145208272e-05,1.0680308431446849e-05
281.0,0.3490534655094257,-0.04582917022825583,1.9684055465097894e-05,7.801067893225401e-06
281.5,0.1294861371754447,-0.048320451379205265,1.2678715940576852e-05,3.949893392550642e-06
282.0,-0.0017729211440732674,-0.007584983739152009,5.378759856747224e-06,-1.5661017626766662e-07
282.5,-0.1399351195390445,0.03917257109586703,-8.633325336517516e-06,-2.640300404035899e-06
283.0,-0.3866599168674045,0.030233111652168375,-2.012801605161803e-05,-5.116921577881439e-06
283.5,-0.8115200298343663,-0.2656483035199765,-2.6853893201191174e-05,-7.8366567675708e-06
284.0,-0.9426914261956401,-0.531031495038528,-3.376846052947904e-05,-1.1833620740433845e-05
284.5,-0.6948142853106598,-0.4566988860454777,-3.958267667928981e-05,-1.5249695417543282e-05
285.0,-0.6441901031350972,-0.48554673487466904,-4.392526534863117e-05,-1.7553245440277995e-05
285.5,-0.7191678425531568,-0.6696901136716865,-4.7195349861988675e-05,-1.9469173322453885e-05
286.0,-1.0208966431164033,-1.0931404905674251,-5.103953475715823e-05,-2.1712885922821616e-05
286.5,-1.0501720018339789,-1.3563314277598928,-5.649079593484582e-05,-2.3611271359394815e-05
287.0,-1.0028118539623834,-1.2884749366304238,-5.8822484953867015e-05,-2.4876001385322243e-05
287.5,-0.9762522983333946,-1.221530032433497,-5.796385643344794e-05,-2.590389106346875e-05
288.0,-0.9615579067827708,-1.1897761694219386,-5.769074014745956e-05,-2.53248524859968e-05
288.5,-0.9479220755889128,-1.1909068902572189,-5.723824929943374e-05,-2.483537811307327e-05
289.0,-0.9387984587680102,-1.2191193614706373,-5.699231096604065e-05,-2.3783204972997555e-05
289.5,-0.9328684214880817,-1.225761414140798,-5.548213556576526e-05,-2.235854129198132e-05
290.0,-0.9234903184798658,-1.0169299615562222,-5.2393311719750176e-05,-2.072331822208378e-05
290.5,-0.9101607037381129,-0.8379007020020866,-4.770636493984392e-05,-1.9343691285440333e-05
291.0,-0.8917203016475184,-0.6882435416833411,-4.116350949015532e-05,-1.806023317309856e-05
291.5,-0.8631697381750429,-0.5601948018429437,-3.464795432450693e-05,-1.687409373889518e-05
292.0,-0.8100167053562577,-0.40200561641329685,-3.0142185199150314e-05,-1.3369607589143755e-05
292.5,-0.6703464846169982,-0.1770022040211317,-2.530025594312238e-05,-9.574009909257885e-06
293.0,-0.3061081969948235,0.08713507870326032,-1.8353626471574922e-05,-6.871389697141724e-06
293.5,-0.06865701402372101,0.10454515556931127,-1.1492359467453085e-05,-4.167833003645807e-06
294.0,0.09798121192550073,0.07164341766461943,-3.3638549190735916e-06,-6.771533750419493e-08
294.5,0.09961098766818463,-0.027545966987384558,8.133859082097376e-06,4.030392068273318e-06
295.0,0.22620666169282624,-0.07913161230260124,1.6640372582767932e-05,6.4194432233291296e-06
295.5,0.5271198069587636,0.13379550457559894,2.5223435547475807e-05,8.908443641702683e-06
296.0,0.8184229970352453,0.3767149546685082,3.287028459590522e-05,1.2571800520325406e-05
296.5,0.8867543186414946,0.5536721393348076,3.912243064768797e-05,1.6307087149884587e-05
297.0,0.8940728013673425,0.6879299753892754,4.091534270461399e-05,1.8859644127807028e-05
297.5,0.9007993262694319,0.8366780493856795,4.290418018966399e-05,2.0357859177115418e-05
298.0,0.9056651816028355,1.0228542157334775,4.858252672339567e-05,2.1958861102196508e-05
298.5,0.9049619354982167,1.224866089793829,5.290953963192619e-05,2.3508594466511155e-05
299.0,0.903097382423572,1.2043729331386914,5.228552867489912e-05,2.481854474465842e-05
299.5,0.9051456645038951,1.165761286086183,5.207845718073612e-05,2.4655129332779197e-05
300.0,0.9068518568325596,1.1498618864380088,5.213951594659737e-05,2.4595203420777873e-05
300.5,0.9047134394029037,1.1638619602767952,5.274599609676841e-05,2.513498422920355e-05
301.0,0.9037096941553595,1.2010488027563042,5.361789622681001e-05,2.4255545955897286e-05
301.5,0.9060335322566551,1.2280429053649407,5.099095211116477e-05,2.2459082444872696e-05
302.0,0.9054916556691494,1.016648931077748,4.919539960151941e-05,2.130878766413985e-05
302.5,0.9007610892203679,0.838894801022451,4.571234862139084e-05,2.0275372367155216e-05
303.0,0.8940087262945625,0.6907465538463804,4.199599319215262e-05,1.8105725872020538e-05
303.5,0.8885664612099516,0.5585688830606403,3.655336848247421e-05,1.5864113756690187e-05
304.0,0.8165330408600797,0.3773340601124047,2.9625461231872507e-05,1.3532442007577954e-05
304.5,0.5247940903087931,0.13311384395626874,2.200995348981548e-05,9.505278689704985e-06
305.0,0.22587678862119828,-0.07261035329090068,1.1649438741512803e-05,6.439922195169626e-06
305.5,0.10033689785650736,-0.02576264631515365,2.7810406191409304e-06,3.408972707482349e-06
306.0,0.10052104860501997,0.06971503686492303,-4.007824725138575e-06,1.2462698931221381e-06
306.5,-0.06944312426450688,0.10326468824149138,-1.0588485490158615e-05,-2.099076300572551e-06
307.0,-0.3135899528641018,0.09120644924840819,-1.661716312530277e-05,-6.634691400812028e-06
307.5,-0.6813581205962158,-0.1790224297386782,-2.2767461935715232e-05,-9.606133069002277e-06
308.0,-0.809216030889502,-0.4086311028196493,-3.09794713954419e-05,-1.2571604105661332e-05
308.5,-0.8650601024127103,-0.55649867220274,-3.8217054166831966e-05,-1.585129373104622e-05
309.0,-0.891999615449598,-0.6954706108930502,-4.260230242067977e-05,-1.9073975895575435e-05
309.5,-0.9093457555922828,-0.8364571376320955,-4.7234714656338e-05,-2.025872901932825e-05
310.0,-0.9237410896053724,-1.0209777111317093,-5.202528215019494e-05,-2.1643479285749956e-05
310.5,-0.9337428703454819,-1.2300060125136882,-5.561105562076562e-05,-2.220683164369569e-05
311.0,-0.9397476084302037,-1.2211690011980336,-5.787989373861891e-05,-2.2963758747972895e-05
311.5,-0.9514993723038845,-1.1896902633905448,-5.73378585628146e-05,-2.4302607871824307e-05
312.0,-0.9615948850520395,-1.1886147018884885,-5.7068858868549377e-05,-2.6582376634968246e-05
312.5,-0.972799373768193,-1.2230125459362315,-5.699432528046011e-05,-2.5150725181909532e-05
313.0,-1.0056282618783075,-1.2901719191498768,-5.712822459479171e-05,-2.288606665094179e-05
313.5,-1.053152221805434,-1.3507430358530876,-5.559482706571254e-05,-2.1988597710817462e-05
314.0,-1.0264782378953292,-1.1020497604973694,-5.359427049139571e-05,-2.097700063898261e-05
314.5,-0.7155725337840149,-0.6590711070253261,-5.200509205259086e-05,-2.004600321886913e-05
315.0,-0.6494554862606752,-0.5098040970863426,-4.684313662679455e-05,-1.7578785430490988e-05
315.5,-0.7059284271397496,-0.4559656505393873,-3.90711053332397e-05,-1.5079727122469581e-05
316.0,-0.9483529449199888,-0.5380862319857687,-3.283654026764031e-05,-1.2043871009892024e-05
316.5,-0.7936726565504487,-0.2593594280442965,-2.605740115228859e-05,-9.121801853371993e-06
317.0,-0.39897690714668377,0.026196652489792985,-1.6892709308675597e-05,-6.4174214275964565e-06
317.5,-0.14114722079836353,0.035897992723766904,-8.224730363343204e-06,-3.06763266669089e-06
318.0,-0.009515895520253552,-0.011638396537839822,1.7186543139289926e-08,5.271853614705509e-07
318.5,0.12194781850921259,-0.05425145395995829,8.913585951759546e-06,3.2269065531521736e-06
319.0,0.3432145207255037,-0.06354261004832062,1.6988681589747865e-05,7.2094157213034645e-06
319.5,0.6821520580068637,0.20276872974467028,2.4910583718165448e-05,1.0460613677935884e-05
320.0,0.8192114423463364,0.41828321660007745,3.608309094372579e-05,1.3976112389611027e-05
320.5,0.8746811326789964,0.5779816753223086,4.3844348377611334e-05,1.7044547401276344e-05
321.0,0.9128369692231818,0.7122172983643859,4.771349211780658e-05,1.9368896381168393e-05
321.5,0.9438664379232387,0.8612671545618162,5.1289599086163723e-05,2.1481396767034653e-05
322.0,0.9660543244201423,1.0735027986150378,5.4573646816512075e-05,2.3219119480532675e-05
322.5,0.9899756356953388,1.3101210039806197,5.900412650710807e-05,2.3959493888881133e-05
323.0,1.0260849697105823,1.3316597280523024,6.147100366906197e-05,2.4164165717878152e-05
323.5,1.0926125536235416,1.3628508793984089,6.017930451068195e-05,2.4516306508758397e-05
324.0,1.0617065932623813,1.2621481110397053,5.968653472915028e-05,2.4911720656130243e-05
324.5,0.753876256152578,0.9253677264843763,5.899658835358695e-05,2.5510838090408635e-05
325.0,0.6780657649082603,0.9001203495255389,5.757055463872999e-05,2.5166539814178552e-05
325.5,0.7564712401455497,0.9992852299440746,5.643308701581925e-05,2.460202574354659e-05
326.0,1.0496875892129856,1.132488671905872,5.5493265066667514e-05,2.418440369820875e-05
326.5,1.064234557576807,1.0257566957332491,5.084982865983019e-05,2.0933163639903664e-05
327.0,0.9872802104143206,0.7946458576886997,4.619473348456432e-05,1.8240876594708223e-05
327.5,0.9263118056507689,0.6201998349641129,4.179402379643986e-05,1.5186356282578382e-05
328.0,0.8425472367328586,0.4432107868717944,3.490866692457171e-05,1.191126221799276e-05
328.5,0.6931846032596881,0.20504190052464066,2.7716928260794033e-05,9.72548075615341e-06
329.0,0.35212131291545623,-0.041474481258467144,2.0697321649027666e-05,7.273262547283782e-06
329.5,0.12487367679037376,-0.04351469014995698,1.0370675305108048e-05,3.4419832675682674e-06
330.0,-0.0023863908892379215,-0.00013021489622128124,7.999616103372532e-07,-1.5599024841524018e-06
330.5,-0.12032617831826523,0.04860999692825245,-8.758103403032657e-06,-3.879616450307622e-06
331.0,-0.33371848651913316,0.050106608747247865,-1.4245380521836896e-05,-6.1621744675884404e-06
331.5,-0.6958024985987135,-0.2009298636031682,-2.387964560966163e-05,-9.589333289178863e-06
332.0,-0.8390331909849207,-0.43422579315146914,-3.356612229345498e-05,-1.3702390723840366e-05
332.5,-0.9153705838990773,-0.6145603142263878,-3.992040113723804e-05,-1.5646483174983956e-05
333.0,-0.980715059017269,-0.7970378904540184,-4.6880400398398815e-05,-1.7157953673205068e-05
333.5,-1.0653576234636022,-1.017856810027884,-5.041644527117964e-05,-1.8575476021851732e-05
334.0,-1.0492652009673287,-1.1175325744878204,-5.4464128349155576e-05,-2.0978330434625782e-05
334.5,-0.7433072627321898,-1.0050558435351187,-5.7045492599397626e-05,-2.389952688200683e-05
335.0,-0.6768130149449719,-0.9011727603928147,-5.863761477992105e-05,-2.5458008113060658e-05
335.5,-0.7468393971405344,-0.9353418834763763,-5.890767837892821e-05,-2.580709932548174e-05
336.0,-1.0677853633155552,-1.2652802363366247,-6.011943995750215e-05,-2.579412061207079e-05
336.5,-1.094531782906166,-1.3630358881434055,-6.043965257575767e-05,-2.6172162871309856e-05
337.0,-1.0322590755948682,-1.346567594988479,-5.929085952396041e-05,-2.585207970671986e-05
337.5,-0.9967341642958554,-1.3122721212193655,-5.797677982257553e-05,-2.4816627588270304e-05
338.0,-0.9688874831773439,-1.0813216518870556,-5.5782583987670534e-05,-2.396390254508415e-05
338.5,-0.9438136049649752,-0.867895763635175,-5.172463930436293e-05,-2.145222709588617e-05
339.0,-0.9143874340683712,-0.7159135969195757,-4.527705393563671e-05,-1.9259128334585532e-05
339.5,-0.8808248556110782,-0.5783940706682589,-3.864810331914512e-05,-1.7155296451981697e-05
340.0,-0.8177916793157984,-0.4304996904774057,-3.3970556098599544e-05,-1.2845788675093272e-05
340.5,-0.6976602501836926,-0.19561011803431977,-2.917736582249365e-05,-8.887969844707722e-06
341.0,-0.3457603664551825,0.04638507125749396,-2.3121100807996243e-05,-7.203175529336499e-06
341.5,-0.1264323118481608,0.04997554733684303,-1.3661767887177201e-05,-4.5909571302753474e-06
342.0,0.005806267833690676,0.0048845787046800865,-5.951580691170372e-07,-1.2766159040410903e-06
342.5,0.13874168743668308,-0.0365804929758361,9.785392976748126e-06,3.220950461927927e-06
343.0,0.38087766122184163,-0.01993677098730974,1.656349242059912e-05,6.271875801874437e-06
343.5,0.7989692466299733,0.2655957607684425,2.426478709066566e-05,9.284813649375707e-06
344.0,0.9409981306698924,0.5303352953281305,3.295445551881964e-05,1.2116205466972741e-05
344.5,0.6954172363874145,0.455631168589384,4.183978009648568e-05,1.5206200254859227e-05
345.0,0.6446928111022875,0.5007457960839843,4.4773851017713344e-05,1.7090797304628546e-05
345.5,0.7196950215615834,0.6589893235710964,4.80584003756877e-05,1.86144762374098e-05
346.0,1.0212943505436582,1.0869071809119153,5.1664265371612575e-05,2.078101617480003e-05
346.5,1.0504059577667617,1.3548466442943647,5.519489486947582e-05,2.3487549217006283e-05
347.0,1.002953367411252,1.2882729938644404,5.547703738663181e-05,2.501272933898255e-05
347.5,0.9763446054261479,1.221403868158636,5.612034315201411e-05,2.5425528533057196e-05
348.0,0.9615158824621995,1.1875291788912865,5.605918813981378e-05,2.5508039085343242e-05
348.5,0.9475114798994719,1.1909096147253786,5.642164364711628e-05,2.5185976331746986e-05
349.0,0.9376131767085364,1.2183552953236605,5.716941512435402e-05,2.4688095085315864e-05
349.5,0.9309860584828019,1.2252745309809627,5.7295608411141786e-05,2.4009837777299367e-05
350.0,0.9228153358956258,1.023336452932864,5.4345055952113374e-05,2.205412843788394e-05
350.5,0.9095696950915015,0.8352478606796621,4.847898719235435e-05,1.9959331184012092e-05
351.0,0.8913166076357787,0.6945370481270688,4.2013391980169154e-05,1.8968161526303213e-05
351.5,0.8655493313760437,0.5593225032330457,3.482438649441462e-05,1.6559637058059248e-05
352.0,0.807369875461856,0.4088037078437622,2.9942652002792453e-05,1.33363989224566e-05
352.5,0.669401872255445,0.17999485914913096,2.613089331911857e-05,1.0098964423153992e-05
353.0,0.3193288029293705,-0.08732855722021134,1.761074571077603e-05,5.713468390854695e-06
353.5,0.0705519269687466,-0.10318874871802135,9.795095421858502e-06,2.2110719045338286e-06
354.0,-0.09944991439668899,-0.07115088214362568,2.623250650061504e-06,-6.001398617646192e-07
354.5,-0.10292856823873901,0.025718420358461162,-5.7626625051092695e-06,-3.4003521115422266e-06
355.0,-0.2225436420007908,0.07073859052590456,-1.3027778710314742e-05,-5.663145051639873e-06
355.5,-0.5268811355383584,-0.1320329750759973,-1.9589865637720133e-05,-7.901670456649288e-06
356.0,-0.8104183151592415,-0.3771929527032686,-2.9319226252003693e-05,-1.1337128185459016e-05
356.5,-0.8856857073434201,-0.5543676864093128,-3.6276890810740856e-05,-1.5206073220177463e-05
357.0,-0.8958835620193276,-0.6910705177618253,-4.106422078903741e-05,-1.8079118331980022e-05
357.5,-0.9023977083765334,-0.8401847504215101,-4.4709660397263325e-05,-2.0597497545364967e-05
358.0,-0.9037635867926651,-1.0197371362691767,-4.890336236786608e-05,-2.3047494480941316e-05
358.5,-0.9036628962702258,-1.2283531530718532,-5.250036264402789e-05,-2.3996806759454328e-05
359.0,-0.9052722748795443,-1.2032616516040355,-5.45867680128391e-05,-2.4197792315268206e-05
359.5,-0.9044105990168627,-1.1641619840718378,-5.63145561339978e-05,-2.4599043576345284e-05
