run,total_thickness_mm,inner_length_mm,v_angle_deg,layer_normal_gap_mm,tip_gap_mm,magnet_center_offset_deg,outer_length_mm,inner_thickness_mm,outer_thickness_mm,outer_length_scale,outer_thickness_scale,pair_radial_shift_mm,outer_bridge_min_mm,shaft_clearance_min_mm,layer_gap_actual_min_mm,other_magnet_gap_min_mm,magnet_area_ratio_vs_single,geometry_status,theta_start_deg,theta_stop_deg,theta_step_deg,current_peak_A,commutation_offset_deg,completed_points,loaded_torque_mean_Nm,loaded_torque_min_Nm,loaded_torque_max_Nm,loaded_torque_pkpk_Nm,loaded_torque_ripple_pct
1,3.882787201915566,14.741933557859968,77.36065761065997,1.2407786579848916,0.6075381037704741,20.4066662933661,11.793546846287974,1.941393600957783,1.5531148807662265,0.8,0.8,1.0,4.693548879959906,8.056124354995728,1.2407786579848912,0.6075381037704771,0.8200000000000001,OK,0,28,2,10,35,15,38.53015957049896,35.1475489730417,41.79025948160512,6.642710508563418,17.240288082402554
2,4.874630362413999,15.91356241575291,74.86947287187218,0.7418016913830028,0.6075381037704741,21.66993664674773,12.730849932602329,2.4373151812069995,1.9498521449655997,0.8,0.8,1.0,4.011381199740608,7.180486384476394,0.7418016913830014,0.6075381037704594,0.8200000000000001,OK,0,28,2,10,35,15,46.10572287739118,42.26974651623513,49.58120229501073,7.311455778775603,15.85802222040621
3,4.625558596238729,14.821920939461576,83.73347149482717,1.0859741310354059,0.6075381037704741,21.414953140070068,11.857536751569262,2.3127792981193647,1.8502234384954919,0.8,0.8,1.0,4.866633482742362,8.426003761961603,1.085974131035407,0.6075381037704715,0.8200000000000001,OK,0,28,2,10,35,15,38.64429065147089,36.07736934480086,41.66632422571512,5.588954880914265,14.46256299881529
4,4.680236682129109,14.991770130867526,86.80643953280698,1.5822191109506232,0.6075381037704741,21.997958549460606,11.99341610469402,2.3401183410645543,1.8720946728516434,0.8,0.8,1.0,4.792165739956843,8.462752840692122,1.5822191109506185,0.6075381037704691,0.8200000000000001,OK,0,28,2,10,35,15,37.2396758294872,35.21951672315994,39.88104700403036,4.661530280870416,12.517644627774425
5,4.280854845319521,14.979653810186484,71.09916826033435,1.5399845526241815,0.6075381037704741,19.35362182714804,11.983723048149187,2.1404274226597604,1.7123419381278084,0.8,0.8,1.0,4.043967946158432,7.046257431889199,1.539984552624178,0.6075381037704753,0.8200000000000001,OK,0,28,2,10,35,15,42.73745483682915,38.09148146926685,46.62107363297336,8.52959216370651,19.958119163324874
6,4.2390778577621,16.72258246267358,72.58074301076749,1.0878996438562951,0.6075381037704741,22.36848867002515,13.378065970138863,2.11953892888105,1.6956311431048403,0.8,0.8,1.0,3.678530360886139,6.81667373515198,1.0878996438562898,0.6075381037704765,0.8200000000000001,OK,0,28,2,10,35,15,47.437168694642345,43.76214543609412,51.01194063207117,7.24979519597705,15.282942459413388
7,4.388404571405479,16.05505716321065,88.60588522983971,0.9353872909924232,0.6075381037704741,23.85552227045818,12.844045730568519,2.1942022857027395,1.7553618285621917,0.8,0.8,1.0,4.946456130667585,8.894315683508829,0.9353872909924204,0.6075381037704755,0.8200000000000001,OK,0,28,2,10,35,15,39.09152148864621,37.06704406412345,40.5926285909411,3.525584526817653,9.018795873273001
8,4.343657894562796,15.799437352842089,80.68967884263739,0.5684616428377223,0.6075381037704741,22.599101150170824,12.639549882273672,2.171828947281398,1.7374631578251183,0.8,0.8,1.0,4.6403559873851705,8.19824612847792,0.5684616428377175,0.6075381037704815,0.8200000000000001,OK,0,28,2,10,35,15,42.35222978463758,39.73090161397946,45.0064064043672,5.2755047903877355,12.456262202046606
9,4.886923893867711,15.524748690186861,72.62854523877938,1.0012680213753185,0.6075381037704741,20.555526446112182,12.41979895214949,2.4434619469338554,1.9547695575470845,0.8,0.8,1.0,3.926284730227394,6.956397755504957,1.0012680213753116,0.607538103770479,0.8200000000000001,OK,0,28,2,10,35,15,45.78194837123605,41.35451871066697,49.37290303334643,8.01838432267946,17.51429244046167
10,3.880724324557408,15.863269322067971,71.53595237388413,0.8870633235241034,0.6075381037704741,21.09830051066953,12.690615457654378,1.940362162278704,1.5522897298229632,0.8,0.8,1.0,4.1024818914726175,7.252994795556825,0.8870633235241013,0.6075381037704736,0.8200000000000001,OK,0,28,2,10,35,15,43.47274908626604,39.54426572187523,47.0478397113229,7.503573989447673,17.260408295223755
11,3.791063819284048,15.474899758134113,77.58989830311191,1.1896704408734484,0.6075381037704741,21.54698034421945,12.37991980650729,1.895531909642024,1.5164255277136194,0.8,0.8,1.0,4.509513147222556,7.93045518074099,1.1896704408734458,0.6075381037704624,0.8200000000000001,OK,0,28,2,10,35,15,40.49609562936449,37.55895484556502,43.61539817527988,6.05644332971486,14.955622846078072
12,4.144019978019188,15.013859015819174,77.95109972254656,1.7638278450259386,0.6075381037704741,20.69619464417032,12.01108721265534,2.072009989009594,1.6576079912076755,0.8,0.8,1.0,4.3613435294767875,7.677972899041128,1.7638278450259375,0.607538103770469,0.8200000000000001,OK,0,28,2,10,35,15,40.57121465585462,37.17307346188391,43.69380467212459,6.520731210240683,16.07230955630191
13,3.643380082951553,15.572325735277532,75.0859278657491,1.6468443861965847,0.6075381037704741,21.104060826845256,12.457860588222026,1.8216900414757764,1.4573520331806211,0.8,0.8,1.0,4.2206489264079465,7.5056312285964335,1.6468443861965816,0.6075381037704753,0.8200000000000001,OK,0,28,2,10,35,15,41.299401942410405,37.73725377431173,44.48261791288191,6.7453641385701815,16.332837332550714
14,4.91660904159619,15.041497430787954,80.2645697875469,0.6756250800084161,0.6075381037704741,21.313769666688913,12.033197944630365,2.458304520798095,1.966643616638476,0.8,0.8,1.0,4.641232446604761,8.037496044099164,0.6756250800084118,0.6075381037704757,0.8200000000000001,OK,0,28,2,10,35,15,41.657752355326814,38.41958523773338,44.76727485644621,6.3476896187128276,15.237715094585852
15,4.406778077568123,16.698057406653344,71.24420652346168,1.7025890733857196,0.6075381037704741,21.705057302515392,13.358445925322677,2.2033890387840613,1.7627112310272492,0.8,0.8,1.0,3.3658995939287237,6.352498198403499,1.7025890733857152,0.6075381037704757,0.8200000000000001,OK,0,28,2,10,35,15,49.06078340951437,44.67974586133893,52.56742395660637,7.8876780952674395,16.07735862965812
16,4.800211125994967,15.97461028777966,74.94186354447234,1.1780880913731915,0.6075381037704741,21.616392356670012,12.779688230223728,2.4001055629974837,1.920084450397987,0.8,0.8,1.0,3.8690549602827495,7.015848392329035,1.1780880913731848,0.607538103770473,0.8200000000000001,OK,0,28,2,10,35,15,46.38932124395023,42.46741942923285,49.83296183425856,7.365542405025714,15.877667979430237
17,5.346552338357437,15.840135596431523,86.27081262227513,1.7128709667415278,0.6075381037704741,23.16539680909701,12.672108477145219,2.6732761691787186,2.138620935342975,0.8,0.8,1.0,4.222207087949691,7.807036761289577,1.712870966741522,0.6075381037704749,0.8200000000000001,OK,0,28,2,10,35,15,40.42748963965757,38.22817266544239,42.49087291664784,4.262700251205445,10.544063678452904
18,4.710983255381492,15.212354746200045,89.3791834838857,0.5545799979536755,0.6075381037704741,22.647478824446573,12.169883796960036,2.355491627690746,1.8843933021525967,0.8,0.8,1.0,5.31778944504914,9.206777399047539,0.5545799979536711,0.6075381037704759,0.8200000000000001,OK,0,28,2,10,35,15,38.320396083613964,36.19107198814771,40.49640397130585,4.3053319831581405,11.235092596026497
19,5.134048278344175,16.68757334739218,81.22018626467627,1.9592519972682372,0.6075381037704741,23.591429155805876,13.350058677913745,2.5670241391720876,2.05361931133767,0.8,0.8,1.0,3.6100608827039125,6.980818088550183,1.9592519972682352,0.60753810377048,0.8200000000000001,OK,0,28,2,10,35,15,46.00031826710224,43.41746269848394,48.74750457664019,5.330041878156251,11.586967392719332
20,5.448546531355564,15.43095669391015,76.78683906002104,0.6795314972489543,0.6075381037704741,21.238004748876932,12.344765355128121,2.724273265677782,2.179418612542226,0.8,0.8,1.0,4.127676414176214,7.291147608962497,0.6795314972489483,0.607538103770488,0.8200000000000001,OK,0,28,2,10,35,15,45.352797399543576,41.55420350857385,48.79024893287806,7.2360454243042085,15.955014550826872
21,3.5634248983975914,14.855287155195905,70.47986728483727,1.9213217318628388,0.6075381037704741,19.034567391872308,11.884229724156725,1.7817124491987957,1.4253699593590365,0.8,0.8,1.0,4.159263819644469,7.20999500377059,1.9213217318628353,0.6075381037704752,0.8200000000000001,OK,0,28,2,10,35,15,39.705655066984754,35.3637562071025,43.40730870816532,8.04355250106282,20.257951889958953
22,4.89758017716282,16.370440677682502,86.76438370886126,0.604015175951465,0.6075381037704741,24.158227925338274,13.096352542146002,2.44879008858141,1.959032070865128,0.8,0.8,1.0,4.67618065531288,8.495070557563338,0.6040151759514613,0.6075381037704777,0.8200000000000001,OK,0,28,2,10,35,15,42.391781940286,40.38052668613354,43.80696491853525,3.4264382324017078,8.082788869852804
23,5.4616008205409425,15.646547621662135,80.88406832286921,0.944782012734119,0.6075381037704741,22.17383362959974,12.51723809732971,2.7308004102704713,2.184640328216377,0.8,0.8,1.0,4.2043041352172175,7.549942363502943,0.9447820127341154,0.6075381037704773,0.8200000000000001,OK,0,28,2,10,35,15,44.26463728144127,40.9338134630541,47.25868891246206,6.324875449407962,14.288777312673876
24,4.554440786398707,15.985533063839238,83.56258930078789,0.9056897909769315,0.6075381037704741,23.175374845703544,12.788426451071391,2.2772203931993533,1.8217763145594827,0.8,0.8,1.0,4.574023664796279,8.225200604286243,0.9056897909769299,0.6075381037704816,0.8200000000000001,OK,0,28,2,10,35,15,41.98087468734278,39.69375836107477,44.19148506495751,4.497726703882741,10.713751767632425
25,3.664506842148617,16.202973119601456,78.30947146807789,0.5438282545208715,0.6075381037704741,22.95897251883489,12.962378495681165,1.8322534210743084,1.4658027368594468,0.8,0.8,1.0,4.567963012434639,8.138442739748658,0.5438282545208659,0.6075381037704762,0.8200000000000001,OK,0,28,2,10,35,15,41.74916663905709,39.14227784681242,44.26363864130417,5.12136079449175,12.266977299854952
26,4.064071744306694,14.542148197968668,86.73289615251268,1.8056227232302233,0.6075381037704741,21.321059134121228,11.633718558374936,2.032035872153347,1.6256286977226777,0.8,0.8,1.0,5.038263187708765,8.751919173069076,1.805622723230221,0.6075381037704757,0.8200000000000001,OK,0,28,2,10,35,15,34.46827518938959,32.42981875059181,37.32031279220951,4.890494041617707,14.188392122165585
27,3.6103536302321073,15.98461774632469,82.27900666302625,1.2872010646389014,0.6075381037704741,23.017922798431314,12.787694197059752,1.8051768151160537,1.444141452092843,0.8,0.8,1.0,4.648877551731612,8.353886149738003,1.287201064638898,0.6075381037704671,0.8200000000000001,OK,0,28,2,10,35,15,39.336065620501294,37.41596313558413,41.69776793163747,4.281804796053343,10.885188257927195
28,4.631338127108791,16.386781968947925,71.6841690597153,1.2394723765998634,0.6075381037704741,21.530603857280354,13.10942557515834,2.3156690635543953,1.8525352508435162,0.8,0.8,1.0,3.5776825422883682,6.590755703224916,1.2394723765998596,0.6075381037704757,0.8200000000000001,OK,0,28,2,10,35,15,48.27876438454499,43.98927128646278,51.90285193227455,7.91358064581177,16.391431609101137
29,5.151297656721259,14.927802622405045,88.13788686461555,1.3685465321977677,0.6075381037704741,22.06093974436981,11.942242097924037,2.5756488283606296,2.060519062688504,0.8,0.8,1.0,4.8276353356814745,8.49979169784833,1.3685465321977657,0.6075381037704735,0.8200000000000001,OK,0,28,2,10,35,15,37.326270779177975,35.12763654340472,39.99983952413023,4.872202980725511,13.053013009388051
30,5.423818989186232,14.839667636176241,75.92615791480384,1.8596509328531492,0.6075381037704741,19.802724447336942,11.871734108940993,2.711909494593116,2.169527595674493,0.8,0.8,1.0,3.8527073274196653,6.871446948531528,1.8596509328531445,0.6075381037704649,0.8200000000000001,OK,0,28,2,10,35,15,44.65585378376283,40.11103750688667,48.66879057172545,8.557753064838785,19.163787812182512
31,4.6970371713687395,15.47524755816057,78.54046757344804,1.4692009526821028,0.6075381037704741,21.4838579541247,12.380198046528456,2.3485185856843698,1.878814868547496,0.8,0.8,1.0,4.172662644002177,7.472428831673854,1.4692009526820997,0.6075381037704682,0.8200000000000001,OK,0,28,2,10,35,15,43.314910464467786,39.91672883663735,46.59854415351768,6.681815316880332,15.426132122243628
32,5.408911528123943,16.01932468118782,74.79380196536924,1.6337999287959382,0.6075381037704741,21.352205126952178,12.815459744950255,2.7044557640619713,2.163564611249577,0.8,0.8,1.0,3.4942335718557445,6.500704130684255,1.6337999287959357,0.607538103770477,0.8200000000000001,OK,0,28,2,10,35,15,48.72185318104981,44.37813661234144,52.26062650752999,7.882489895188549,16.178551061876306
33,3.575764515670146,16.204204519069773,88.5312356121908,0.6281135358301418,0.6075381037704741,24.104505649302148,12.963363615255819,1.787882257835073,1.4303058062680585,0.8,0.8,1.0,5.282825925755603,9.405584505221384,0.6281135358301337,0.6075381037704758,0.8200000000000001,OK,0,28,2,10,35,15,37.59706084967169,35.64462086774947,38.77867649526537,3.134055627515906,8.33590593702825
34,5.087146388967537,15.986859828971708,84.38080337421697,1.5320584137324926,0.6075381037704741,23.149663151668356,12.789487863177367,2.5435731944837685,2.034858555587015,0.8,0.8,1.0,4.211830249713593,7.7636509845676684,1.5320584137324902,0.6075381037704773,0.8200000000000001,OK,0,28,2,10,35,15,41.96778101900907,39.71196701945401,44.14106332330562,4.429096303851615,10.553563224716317
35,4.449842676024649,15.274156293006456,86.6725646578903,1.0179646952641979,0.6075381037704741,22.466272817245148,12.219325034405166,2.2249213380123245,1.7799370704098596,0.8,0.8,1.0,5.0038999917397184,8.770575893190873,1.017964695264194,0.6075381037704755,0.8200000000000001,OK,0,28,2,10,35,15,38.29133697715325,36.30467922566948,40.72385953507096,4.419180309401476,11.540940218510013
36,3.8964717306263177,15.108590663237907,89.75849914972117,1.3490935415686127,0.6075381037704741,22.51826684761177,12.086872530590327,1.9482358653131588,1.5585886922505272,0.8,0.8,1.0,5.317353453922173,9.285079976989696,1.3490935415686078,0.6075381037704694,0.8200000000000001,OK,0,28,2,10,35,15,34.30225715478698,32.3212541819221,36.41467455762176,4.093420375699658,11.933384900090777
37,4.209807286719597,15.885064718845092,86.535727607714,0.7850878585069437,0.6075381037704741,23.408955397654196,12.708051775076074,2.1049036433597985,1.683922914687839,0.8,0.8,1.0,4.97126334173543,8.838767013704846,0.7850878585069394,0.6075381037704759,0.8200000000000001,OK,0,28,2,10,35,15,39.618008612842665,37.64242218637045,41.43591904703369,3.7934968606632395,9.575183088413816
38,4.573432004103035,16.017814603322524,84.06221451687374,1.1761676335219469,0.6075381037704741,23.244959386303762,12.81425168265802,2.2867160020515174,1.829372801641214,0.8,0.8,1.0,4.4865928989943775,8.13860356363729,1.1761676335219409,0.6075381037704861,0.8200000000000001,OK,0,28,2,10,35,15,41.549601717239014,39.42459265624959,43.67485533950704,4.2502626832574535,10.229370457464604
39,4.1630209582434095,15.857233418451422,80.4481455274013,1.6087522756367867,0.6075381037704741,22.4131142144346,12.685786734761137,2.0815104791217047,1.6652083832973639,0.8,0.8,1.0,4.280161354573487,7.763718882455461,1.6087522756367854,0.607538103770473,0.8200000000000001,OK,0,28,2,10,35,15,41.93860313376904,39.5310546904118,44.88478666535023,5.353731974938427,12.765642093185482
40,4.446142002877218,15.750644333543155,86.11788700482788,1.5223011206336303,0.6075381037704741,23.07363445469079,12.600515466834525,2.223071001438609,1.7784568011508872,0.8,0.8,1.0,4.614473185292098,8.347192023448851,1.522301120633625,0.6075381037704748,0.8200000000000001,OK,0,28,2,10,35,15,39.07379032866255,36.99108718141816,41.11041521524935,4.119328033831188,10.542432661848672
41,5.09615404974153,16.364684308022973,85.5744854952877,1.101881142982374,0.6075381037704741,23.947368554675876,13.09174744641838,2.548077024870765,2.038461619896612,0.8,0.8,1.0,4.334128452401735,8.009454909237284,1.1018811429823692,0.6075381037704809,0.8200000000000001,OK,0,28,2,10,35,15,42.44043815320573,40.32811241206908,44.00237537919787,3.67426296712879,8.657457667767398
42,3.9621955198350984,14.719678006442393,87.42457906968303,0.6772641073245106,0.6075381037704741,21.750062262914987,11.775742405153915,1.9810977599175492,1.5848782079340396,0.8,0.8,1.0,5.530836088533732,9.39314139649192,0.6772641073245056,0.6075381037704723,0.8200000000000001,OK,0,28,2,10,35,15,35.49647188110113,33.39182920572326,38.21940618594202,4.827576980218758,13.600160028267585
43,5.273296243670076,14.576426433362537,83.0868640621442,1.3261906195174173,0.6075381037704741,20.862230427177288,11.66114114669003,2.636648121835038,2.109318497468031,0.8,0.8,1.0,4.590782620679157,7.9866602057842595,1.3261906195174138,0.6075381037704789,0.8200000000000001,OK,0,28,2,10,35,15,39.45395407883897,36.49945076742996,42.56135734826226,6.0619065808323,15.36450964767455
44,4.5903389526879845,15.719110376104055,87.11797269801221,0.7091017526324207,0.6075381037704741,23.206225576280715,12.575288300883244,2.2951694763439923,1.8361355810751938,0.8,0.8,1.0,4.972108642683622,8.79969394247253,0.7091017526324154,0.6075381037704731,0.8200000000000001,OK,0,28,2,10,35,15,40.05740297511047,37.95460345437792,42.02421737036789,4.069613915989976,10.159455216102293
45,5.046867937775891,16.37793980775602,77.82465272999994,1.6914166945094187,0.6075381037704741,22.557693398636466,13.102351846204819,2.5234339688879457,2.0187471751103567,0.8,0.8,1.0,3.639083310665523,6.856866219960594,1.691416694509414,0.6075381037704745,0.8200000000000001,OK,0,28,2,10,35,15,47.34494945718385,43.62778471590377,50.78329364494174,7.155508929037971,15.1135633495797
46,5.421496226707133,14.797481414514442,73.58195978649495,0.5363576454527139,0.6075381037704741,19.79350148857786,11.837985131611553,2.7107481133535667,2.1685984906828533,0.8,0.8,1.0,4.212620677479855,7.230325779707464,0.5363576454527105,0.6075381037704835,0.8200000000000001,OK,0,28,2,10,35,15,44.025105097749375,39.68032022954164,47.91283251961073,8.232512290069089,18.6995857745038
47,3.8419772401784336,15.430058009942579,81.73527644345158,1.3988057311910356,0.6075381037704741,22.06221060033964,12.344046407954064,1.9209886200892168,1.5367908960713734,0.8,0.8,1.0,4.682314603989809,8.279509729191819,1.398805731191032,0.607538103770486,0.8200000000000001,OK,0,28,2,10,35,15,38.95941474703485,36.75064661646781,41.85154665136729,5.100900034899482,13.092855906639883
48,5.382861229434038,15.711767873130043,76.12305578125088,0.5991088382806089,0.6075381037704741,21.567578725747218,12.569414298504036,2.691430614717019,2.1531444917736153,0.8,0.8,1.0,4.042991518232821,7.200163194223903,0.5991088382806038,0.6075381037704749,0.8200000000000001,OK,0,28,2,10,35,15,46.33514212492144,42.64631451269776,49.81296430885499,7.16664979615723,15.466985677600059
49,3.5389454965801033,15.391999119642245,84.67213233418722,1.4270122044926334,0.6075381037704741,22.41865898064472,12.313599295713797,1.7694727482900516,1.4155781986320415,0.8,0.8,1.0,4.970033216406716,8.758877950687904,1.4270122044926281,0.6075381037704909,0.8200000000000001,OK,0,28,2,10,35,15,36.37891978723359,34.35828455201866,38.96225988575802,4.603975333739363,12.655613087651465
50,4.031871943878308,15.549732869588205,70.35136750610003,1.4362167252512497,0.6075381037704741,20.101502366697062,12.439786295670565,2.015935971939154,1.6127487775513232,0.8,0.8,1.0,3.9247664833557003,6.944168621245765,1.4362167252512497,0.6075381037704626,0.8200000000000001,OK,0,28,2,10,35,15,43.84092113782208,39.29763768160677,47.36167584590968,8.064038164302907,18.393861157597726
