mechanical_angle_deg,electrical_angle_deg,current_angle_sign,phase_A_A,phase_B_A,phase_C_A,torque_Nm,elapsed_s
0.0,-0.0,-1,-0.0,12.99038105676658,-12.99038105676658,25.23426031365553,403.08389687538147
0.2,-3.0,-1,-0.7850393436441575,13.365097862825518,-12.580058519181364,23.84519362688124,385.37289452552795
0.4,-6.0,-1,-1.567926949014802,13.703181864639015,-12.135254915624213,22.61518470983518,437.478728055954
0.6,-9.0,-1,-2.346516975603463,14.003706397458028,-11.657189421854564,22.63060388476834,431.1167905330658
0.8,-12.0,-1,-3.1186753622663903,14.265847744427305,-11.147172382160917,23.3653528883805,407.74402499198914
1.0,-15.0,-1,-3.882285676537811,14.488887394336025,-10.606601717798213,24.95143293953918,432.8505735397339
1.2,-18.0,-1,-4.635254915624211,14.672214011007085,-10.036959095382874,26.41261145838158,460.1944727897644
1.4,-21.0,-1,-5.375519243179504,14.815325108927066,-9.439805865747566,27.4156948033336,391.28755807876587
1.6,-24.0,-1,-6.101049646137003,14.917828430524102,-8.816778784387099,27.32983147281665,400.22929978370667
1.8,-27.0,-1,-6.809857496093201,14.979443021318607,-8.16958552522541,26.31989062569733,425.0738184452057
2.0,-30.0,-1,-7.499999999999999,15.0,-7.500000000000005,25.17067715369938,439.8284800052643
2.2,-33.0,-1,-8.169585525225406,14.979443021318607,-6.809857496093203,23.95389425974615,450.38190746307373
2.4,-36.0,-1,-8.816778784387097,14.9178284305241,-6.101049646137007,22.87735252819943,466.4189965724945
2.6,-39.0,-1,-9.43980586574756,14.815325108927066,-5.37551924317951,23.01768230624614,487.1790828704834
2.8,-42.0,-1,-10.036959095382873,14.672214011007084,-4.635254915624213,23.86841014976331,500.0134310722351
3.0,-45.0,-1,-10.606601717798213,14.488887394336023,-3.882285676537815,25.39141826958821,480.9005801677704
3.2,-48.0,-1,-11.147172382160914,14.265847744427303,-3.118675362266396,26.91709903412421,477.9424104690552
3.4,-51.0,-1,-11.657189421854564,14.003706397458025,-2.3465169756034645,27.72910563834132,468.3354935646057
3.6,-54.0,-1,-12.135254915624213,13.703181864639014,-1.567926949014806,27.61879815624329,550.9232714176178
3.8,-57.0,-1,-12.58005851918136,13.365097862825516,-0.7850393436441637,26.51203679382427,495.94170212745667
4.0,-60.0,-1,-12.990381056766578,12.990381056766578,-1.83697019872103e-15,25.16083182641673,527.1654477119446
4.2,-63.0,-1,-13.365097862825516,12.580058519181359,0.7850393436441535,23.78210117878787,435.60489773750305
4.4,-66.0,-1,-13.703181864639014,12.135254915624209,1.5679269490147958,22.53825402187454,467.42867374420166
4.6,-69.0,-1,-14.003706397458027,11.657189421854563,2.346516975603461,22.60187791757859,427.7022054195404
4.8,-72.0,-1,-14.265847744427303,11.147172382160912,3.118675362266386,23.40277724463436,511.8881175518036
5.0,-75.0,-1,-14.488887394336025,10.60660171779821,3.8822856765378053,24.86789834932644,472.73025035858154
5.2,-78.0,-1,-14.672214011007084,10.036959095382873,4.635254915624209,26.52106467265428,502.14992904663086
5.4,-81.0,-1,-14.815325108927066,9.439805865747559,5.3755192431795,27.41159373015407,484.4000597000122
5.6,-84.0,-1,-14.9178284305241,8.816778784387093,6.101049646136997,27.33097946227821,457.5305778980255
5.8,-87.0,-1,-14.979443021318607,8.169585525225404,6.8098574960931995,26.32340520138885,486.084835767746
6.0,-90.0,-1,-15.0,7.499999999999997,7.499999999999996,25.18889967913347,450.2942304611206
6.2,-93.0,-1,-14.979443021318607,6.809857496093199,8.1695855252254,23.86599208148837,423.0673828125
6.4,-96.0,-1,-14.9178284305241,6.101049646136999,8.816778784387095,22.89647160466366,415.12656831741333
6.6,-99.0,-1,-14.815325108927066,5.375519243179501,9.439805865747559,23.02248543913744,460.6567614078522
6.8,-102.0,-1,-14.672214011007085,4.635254915624208,10.03695909538287,23.93597546706951,441.77845311164856
7.0,-105.0,-1,-14.488887394336025,3.882285676537807,10.606601717798211,25.54862020295502,432.02181363105774
7.2,-108.0,-1,-14.265847744427305,3.1186753622663876,11.14717238216091,26.91237200833811,478.04725313186646
7.4,-111.0,-1,-14.003706397458027,2.3465169756034596,11.657189421854559,27.79875751890423,436.9178087711334
7.6,-114.0,-1,-13.703181864639014,1.5679269490147978,12.13525491562421,27.65684520250035,470.613648891449
7.8,-117.0,-1,-13.365097862825518,0.7850393436441552,12.580058519181362,26.44431487854269,1556.886454820633
8.0,-120.0,-1,-12.99038105676658,0.0,12.990381056766577,25.29918709355873,591.2978758811951
8.2,-122.99999999999999,-1,-12.580058519181364,-0.7850393436441552,13.365097862825511,23.87704183541952,634.0164988040924
8.4,-126.0,-1,-12.135254915624213,-1.5679269490148042,13.703181864639008,22.64001884542715,523.1716022491455
8.6,-129.0,-1,-11.657189421854564,-2.346516975603463,14.003706397458025,22.63741975033494,557.8812837600708
8.8,-132.0,-1,-11.147172382160914,-3.1186753622663943,14.265847744427303,23.32320241246324,510.4381639957428
9.0,-135.0,-1,-10.606601717798213,-3.8822856765378138,14.488887394336025,24.86712691046719,340.7081894874573
9.2,-138.0,-1,-10.036959095382874,-4.635254915624211,14.672214011007084,26.43321378198597,283.128812789917
9.4,-141.0,-1,-9.43980586574756,-5.375519243179508,14.815325108927064,27.32674103867373,332.41101026535034
9.6,-144.0,-1,-8.816778784387099,-6.101049646137005,14.9178284305241,27.36984685373981,358.8792152404785
9.8,-147.0,-1,-8.16958552522541,-6.809857496093201,14.979443021318607,26.2834015992836,318.133841753006
10.0,-150.0,-1,-7.499999999999999,-7.5000000000000036,15.0,25.10345820411294,382.0631046295166
