run,total_thickness_mm,inner_length_mm,v_angle_deg,layer_normal_gap_mm,tip_gap_mm,magnet_center_offset_deg,outer_length_mm,inner_thickness_mm,outer_thickness_mm,outer_length_scale,outer_thickness_scale,pair_radial_shift_mm,outer_bridge_min_mm,shaft_clearance_min_mm,layer_gap_actual_min_mm,other_magnet_gap_min_mm,magnet_area_ratio_vs_single,geometry_status
1,4.41666481183187,16.53344582800401,73.62771406495138,1.200685215853977,0.6075381037704741,22.22741622208933,13.226756662403208,2.208332405915935,1.766665924732748,0.8,0.8,1.0,3.7132193601265655,6.863316885449445,1.200685215853975,0.6075381037704756,0.8200000000000001,OK
2,3.577009668043856,15.775637680323452,76.09958990794186,1.7639104738870846,0.6075381037704741,21.561920930160554,12.620510144258763,1.788504834021928,1.4308038672175425,0.8,0.8,1.0,4.187590950186504,7.528048814349159,1.7639104738870854,0.6075381037704851,0.8200000000000001,OK
3,3.5880212161074616,14.95571228427696,70.7067346672858,1.2517695001751297,0.6075381037704741,19.545840711860407,11.964569827421569,1.7940106080537308,1.4352084864429848,0.8,0.8,1.0,4.350370844405337,7.463200962301084,1.251769500175125,0.60753810377048,0.8200000000000001,OK
4,4.7842471386520735,14.558366711871555,71.31312796410363,1.2580972943540032,0.6075381037704741,18.8236687857231,11.646693369497244,2.3921235693260368,1.9136988554608294,0.8,0.8,1.0,4.128071667809607,7.082897502613486,1.2580972943540027,0.6075381037704759,0.8200000000000001,OK
5,4.931284989583951,14.837306927464297,75.52406269956363,1.4053619007262141,0.6075381037704741,19.97520645103377,11.869845541971438,2.4656424947919753,1.9725139958335802,0.8,0.8,1.0,4.15899782758143,7.267988687822356,1.4053619007262144,0.60753810377048,0.8200000000000001,OK
6,3.813794692170409,16.21166281156785,59.69962329540858,1.7366410256386975,0.6075381037704741,19.15190330751048,12.969330249254282,1.9068973460852046,1.5255178768681636,0.8,0.8,1.0,3.1347965917494562,5.613841884122076,1.7366410256386957,0.6075381037704684,0.8200000000000001,OK
7,5.14364486182385,15.170514387761116,55.28395571346227,0.9743021646499684,0.6075381037704741,17.472397029865277,12.136411510208895,2.571822430911925,2.05745794472954,0.8,0.8,1.0,3.0689222414089627,5.2451394801258395,0.9743021646499666,0.6075381037704879,0.8200000000000001,OK
8,3.9169493985528776,15.984376533967929,74.23430181910447,1.9804443802696081,0.6075381037704741,21.340615215542257,12.787501227174344,1.9584746992764388,1.5667797594211512,0.8,0.8,1.0,3.8326767452754247,7.013063993323545,1.9804443802696075,0.6075381037704619,0.8200000000000001,OK
9,3.5921014910633984,15.23983626350126,84.66127996665611,1.5110593411085684,0.6075381037704741,22.172966350607695,12.191869010801009,1.7960507455316992,1.4368405964253594,0.8,0.8,1.0,4.967642284064425,8.729454069350862,1.5110593411085627,0.6075381037704671,0.8200000000000001,OK
10,4.90377008160026,16.199376593259448,73.6029271436389,0.9112128283045094,0.6075381037704741,21.758768940188233,12.95950127460756,2.45188504080013,1.961508032640104,0.8,0.8,1.0,3.7725889983092316,6.86498117422704,0.9112128283045036,0.6075381037704753,0.8200000000000001,OK
11,4.375274964011821,16.52774324888229,87.16848629521657,0.6214734707036386,0.6075381037704741,24.459942715340965,13.222194599105833,2.1876374820059103,1.7501099856047284,0.8,0.8,1.0,4.815577357095897,8.756674091107104,0.621473470703637,0.6075381037704746,0.8200000000000001,OK
12,3.939710265360713,16.607470538819626,72.20078437550917,1.0702130769923,0.6075381037704741,22.198945320422034,13.285976431055701,1.9698551326803564,1.5758841061442852,0.8,0.8,1.0,3.796357146568152,6.963550436551817,1.0702130769922977,0.6075381037704747,0.8200000000000001,OK
13,5.434927913831365,15.908703430449075,81.32355144933776,0.7409583958646426,0.6075381037704741,22.68533108948921,12.72696274435926,2.7174639569156827,2.173971165532546,0.8,0.8,1.0,4.231154693295476,7.633174132768078,0.7409583958646372,0.6075381037704674,0.8200000000000001,OK
14,4.5998531300790715,16.60491093149603,67.17674765961037,1.3786910555691532,0.6075381037704741,20.68956488808432,13.283928745196825,2.2999265650395357,1.8399412520316287,0.8,0.8,1.0,3.2305879856602715,6.017828664210908,1.3786910555691503,0.6075381037704685,0.8200000000000001,OK
15,3.5099012902196023,15.125082629381057,78.42482030354722,1.7544527218044297,0.6075381037704741,21.041545113350793,12.100066103504846,1.7549506451098011,1.403960516087841,0.8,0.8,1.0,4.5612086307491175,8.003792451031817,1.7544527218044277,0.6075381037704763,0.8200000000000001,OK
16,3.839058172239437,15.378018804138481,58.717875547514396,1.862580164391064,0.6075381037704741,18.318066627180215,12.302415043310786,1.9195290861197185,1.535623268895775,0.8,0.8,1.0,3.334060828745468,5.756007626019924,1.8625801643910604,0.6075381037704695,0.8200000000000001,OK
17,4.68972210606257,15.037849339011261,68.66325299085882,1.5603202977149098,0.6075381037704741,18.771770406499087,12.03027947120901,2.344861053031285,1.8758888424250282,0.8,0.8,1.0,3.763973673220498,6.599511157339544,1.5603202977149058,0.6075381037704659,0.8200000000000001,OK
18,4.508552802966825,14.604438310344305,71.04306641935221,1.7893756915087082,0.6075381037704741,18.642667694715087,11.683550648275444,2.2542764014834127,1.8034211211867301,0.8,0.8,1.0,4.007281842092858,6.951339382975997,1.7893756915087051,0.6075381037704861,0.8200000000000001,OK
19,4.398029659973793,15.623590848762836,75.5056813315246,1.1207218683329212,0.6075381037704741,21.314536539236364,12.498872679010269,2.1990148299868966,1.7592118639895173,0.8,0.8,1.0,4.168642577992266,7.402917249404524,1.1207218683329154,0.6075381037704735,0.8200000000000001,OK
20,3.5809688795994985,15.985460875366515,71.29197981214836,1.9464439149630457,0.6075381037704741,20.785686666240878,12.788368700293212,1.7904844397997492,1.4323875518397995,0.8,0.8,1.0,3.798046361427115,6.890285188336819,1.9464439149630424,0.6075381037704725,0.8200000000000001,OK
21,3.7583707234456614,16.338950614856536,58.282852218741695,0.6348309486031821,0.6075381037704741,18.758303140133457,13.07116049188523,1.8791853617228307,1.5033482893782646,0.8,0.8,1.0,2.9720421768618728,5.945681262417711,0.6348309486031766,0.6075381037704767,0.8200000000000001,OK
22,3.9859213798901627,15.96897829931476,85.90698970983533,0.8833192438242916,0.6075381037704741,23.472236913318767,12.775182639451808,1.9929606899450814,1.594368551956065,0.8,0.8,1.0,4.933222207160096,8.803036929620205,0.8833192438242875,0.6075381037704706,0.8200000000000001,OK
23,4.146187708510926,15.418077606477139,65.90050716708268,0.5822019045369438,0.6075381037704741,19.36876973763176,12.334462085181713,2.073093854255463,1.6584750834043704,0.8,0.8,1.0,3.971764171395556,6.8476591881505655,0.5822019045369412,0.6075381037704763,0.8200000000000001,OK
24,5.490414560071203,16.231545799346968,65.6117398843586,1.1906338400726955,0.6075381037704741,19.717284796665197,12.985236639477575,2.7452072800356015,2.196165824028481,0.8,0.8,1.0,3.0567253273536004,5.6516773692576106,1.1906338400726906,0.6075381037704665,0.8200000000000001,OK
25,5.125020045793324,16.490627463858694,61.359768608623284,0.5111585139016658,0.6075381037704741,19.38317129340598,13.192501971086955,2.562510022896662,2.0500080183173295,0.8,0.8,1.0,2.9733589329731167,5.580741479113046,0.511158513901662,0.607538103770491,0.8200000000000001,OK
26,3.952696405812142,15.928229031716647,69.22638193924983,1.3782857155646961,0.6075381037704741,20.42832314040494,12.742583225373318,1.976348202906071,1.5810785623248569,0.8,0.8,1.0,3.7779891055979107,6.764031212023475,1.3782857155646948,0.6075381037704662,0.8200000000000001,OK
27,3.9589084729463333,15.836513811282723,88.93281120296166,0.6655363849418594,0.6075381037704741,23.566045531727653,12.66921104902618,1.9794542364731667,1.5835633891785335,0.8,0.8,1.0,5.292939161056019,9.333317030758518,0.6655363849418549,0.6075381037704728,0.8200000000000001,OK
28,4.272047236414278,15.559472018529437,65.79766510989008,1.9112576532210293,0.6075381037704741,19.143143658934648,12.447577614823551,2.136023618207139,1.7088188945657112,0.8,0.8,1.0,3.456702425926192,6.1676596597227,1.9112576532210246,0.6075381037704759,0.8200000000000001,OK
29,3.670269384288342,15.2038952524804,59.09366561504536,0.975074849139146,0.6075381037704741,17.45540200292733,12.163116201984321,1.835134692144171,1.4681077537153369,0.8,0.8,1.0,3.7319516776713613,6.380569729470524,0.9750748491391438,0.6075381037704649,0.8200000000000001,OK
30,4.569833102241123,16.119731790634553,57.432542797695305,0.9795111058269743,0.6075381037704741,18.466555933277462,12.895785432507644,2.2849165511205616,1.8279332408964493,0.8,0.8,1.0,2.972079388823765,5.38723366457976,0.9795111058269691,0.6075381037704676,0.8200000000000001,OK
31,3.983317405816556,15.315899893848595,88.56927169051963,1.4562437356921754,0.6075381037704741,22.71579581024354,12.252719915078877,1.991658702908278,1.5933269623266224,0.8,0.8,1.0,5.096975095229265,9.001803186953762,1.4562437356921727,0.6075381037704702,0.8200000000000001,OK
32,4.7600482592100075,14.966311468178137,83.0810226123577,0.9695868435654788,0.6075381037704741,21.552268875378687,11.97304917454251,2.3800241296050038,1.9040193036840032,0.8,0.8,1.0,4.781074789208063,8.306713893413278,0.9695868435654774,0.6075381037704736,0.8200000000000001,OK
33,5.32620818793157,15.821257878885772,60.01693626739913,1.9246340427840278,0.6075381037704741,19.368314160401816,12.657006303108618,2.663104093965785,2.130483275172628,0.8,0.8,1.0,2.714858948135781,4.908723191240753,1.9246340427840294,0.6075381037704776,0.8200000000000001,OK
34,5.303551054033267,16.230675178003054,65.4954884207753,1.2081552951340506,0.6075381037704741,19.674216566038737,12.984540142402444,2.6517755270166337,2.121420421613307,0.8,0.8,1.0,3.1072076591287257,5.727712959817149,1.208155295134049,0.6075381037704772,0.8200000000000001,OK
35,3.749135034559819,16.554307611118873,71.48105499962291,0.8281110292595334,0.6075381037704741,22.131718343164636,13.243446088895098,1.8745675172799094,1.4996540138239276,0.8,0.8,1.0,3.9097534986178424,7.093813647117033,0.8281110292595306,0.6075381037704676,0.8200000000000001,OK
36,4.9340071039952385,16.114964893326107,70.88465428835546,1.7332866414033574,0.6075381037704741,20.6492190496094,12.891971914660886,2.4670035519976192,1.9736028415980955,0.8,0.8,1.0,3.3734849482354754,6.2578318132817135,1.733286641403353,0.6075381037704822,0.8200000000000001,OK
37,5.299374627570945,16.61681218415645,83.63687503773063,0.9731364749846256,0.6075381037704741,24.067729076195832,13.293449747325162,2.6496873137854724,2.119749851028378,0.8,0.8,1.0,4.103940450164117,7.666633926593738,0.9731364749846196,0.6075381037704793,0.8200000000000001,OK
38,4.373244340688093,14.55644214350966,78.0563889681598,1.7295011906165787,0.6075381037704741,20.023194207359083,11.645153714807728,2.1866221703440467,1.7492977362752375,0.8,0.8,1.0,4.451435889457759,7.724397091232401,1.7295011906165734,0.6075381037704753,0.8200000000000001,OK
39,4.40769314485101,16.744239734111456,64.89933646496027,1.3526157152165998,0.6075381037704741,20.355838503042357,13.395391787289165,2.203846572425505,1.7630772579404042,0.8,0.8,1.0,3.13468137381383,5.844441004671566,1.3526157152165983,0.6075381037704755,0.8200000000000001,OK
40,4.456111175557798,15.219928643485913,73.19040746247829,1.401994710734385,0.6075381037704741,20.15552550443884,12.175942914788731,2.228055587778899,1.782444470223119,0.8,0.8,1.0,4.062046417292645,7.145676200814345,1.401994710734384,0.6075381037704762,0.8200000000000001,OK
41,3.8048237754753784,16.27337322753836,84.88229812639202,0.5250287007472751,0.6075381037704741,23.882729951224377,13.018698582030689,1.9024118877376892,1.5219295101901515,0.8,0.8,1.0,4.954790400894787,8.857741910930567,0.5250287007472714,0.607538103770478,0.8200000000000001,OK
42,3.7364163394332466,15.395236949105,68.99490879341639,1.6251888593893877,0.6075381037704741,19.561456695689472,12.316189559284,1.8682081697166233,1.4945665357732987,0.8,0.8,1.0,3.9431751998599758,6.929448899950282,1.6251888593893873,0.6075381037704702,0.8200000000000001,OK
43,5.408023567042388,15.430529516199156,74.41170019341195,1.8157056568286467,0.6075381037704741,20.347060351565624,12.344423612959325,2.704011783521194,2.1632094268169553,0.8,0.8,1.0,3.60456027595556,6.570401280712371,1.8157056568286425,0.6075381037704769,0.8200000000000001,OK
44,3.8169861843024595,15.736993318823659,79.85682850536863,0.7291177476905187,0.6075381037704741,22.415392785021496,12.589594655058928,1.9084930921512298,1.526794473720984,0.8,0.8,1.0,4.716700404327657,8.30062495974088,0.7291177476905157,0.6075381037704698,0.8200000000000001,OK
45,4.092411460262937,16.471107816522228,69.84161971127806,1.4877871045719238,0.6075381037704741,21.237785964725305,13.176886253217782,2.0462057301314687,1.636964584105175,0.8,0.8,1.0,3.5392059642269587,6.524194327647127,1.4877871045719229,0.6075381037704711,0.8200000000000001,OK
46,3.6083851766784516,15.545082689642296,83.48690500752517,1.8588313382020492,0.6075381037704741,22.41951320047908,12.436066151713838,1.8041925883392258,1.4433540706713808,0.8,0.8,1.0,4.6535633469064415,8.344066006299304,1.858831338202044,0.6075381037704766,0.8200000000000001,OK
47,5.061141177607059,14.661198572696472,70.02698147863137,1.975073923593496,0.6075381037704741,18.481877200478294,11.728958858157178,2.5305705888035295,2.0244564710428237,0.8,0.8,1.0,3.6865688057699693,6.480087659247586,1.9750739235934893,0.6075381037704518,0.8200000000000001,OK
48,4.877153601246688,14.986878413718333,65.79239726967967,0.5997256596247242,0.6075381037704741,18.53128355809028,11.989502730974667,2.438576800623344,1.9508614404986753,0.8,0.8,1.0,3.88225634661827,6.645182439261243,0.5997256596247189,0.6075381037704843,0.8200000000000001,OK
49,5.100799963083016,14.501148904152181,82.6414836482038,1.834213801750658,0.6075381037704741,20.60325388429024,11.600919123321745,2.550399981541508,2.040319985233207,0.8,0.8,1.0,4.442804839092567,7.803053773009216,1.8342138017506555,0.6075381037704595,0.8200000000000001,OK
50,3.952031489420381,15.166648854068415,56.75070606892439,1.1273205878242032,0.6075381037704741,17.36880583108784,12.133319083254733,1.9760157447101905,1.5808125957681525,0.8,0.8,1.0,3.5069739150134254,5.942566901453176,1.1273205878242027,0.6075381037704762,0.8200000000000001,OK
