run,coded_thickness,coded_length,coded_v_angle,coded_tip_gap,magnet_thickness_mm,magnet_length_mm,v_angle_deg,v_included_angle_deg,tip_gap_mm,center_chord_mm,magnet_center_offset_deg,completed_design,loaded_torque_mean,loaded_torque_min,loaded_torque_max,loaded_torque_pkpk,loaded_torque_ripple_pct,cogging_torque_pkpk,loaded_force_max,loaded_force_mean
301,-0.972088,-0.420757,0.385224,-0.705045,2.542,13.39,57.315,114.63,1.09,12.359722793179,17.5451141293521,1,24.8139674121667,20.9351831159212,29.1088157633135,8.17363264739225,32.9396444817791,0.0183694799651887,1291.32770609445,910.64338586651
302,0.405813,0.759986,-0.404249,0.80004,4.609,16.224,47.447,94.894,4.1,16.0514434103243,23.0477800851146,1,34.2294686862817,27.9797873197025,40.1269297522276,12.1471424325252,35.4873823600815,0.131714687268268,999.666026413112,612.73441505534
303,-0.914576,0.820477,0.35292,0.94262,2.628,16.369,56.912,113.824,4.385,18.0994895813268,26.1964951358748,1,30.6538001875347,26.8458401777908,33.680400296015,6.83456011822418,22.2959635556163,0.0978569163085292,1071.92822329859,678.317679005502
304,-0.753312,-0.074688,0.166191,0.778365,2.87,14.221,54.577,109.154,4.057,15.6456245210603,22.4328626795529,1,24.3821661570387,20.4311112772177,29.2823714753005,8.85126019808276,36.302189645802,0.0180250375804164,1124.30572565085,795.326962055336
305,-0.637541,-0.011554,0.936845,-0.342906,3.044,14.372,64.211,128.422,1.814,14.7545820450516,21.0920807562619,1,33.1168591504317,28.3038133894897,38.0075809651092,9.70376757561949,29.3015938846755,0.0324546130967563,1133.5183748782,783.436226054956
306,-0.71762,0.990091,0.903824,0.537428,2.924,16.776,63.798,127.596,3.575,18.6271478578064,27.0212340657809,1,37.3782130579784,34.359872330286,40.9992817795259,6.63940944923996,17.7627791862104,0.0456918995398245,981.846212247302,611.786444486766
307,0.667693,-0.125902,-0.538025,0.885272,5.002,14.098,45.775,91.55,4.271,14.3737162342359,20.5226994531717,1,25.2425257138251,20.9094932509039,30.6120392864917,9.70254603558777,38.4373027706723,0.0467680747170487,1066.58164733006,720.931963121625
308,-0.090825,0.461006,0.681785,-0.221369,3.864,15.506,61.022,122.044,2.057,15.6217386757334,22.3967552026751,1,40.3400555152064,34.8616967480049,44.9877946306938,10.126097882689,25.1018441927326,0.0291351613615491,986.387312169655,644.928771331693
309,0.76914,0.175404,-0.582319,-0.166143,5.154,14.821,45.221,90.442,2.168,12.6883748797608,18.0274472731956,1,31.4303253029661,26.2105291411461,37.3295372423921,11.1190081012461,35.3766879409191,0.200555136077171,1042.09755528458,693.742556140576
310,0.601648,-0.987531,0.400388,-0.980683,4.902,12.03,57.505,115.01,0.539,10.6855631199764,15.107061085579,1,28.995072697239,24.9339124779319,33.854895719956,8.92098324202412,30.767238748374,0.0287985620188053,1069.97940585547,829.383834223622
311,0.965699,0.88097,0.7643,-0.786403,5.449,16.514,62.054,124.108,0.927,15.5152969636753,22.2359643040701,1,53.5436345233819,48.6716872735606,59.212234901036,10.5405476274754,19.6859023884015,0.0785666616434526,713.081727366155,505.017670468367
312,0.340833,0.224212,0.01016,0.646815,4.511,14.938,52.627,105.254,3.794,15.66523982501,22.4625215398589,1,33.4150274194575,27.844979258578,38.5469186249555,10.7019393663775,32.0273248081963,0.0801122783678928,992.89424842659,637.810955582776
313,-0.667566,-0.742993,0.52303,0.207626,2.999,12.617,59.038,118.076,2.915,13.7341872470048,19.5713325081038,1,22.4190788507908,18.8421487710538,26.9168473177033,8.07469854664951,36.0170843788468,0.00107652469902281,1233.55364552122,876.222466563344
314,0.491687,0.564395,-0.225588,0.443467,4.738,15.755,49.68,99.36,3.387,15.3992817609854,22.0609214905783,1,36.1010867937305,30.4376795240822,41.1743133833634,10.7366338592811,29.7404726916579,0.13557765439825,985.733147819127,605.003928686647
315,0.580836,-0.935652,-0.092732,-0.610905,4.871,12.154,51.341,102.682,1.278,10.7687866147237,15.2275599136198,1,24.4687201546848,20.6614440979827,28.7794613116261,8.11801721364345,33.1771223109484,0.00504979140169861,1092.38404252939,802.14926642363
316,0.040221,0.779348,0.469886,0.042955,4.06,16.27,58.374,116.748,2.586,16.4397271558058,23.6387665198453,1,42.0996562177231,36.9232853872851,46.0935419735529,9.17025658626775,21.7822600233188,0.0674616216803199,891.608372838134,587.7907722445
317,0.861112,0.842032,-0.758577,0.70068,5.292,16.421,43.018,86.036,3.901,15.103867432146,21.6161743905868,1,33.1386880305765,26.9967617262585,39.7058222431844,12.709060516926,38.3511275558028,0.105455181222873,1054.57272566102,628.100541864517
318,0.220175,-0.831097,-0.029477,-0.036779,4.33,12.405,52.132,104.264,2.426,12.21884247245,17.3387513780446,1,23.187098448701,19.3581661655558,27.5918863381036,8.23372017254784,35.5099202721033,0.0183692063054129,1125.7315890346,815.272262878566
319,0.825017,-0.356111,-0.250284,0.11432,5.238,13.545,49.371,98.742,2.729,13.0088670015028,18.4990806016027,1,28.9317872573342,24.2633901187082,34.1974999677724,9.93410984906419,34.3363158338789,0.0812732298821923,1028.55952916248,719.993941716852
320,-0.044206,0.267927,-0.377803,-0.677581,3.934,15.043,47.777,95.554,1.145,12.2848663604969,17.4354346877655,1,31.8395656346559,26.9097363704913,37.5525768569571,10.6428404864658,33.4264625610395,0.198747947748287,1058.26429308815,758.728831125126
321,0.471814,0.526011,-0.469624,-0.265113,4.708,15.662,46.63,93.26,1.97,13.3552454692029,19.0102739615126,1,35.2905369389336,29.8702505174188,41.4297919451104,11.5595414276916,32.7553571873789,0.239033008419612,1031.41614343395,657.050875567013
322,-0.477216,-0.218812,0.606779,0.188919,3.284,13.875,60.085,120.17,2.878,14.9043812392844,21.3166211877881,1,29.2914090376912,24.7399357314575,34.4911924935596,9.75125676210206,33.2905008070949,0.0268680400610184,1125.70974344311,791.28681982053
323,-0.57775,0.636854,-0.671496,-0.919098,3.133,15.928,44.106,88.212,0.662,11.7476967809587,16.6502773105086,1,27.9748979018813,23.4481327936675,33.4554949845325,10.0073621908649,35.7726495587745,0.237637549378728,1117.8410378077,802.058963996264
324,0.005039,-0.248099,-0.349492,0.747359,4.008,13.805,48.131,96.262,3.995,14.2752075823253,20.3757790933911,1,23.3479969816061,19.8606269277969,27.5581053327572,7.69747840496035,32.9684743878652,0.0150721921723506,1062.35545936315,768.397760504574
325,-0.858167,0.351413,-0.177721,-0.300604,2.713,15.243,50.278,100.556,1.899,13.6232179141744,19.4068324511887,1,27.1796994438242,23.2527556208339,31.5315469094642,8.27879128863038,30.4594659177201,0.00539980447632562,1142.81861718217,814.300630488619
326,0.19747,0.492141,0.868202,0.374885,4.296,15.581,63.353,126.706,3.25,17.1760895932242,24.7669901475892,1,40.907638002373,37.1380478502215,44.719469626042,7.58142177582049,18.5330225504115,0.145369251280117,869.070422276639,575.816136836696
327,-0.949548,-0.189141,0.673165,0.256016,2.576,13.946,60.915,121.83,3.012,15.199402641701,21.7598518099555,1,26.0225759427963,22.2681664209402,30.7752934292814,8.50712700834123,32.6913331986882,0.0140153973208751,1174.76803122934,834.713021480361
328,0.93882,0.013287,-0.715474,-0.383879,5.408,14.432,43.557,87.114,1.732,11.6767428792577,16.546810727147,1,29.1544650072834,24.941073739298,34.2503784478325,9.30930470853453,31.9309742305642,0.101698929328424,1044.26591352539,707.673277208277
329,-0.410368,0.385129,-0.969785,0.127472,3.384,15.324,40.378,80.756,2.755,12.6823077453275,18.0185312184536,1,20.8227854118918,17.0908448356492,25.6451343825633,8.55428954691415,41.0813893420273,0.0779861949944047,1095.20773188796,787.505013204758
330,0.145568,-0.512695,0.590879,-0.728598,4.218,13.17,59.886,119.772,1.043,12.4354299881312,17.6561076650584,1,33.0091814152222,28.8787431501163,37.7811630522413,8.90241990212505,26.9695264179429,0.0450046144247451,1119.69129483875,809.996925726362
331,-0.376402,-0.70845,-0.900291,-0.089585,3.435,12.7,41.246,82.492,2.321,10.6940252296968,15.1193101929458,1,13.1946083053784,10.3742395972152,16.0435345972528,5.66929500003757,42.9667548200475,0.00398356869781567,1203.01274045773,776.605988377631
332,-0.3336,-0.602318,-0.486504,0.302728,3.5,12.954,46.419,92.838,3.105,12.4888841821434,17.7345175202664,1,17.9450776513904,14.9382955268881,21.617761375103,6.67946584821493,37.2217160492332,0.00972375946107596,1175.59990777932,810.669143899129
333,-0.022974,0.958608,0.506818,-0.49043,3.966,16.701,58.835,117.67,1.519,15.8097207860701,22.6811769861876,1,45.439407290632,40.1371044147144,49.7827608814207,9.6456564667063,21.2275138295981,0.0323209461633248,883.494860698643,592.1958386571
334,0.377791,-0.300068,-0.877008,0.566341,4.567,13.68,41.537,83.074,3.633,12.7042567626356,18.050788887894,1,18.9921141820235,15.3385233383077,23.3919851052358,8.0534617669281,42.4042404639231,0.02180882634683,1036.87135507842,757.281385336608
335,-0.222736,-0.475057,-0.923528,-0.043631,3.666,13.26,40.956,81.912,2.413,11.1046549908413,15.7145699562966,1,15.423080792724,12.3375084543457,18.6390619758129,6.30155352146712,40.8579427557686,0.00550028489677712,1161.97184761586,774.14670709745
336,0.708926,-0.098135,0.075157,-0.138133,5.063,14.164,53.439,106.878,2.224,13.6008523648325,19.3736981245672,1,35.2886185928745,30.9147166187051,40.1298886257999,9.21517200709479,26.1137227087589,0.0622451140422296,1024.1067985526,667.107027875315
337,-0.122111,0.303357,0.291059,0.438886,3.817,15.128,56.138,112.276,3.378,15.9400190939497,22.8786680137019,1,34.1179592561703,28.5611762632688,39.1566137858512,10.5954375225825,31.055308563528,0.0620542710571166,1023.67999465675,665.365825361607
338,-0.537458,0.131425,-0.06657,0.492681,3.194,14.715,51.668,103.336,3.485,15.0278888956378,21.5020105490695,1,26.8565608835001,22.4282199104792,31.8581475523825,9.42992764190327,35.1121935634608,0.0353831725222529,1071.62215035494,765.322661134734
339,-0.165418,-0.763668,-0.135082,0.974291,3.752,12.567,50.811,101.622,4.449,14.1892521013403,20.2476953685001,1,18.7554774144177,15.5190976158889,22.2710393345984,6.75194171870949,35.9998392443967,0.00246010423797906,1147.14350706469,806.132244334866
340,0.245257,0.436294,-0.810209,0.610014,4.368,15.447,42.372,84.744,3.72,14.1303732649093,20.1600199700447,1,26.0411040800893,21.2336829531127,32.1163479195319,10.8826649664192,41.7903362812481,0.107998381413614,1091.13636571242,729.357731706771
341,-0.767241,0.110225,0.082054,-0.809071,2.849,14.665,53.526,107.052,0.882,12.6745180534581,18.0070844134269,1,29.5062192219429,25.5339248622428,34.4086607565628,8.87473589432001,30.0775095160959,0.0448238126673345,1176.36000299946,850.776173464283
342,0.106785,0.709889,-0.789728,-0.46803,4.16,16.104,42.628,85.256,1.564,12.4702023236775,17.7071099439267,1,30.9064054868078,25.6793431243788,37.0173140670826,11.3379709427038,36.6848579254656,0.283319396213,1052.72813969031,725.206136926154
343,-0.821444,-0.360197,0.834506,0.0292,2.768,13.536,62.931,125.862,2.558,14.6112550248106,20.8775590648204,1,26.9063255583409,22.9363237101714,31.7655316738123,8.82920796364083,32.8146180514187,0.0147494681678856,1193.94563280706,849.340659936046
344,-0.254653,-0.883989,0.971963,0.34965,3.618,12.278,64.65,129.3,3.199,14.2947423602006,20.4049030090713,1,24.8109072650952,21.1410801711554,29.5049747548972,8.36389458374178,33.7105551779171,0.00391666016418137,1165.3418921826,847.066372271335
345,-0.51117,-0.549789,-0.637386,-0.855454,3.233,13.081,44.533,89.066,0.789,9.96296627627689,14.0636221113454,1,18.1861405021326,14.9043208272339,21.4629604464748,6.55863961924093,36.0639445102265,0.0162951795340615,1212.19523064723,829.382163167567
346,-0.28726,0.07222,0.153218,-0.578419,3.569,14.573,54.415,108.83,1.343,13.1945379016417,18.77290535984,1,33.025538528077,28.7427675799277,37.8763158765659,9.13354829663822,27.6560162338405,0.0188093448543087,1096.35873514572,779.04280674783
347,0.740747,-0.879154,0.275911,-0.921971,5.111,12.29,55.949,111.898,0.656,10.8387504128473,15.3289134787407,1,29.9619845825038,25.820131772336,34.870060790864,9.04992901852803,30.2047048773021,0.0416845915722428,1049.15747640681,799.411725123291
348,0.544679,-0.660621,-0.302407,-0.412979,4.817,12.815,48.72,97.44,1.674,11.3044016557671,16.0047539979752,1,25.0582082873917,21.0179654366284,29.6343143581142,8.61634892148587,34.3853352269455,0.0239803945520052,1064.16663174367,779.027621867993
349,0.318541,-0.570125,0.219512,-0.53701,4.478,13.032,55.244,110.488,1.426,12.1329249574965,17.2130126411361,1,30.1890319316018,25.8683125341606,35.4579143964941,9.58960186233359,31.7651850647626,0.064922105890845,1073.51959828488,802.908935637686
350,0.897605,0.674415,0.726549,0.858079,5.346,16.019,61.582,123.164,4.216,18.3046962063752,26.5165312367944,1,43.9044150372579,39.631918654119,48.493627078704,8.86170842458492,20.1840940531032,0.215448392056417,699.919389150719,474.167547952562
