design,current_peak_A,mechanical_angle_deg,torque_Nm,gap_fundamental_peak_T,rotor_yoke_B_mean_T,rotor_yoke_B_p95_T,rotor_yoke_B_p99_T,rotor_yoke_B_max_T,elapsed_s
radial,50,0,72.56020694565782,1.0620250371829658,1.3891031475777498,2.0611270640367834,2.0731181525806694,2.0933612741681773,513.1851136684418
radial,50,1,72.80094426729228,1.0617894054263994,1.3875968872817228,2.056139466836005,2.084967052710259,2.0954298142213985,256.26780462265015
radial,50,2,73.03945762282264,1.0615361135420993,1.3876293263155248,2.053907212994818,2.078214826587013,2.08053194503154,275.1745722293854
radial,50,3,73.36479691751384,1.061210119594646,1.386406659390557,2.0583740755305118,2.079855549147694,2.0956098676440096,267.0006642341614
radial,50,4,72.47656022276416,1.0620219253616978,1.3873368988454442,2.057753575461587,2.0739809157302678,2.093373727817361,287.1234951019287
radial,50,5,72.73851868264101,1.061518518346664,1.386815664609223,2.0537259652722897,2.0750341061582946,2.0962421067733756,284.5073449611664
radial,50,6,73.085402037065,1.0615432233386066,1.3878564982781025,2.052470794895117,2.078768391668039,2.0798743490740916,266.72335839271545
radial,50,7,73.53381106658806,1.0614023360644784,1.3876083587749453,2.059494686250479,2.07841809489742,2.0955202324315034,292.671345949173
radial,50,8,72.61110681054416,1.0622779159635414,1.3858768451432621,2.0597731853212538,2.0724061967858645,2.0928208850953056,277.90161180496216
radial,50,9,72.71506552909197,1.0617186596378871,1.3852679678675763,2.0571172501758554,2.0840248473084615,2.0961301466773765,262.0160312652588
radial,50,10,73.0021128987227,1.061487404804701,1.3896284468052493,2.0533260419588335,2.0800950029323775,2.081648331039067,257.4998481273651
radial,50,11,73.4477049102043,1.061117016779033,1.3861565900525583,2.056690789411508,2.079006781707652,2.0957855019906457,268.86749029159546
radial,50,12,72.53898502705357,1.0620402042912793,1.3875496183553162,2.0610144881503385,2.0732623916382256,2.0933042249001264,279.0332317352295
