i,j,run_a,run_b,inner_angle_delta_deg,ripple_delta_pctpoint,mean_torque_relative_delta,magnet_area_relative_delta,nuisance_normalized_distance,eligible,selection_score
39,44,40,45,37.242245115339756,31.024438831807064,0.05623776317742348,0.02447634773814882,1.6077680543969224,True,3.2970363035831967
24,44,25,45,39.80773948132992,27.580358974723335,0.06396262187089545,0.0398395900216804,1.1436067309418214,True,3.183453893425512
44,54,45,55,41.5335011202842,28.41717393645852,0.06764420118978304,0.25295354349591564,0.8339465618767272,False,2.9232096473088394
5,44,6,45,32.86054595373571,23.410793815444265,0.02671976829901499,0.04044172648986856,0.8663019394275752,True,2.8575507539113647
31,44,32,45,47.9478414170444,23.53008754108407,0.06801635550567255,0.17838419628052632,0.8693970318506798,False,2.5937134074564825
30,54,31,55,38.387019792571664,23.314561195775656,0.03260464091818013,0.1399212080584561,0.9312928712266897,True,2.581277932055749
21,44,22,45,36.710468120872974,23.51240667550941,0.04462072810951809,0.12924911005253809,0.966630645146989,True,2.5298092598054813
44,50,45,51,35.57442161254585,26.808578356295797,0.10989846193947649,0.18679382074263154,0.9871000860978488,False,2.4964778885825187
39,52,40,53,31.15925588645041,21.581405214258155,0.06065539438143924,0.08003049326895799,0.6687977872430461,True,2.483089544385656
36,44,37,45,40.33965952694416,22.793372332187015,0.06621369416670007,0.127697468646794,0.9102294352173029,True,2.46992137162813
7,24,8,25,31.36505694128573,26.86883600273917,0.199905164464209,0.15759846303123193,0.6381671145910301,False,2.427030965243729
7,39,8,40,28.799562575295568,30.312915859822898,0.2075567747635736,0.1423176412594924,1.199994794057386,False,2.4007271530856884
44,46,45,47,43.66974621079862,25.875701889546406,0.045684100776098656,0.319965002404305,1.0288333221760046,False,2.3579523261502873
29,54,30,55,39.50472981669009,19.71357390433686,0.03713978702840217,0.11743341656132422,0.7053489419538923,True,2.3535558984911504
15,39,16,40,35.59886305592954,24.65775873052722,0.060197229992693106,0.09980022730563887,1.3966324909128829,True,2.3423370955401843
10,44,11,45,36.007074592635036,23.093574277818355,0.00031736320633820724,0.13297035883150615,1.3527692197193406,True,2.3170333028486008
44,47,45,48,27.97226426191628,19.052996695566723,0.008664271152180564,0.05574775413080088,0.8416825120001518,True,2.2247176882531923
30,39,31,40,34.09576378762722,25.9218260911242,0.09125167545799955,0.08962761558142114,1.6917587067914095,True,2.151024413843575
16,44,17,45,45.484032575041056,29.442219196588873,0.24290829615926046,0.2885562123811536,1.0838806960394423,False,2.1310876968247427
24,52,25,53,33.72475025244057,18.137325357174426,0.052929788335692646,0.09536816014586881,0.5872877385450544,True,2.125264699599021
10,30,11,31,32.8605932649225,17.99096153713549,0.03474162442911582,0.01900097359359557,0.9251121303659707,True,2.120060169982007
28,30,29,31,23.68924953043461,20.115126656627105,0.07484004208169677,0.1338961598608941,0.42616312784120003,True,2.1139485731285665
9,44,10,45,39.40137722529471,24.159928875065503,0.07647341464386283,0.20940196401341235,1.2073816051291164,False,2.1094977102196064
15,24,16,25,38.1643574219197,21.21367887344349,0.06792113854388873,0.11512307676241196,1.1141093928955597,True,2.0835690840816583
16,59,17,60,41.78636586293578,18.85266631207361,0.06569572672620719,0.1815449214746529,0.5900754404132245,False,2.0700560821005047
21,30,22,31,33.56398679316044,18.409793934826546,0.009565578097163931,0.015263938179339787,1.225688906051726,True,2.061428851578793
29,50,30,51,33.545650308951735,18.104978324174134,0.0051951914337478085,0.050582259839702465,1.144171154287905,True,1.9971589165569203
24,62,25,63,20.41104519739747,17.105971925844816,0.05379426500708879,0.013840293296659055,0.5632054264034012,True,1.981861898830268
13,44,14,45,27.233124198392034,21.598500962902513,0.08252773740514888,0.12507371841539386,0.9301674082213783,True,1.9751317064154428
24,30,25,31,36.66125815361738,22.47774623404047,0.09896603106245688,0.07428620582321599,1.5145014085390551,True,1.900074752004962
20,44,21,45,33.26881108805537,22.52074808708428,0.032006172395553395,0.22754176993525632,1.2000211857869638,False,1.8976165806628387
39,62,40,63,17.84555083140731,20.550051782928545,0.06151967982817153,0.001526776360831677,1.200663485728321,True,1.8858566501907665
35,44,36,45,31.281274650245905,24.94397852845255,0.06507440855556343,0.3128211585720207,1.1079589108790118,False,1.8665171137874168
16,29,17,30,43.45526127144694,20.738619164467217,0.13907448537772726,0.15353436985886762,0.9411535387664615,False,1.8645603111308633
28,44,29,45,26.835730858147144,25.21773939730997,0.03980726274590993,0.2469946941844737,1.439797521922023,False,1.8471864874082276
0,39,1,40,32.495106337592006,23.18468669600266,0.016701894937576744,0.22664505182332134,1.464174461755493,False,1.8232564306645638
44,58,45,59,46.81632253341377,23.950047339918086,0.09126709711506129,0.3051771392914334,1.297879610455317,False,1.8109124386456328
15,31,16,32,46.30445935763419,17.16340743980423,0.06405785128335081,0.2529040421314974,0.4891912147391975,False,1.808354387615347
9,30,10,31,36.25489589758217,19.05731613438264,0.1114575991490492,0.09593327907120443,0.9586710449501944,False,1.7656255599967121
9,22,10,23,31.330160377547145,13.179152284123209,0.029763192822639388,0.03428329911876855,0.5233919877153359,True,1.7432897052815544
30,40,31,41,31.238597352057695,20.957849739809202,0.09451984365582788,0.14109182160325257,1.1037332710050065,True,1.7349415735457143
40,44,41,45,34.38507867977023,26.060462480492067,0.12947147527598582,0.25411105862080674,1.4343782242518972,False,1.7348712885868183
0,24,1,25,35.06060070358217,19.740606838918932,0.008970372789832657,0.2418015005967945,1.053162785381692,False,1.7296002067368788
11,54,12,55,26.93606298416853,17.42013280936079,0.08686966397253944,0.015319020130883279,0.9332420441029686,True,1.7214852673110128
25,30,26,31,27.01847804710269,22.42480204739056,0.07110249038044691,0.31867497422923946,0.7274839843558376,False,1.7080613906127762
36,38,37,39,33.10379358008504,16.17836886151221,0.036545143275508014,0.055501120737751375,1.0097056868618772,True,1.698844450830965
30,58,31,59,43.66984120570123,18.84743459923522,0.1262250168341998,0.19281333335514575,0.8034260325322863,False,1.6604251247444557
38,54,39,55,34.29763517342508,21.802170465783718,0.03511349208739097,0.18145898440124095,1.5804413484791373,False,1.6438611649471033
30,46,31,47,40.523264883086085,20.77308914886354,0.010629465906223722,0.20781937783679558,1.6052857296800835,False,1.6301358981571417
24,26,25,27,25.580603256821632,18.38917483235234,0.06306696192964041,0.07569775819233038,1.0687434504608453,True,1.629261207294468
