magnet_thickness_mm,magnet_length_mm,v_angle_deg,tip_gap_mm,loaded_torque_mean,loaded_torque_ripple_pct,cogging_torque_pkpk,loaded_force_max,total_magnet_area_mm2
5.334812552034119,16.54172890176933,62.06199691014493,1.3882090792168413,46.44110143091166,19.998324551330683,0.10473726371259993,796.9202611114642,623.6982372502222
5.2921033903477985,16.537312606168893,62.19689468540557,1.4401138161226608,46.168073794437426,19.907457927212967,0.10473726371259993,833.5572641066201,619.3104768951769
5.261606855907745,16.537312606168893,62.06445929477943,1.4405226677150589,46.144959596630024,20.005979439782145,0.10445753855866695,844.0762133701226,614.9894727866613
5.216130078193682,16.54172890176933,62.06199691014493,1.445119457997892,46.13004503703848,20.03667875102171,0.10502485372668753,847.5774753663861,609.8229512856661
4.835306150206083,16.56131591200031,61.67928128425134,1.4504311846433569,46.01145403028672,20.181878095225315,0.1027205408612525,860.5669851106113,563.9523345257531
4.839134024917516,16.545428296345634,60.582257131738686,1.1776289732190717,45.828765213605465,21.383941906009262,0.10252818253557264,887.2822477138847,557.9362704144255
4.84111518664283,16.542631751713298,60.02585919281701,1.0101747845194338,45.77248498830768,21.81670030940226,0.10247288719344884,892.1439998377739,554.9881932053131
4.704438622669174,16.554745921942757,61.60678588166506,0.9936286202662442,45.49075272604343,20.112454144254325,0.10375818509702411,866.2543651793462,548.0968717864491
4.703241538486699,16.554745921942757,61.42703308485892,0.7762085339110455,45.4526598022034,20.39715426236999,0.10320683609043488,871.4849507366392,547.0254608167467
4.192257350385352,16.557378655306398,61.59252892542671,0.8048887544039751,45.44705656359741,20.11768223892557,0.09759497005060049,868.122281294634,488.43646656230675
4.192257350385352,16.469213109673838,61.59252892542671,0.7867893789135549,45.41771307200222,20.122941403999462,0.0985136870435379,866.8605487193736,485.8356160002823
4.089806525575225,16.563656317873786,61.55838299885057,0.79897599978538,45.41271371330677,20.226679551300336,0.07976554295763398,873.0730202218685,476.5269328840729
4.081030015160083,16.577151378276653,61.0123998904605,1.2421825196336354,45.363087296966754,21.193391810832683,0.07855579448699133,894.067576324996,473.4139204929534
4.01839115122818,16.57680535382062,61.01467997602922,1.2486333188117857,45.234468317745026,21.21599939820821,0.0751032341148743,893.2273375768538,466.14813728403067
3.9900407827407713,16.577151378276653,61.0123998904605,1.2421825196336354,45.214954905916656,21.226662571281597,0.0717726155016623,895.1908800672778,462.85884761128995
3.9754644780058137,16.5837373645084,59.36520029736733,0.735036807332579,45.177161434892454,22.049114226037062,0.07209494404228399,903.4872947069636,453.8132569740415
3.9193762211430934,16.605493050179,59.09741203194087,0.7276785360263684,44.873856171537064,22.1086223687276,0.07160085160769089,907.6375227658738,446.7526268581987
3.9193762211430934,16.605493050179,59.09741203194087,0.7275187874526832,44.873856171537064,22.1086223687276,0.07160085160769089,907.6375227658738,446.7526268581987
3.841368050905423,16.581702071014117,59.70249119944457,0.6671320003093598,44.61936475585655,22.379829396127413,0.06757368273047813,923.9454694839337,439.9728267306651
3.7902711438855796,16.581702071014117,59.70249119944457,0.6634561627748554,44.61390813967084,22.38767059142379,0.06766539476974977,937.395358114518,434.12041937974345
3.612307811482933,16.59238668533137,61.53996628480176,0.9757203430497006,44.595052707671975,20.563841961040985,0.06888489956698682,976.1115617154499,421.54743250232366
3.612307811482933,16.578343864899622,59.58244187009097,0.9661658815021926,44.50844025541657,22.455528633759496,0.0679386940357474,994.2442102389897,413.14619503709224
3.5440416622514554,16.623424813663235,59.62195627244814,0.6830380664297008,44.300976440221056,22.455528633759496,0.06412340915249586,994.3436625619736,406.60516786836206
3.514237576873953,16.5668271245254,59.43068165854862,0.8453555404875548,44.2822889868233,22.482824804153896,0.06806625125582871,994.8134662885395,401.0245013627328
3.455385167459286,16.48192394505383,59.52077899849449,0.9661658815021926,44.072868870038185,22.49259017698241,0.06918463790070575,995.0795687614946,392.6517011196509
2.583996100671396,16.635533385633526,62.375069718901294,1.1252130571912256,43.93391155427106,20.30879602806586,0.06386080527096606,985.063355451989,304.6865114702405
2.542102074126262,16.536133966943122,61.975867199639566,1.3794600877645131,43.909998515615854,20.429373238757556,0.06576541990265578,984.8742624154784,296.86197290012973
2.542102074126262,16.51651218369538,61.975867199639566,1.3794600877645131,43.858771477111034,20.434632403831444,0.06661915556534241,985.2314743874882,296.50971636311886
2.542102074126262,16.53653687362089,59.43260407657207,1.3794600877645131,43.76887249641455,22.51095580913567,0.06494677159149767,1003.0150616377534,289.5653581453947
2.542201701569527,16.479924780281554,58.995982533133365,1.1451393579117675,43.55516334789092,22.530932877513987,0.06809870188145076,1003.4711641802978,287.2780958810999
2.542115744783904,16.459201368945713,59.0044480847237,1.3173877951992783,43.06762265936619,22.65012329995055,0.06868135313278027,1012.2304098815601,286.93261611439743
2.542115744783904,16.418522682773446,58.99204818953985,1.1791265488638105,42.684256263386835,22.688404229951658,0.06980268365652399,1019.0283828054273,286.18624617785326
2.547714256346592,16.011028987273573,59.29512709902254,1.3367189450308643,42.1124561234267,24.129447409936027,0.11825802769365153,1032.9585262617902,280.5833253128177
2.542191145333329,15.913277141520147,59.29260432648504,1.337547179993146,41.75594543027534,24.43714683815163,0.11839796099185745,1049.9214066255122,278.25845421477726
2.542053947885557,15.614510807249212,59.25752296983656,1.2725298288920686,41.543486384015786,24.976641391298337,0.10888557888147257,1054.4746512623228,272.9201756216425
2.542053947885557,15.547893887746824,59.25348002024853,1.2725298288920686,41.00625958377537,25.132201319280206,0.09780589756436867,1058.2273249856723,271.7443977842029
2.5425944765504793,15.5637052144871,58.0431712175725,0.5655877156233147,40.6918020478507,25.296336454071323,0.1017493423118637,1059.0995611400967,268.5992972796053
2.5421669747690068,15.554215913871957,57.95801339984864,1.1519661599390942,40.33671386413694,25.360265764648254,0.1007005661434307,1060.4964122436502,268.14125493242085
2.542053947885557,15.553016836216655,57.65882057598497,1.2665153639125282,38.74014532847063,25.51767537497058,0.10002162587503236,1065.003592126209,267.22874440602766
2.5427149752233027,15.493431700480771,57.93652530142426,1.1533220671571114,38.3353440845872,25.885843670863512,0.07907388126212868,1083.5146819745983,267.0882356711323
2.542649482817632,15.493431700480771,57.83231804195189,1.1624800446494992,37.166006026362815,25.916576937231515,0.07922892951517164,1087.3331916428217,266.776631401978
2.5427149752233027,15.486868767126412,57.650868707427264,1.1533220671571114,37.022245716756395,25.94240568672846,0.07854157621072139,1087.3331916428217,266.1380036389971
2.542527328858943,15.657210858940443,56.198192127850874,1.0641338399257971,34.17084862017918,25.795212228015462,0.11657625670570061,1084.0183356244263,264.63894113521474
2.5425268256371183,15.68493070098161,54.754224844967446,1.030474783382007,33.94498412034122,26.209671304977995,0.11599545106138127,1084.0936064378443,260.55069791004973
2.5432041999817665,15.653764931029269,54.309918912420905,0.5613760439764816,33.92780705940265,26.204571378056244,0.11642948939012582,1084.363987544412,258.6692138815098
2.546740868081871,15.65446698959548,54.07146506202149,0.565958728079485,33.253262504417144,26.204571378056244,0.11744968280191742,1085.5484698917774,258.26391101826425
2.542918911009062,15.494098630233127,54.309918912420905,0.6803860365378172,32.62921080666396,26.685506112607538,0.07965435177817323,1103.4342520490047,256.0021018608939
2.5579717008986447,16.632691997849605,47.58814000064778,2.9082837066039993,32.421980923001826,30.78653640188065,0.0982749643964895,1044.5573766057307,251.29879094210554
2.5425898594560077,16.651200870151442,46.5297906668867,2.9313307439398195,32.365885557304786,31.352997767212536,0.1043816167629221,1046.7131183311578,245.8035993157927
2.675939168697332,16.54907922438536,42.9429046072236,1.7859697453645969,32.15703521967514,34.44818557820393,0.14036507593777683,1052.0488811917849,241.35640587806395
2.549893933892958,16.54907922438536,42.9429046072236,2.04879496185715,32.11186839061064,34.46863492930467,0.1356000097316134,1053.1128652551315,229.98775250719908
2.5421534446948773,16.483250551301172,42.50171587398743,3.02475518923557,31.915441861926563,35.14573054215273,0.10420846247427783,1051.8071648340376,226.48119478663182
2.542122114307092,16.484026122513395,42.01630131746277,3.239711930345905,31.543747785881607,37.18828830954661,0.10365324048408198,1050.5231783032777,224.3870427745867
2.5422322206212162,16.50286063667105,41.67593685576361,3.827629383269694,31.09759293132167,37.47411457851311,0.10664967249585322,1050.4638362680034,223.16788270239095
2.542120046570028,16.497000138116636,40.48749780676583,3.8771117631874543,31.08019726574653,37.235997689290684,0.10704223097777225,1050.4638362680034,217.83339312412366
2.549348512205568,15.654723245998856,42.78303205217693,3.250951002383123,30.29477429303709,37.564535604568185,0.13950075276336588,1087.7940159153097,216.8590763871796
2.550011367426941,15.515958016364674,42.59698247465549,3.1471837355153065,29.821789961677368,37.750471928221806,0.10350030053029959,1093.3347332160083,214.23721815757125
2.565280365180991,15.661198196885003,40.41423109321396,3.4641855908666987,29.28965481679147,40.45719952391839,0.13828474299189394,1087.923928204322,208.36841179828605
2.542134062938832,15.555519298911502,40.41423109321396,3.411379860904257,29.16735395903221,40.452024861749656,0.12438010580568826,1088.0187437363409,205.09497630275789
2.542023996430221,14.78718566275078,42.8504836136823,0.740475929455906,26.356825828849907,37.5251123806703,0.10812110569659604,1150.5988516086672,204.51255421983006
2.5430354318560027,14.397329995277046,42.98322633749618,1.169637390079543,26.089826156192853,37.10848821653703,0.03595982089151237,1162.445982922347,199.69689133611527
2.549945003249682,14.309274765515536,42.58271018115424,1.0870393763930206,25.644322587547578,37.952163669032814,0.0348065673430751,1163.282743651841,197.51721618080066
2.5430354318560027,14.397329995277046,42.19759532006812,1.193793905136411,25.223692370178384,40.55589458563543,0.03559416330500722,1162.1755624119091,196.74011230965368
2.5443988157020545,12.03402778967813,51.156104143013266,0.5522833497522207,24.51314262595965,33.284546090444,0.014705940471597888,1229.7595521309895,190.78502679122715
2.542645558363726,12.06423775275996,50.378454187903316,0.8054492457169986,24.01272157861851,33.292132814745266,0.01455933987756605,1228.8298380043384,189.02561023204964
2.550317661053396,12.325080363231665,48.35432554512635,0.8880301870765148,23.577529856478748,33.773134356109466,0.015254513423558776,1228.8894327938233,187.91037258633133
2.543796359080842,12.06735206064799,48.01932204752492,0.5452401168262833,23.517375161936314,33.74909603642318,0.015784705074880317,1228.928548749047,182.55326172937143
2.543796359080842,12.067623644365545,47.28353490731087,0.6208998555387224,23.089255543550873,34.085770217865345,0.018909456709360683,1228.928548749047,180.43291262006917
2.550317661053396,12.03099084625787,47.108865065280156,0.5745138110120812,22.336427318742757,34.171918741853496,0.018858792820624776,1228.928548749047,179.83787291739554
2.543993438375427,12.030759463465396,46.55136495126583,0.5606287505965911,21.690030967487377,34.61359873931795,0.018843409460236115,1228.928548749047,177.75849416734235
2.545004234697278,12.03073420306426,45.374818976529596,0.5664088516508075,21.396387793098548,35.61638856033988,0.018843409460236115,1229.5848802709188,174.3324380044432
2.5483049730954965,12.030875277724848,45.190618768046285,1.9738973055575966,20.798424177387638,35.60425996372708,0.012701335992530979,1217.5683334420082,174.00578391035933
2.5457246523421837,12.030875277724848,45.177161751335326,2.0555320541199666,20.754009136446346,35.674917548454644,0.012351014507046764,1217.5683334420082,173.78903073304446
2.546163196691839,12.041533222799439,44.9571902403933,1.5156161323873583,20.20421089109904,35.607003397804235,0.014224069274804211,1224.6698001376703,173.30786766392958
2.5438153626914572,12.030488229655111,43.951767932601484,0.73757335125563,20.003251543237933,35.70610080171905,0.019292510520752995,1229.4909921968854,169.92262053697027
2.5423128884620905,12.030571583345116,42.7085389122374,0.654257065702242,19.379951784058534,37.86435030959626,0.0193178944554849,1229.4909921968854,165.96149429172314
2.542277397023642,12.030572470153855,42.35169680600317,0.654257065702242,19.03785447640194,40.477653855678376,0.0193178944554849,1229.4909921968854,164.83620567123882
2.56323080839131,12.033032357299682,41.85394215104744,0.6070016691827009,17.88356080749365,41.581626857638454,0.019145392637832586,1229.4909921968854,164.6383349010981
2.5420182016189248,12.033318826197823,41.523011409953085,0.5829071477475319,17.626205307108624,41.67072662640594,0.019022331533024326,1229.4909921968854,162.22422511425196
2.542007601196056,12.033318816919605,40.394184449346476,0.608427534717081,17.292121661780754,41.33760863536956,0.019001817721619196,1229.4909921968854,158.58270142747833
