theta_deg,torque_Nm,force_x_N,force_y_N
0,45.5431326543482,725.9373218066061,-239.0742763214891
2,44.00614943602178,648.6112628188225,-49.69997741461457
4,43.68508381920877,594.3242681878107,174.3198035655176
6,43.72415657467205,633.8705561656157,419.1543849060016
8,44.3997275181569,654.6896001536145,608.9918214004946
10,45.28336027933717,579.1649771420211,665.5955631405743
12,47.01407542721566,419.036445713685,523.5666883926797
14,50.03251519863528,128.0082581340449,306.7366470562345
16,52.62839134946464,-219.5136474064911,371.7551180177573
18,53.49956847343344,-381.5294670392535,656.6555389156194
20,52.19005096391437,-320.8598594772354,901.0560710873119
22,51.16091121285724,-146.9123788240094,1048.857488386762
24,51.31664697038175,-28.29343852971964,1080.459519303573
26,50.25674775368807,-12.11234297119207,997.9220657916734
28,48.05137599251765,-49.11536189695612,892.8856574011716
