run,coded_thickness,coded_length,coded_v_angle,magnet_thickness_mm,magnet_length_mm,v_angle_deg,v_included_angle_deg
101,,,,2.527,14.564,46.985,93.970
102,,,,4.370,15.975,40.849,81.698
103,,,,3.621,13.675,62.986,125.972
104,,,,5.338,14.212,57.682,115.364
106,,,,4.160,16.296,51.977,103.954
107,,,,2.689,13.069,52.692,105.384
108,,,,4.286,12.929,48.155,96.310
109,,,,3.427,16.141,46.092,92.184
110,,,,3.552,12.583,49.553,99.106
111,,,,2.593,14.019,47.701,95.402
112,,,,3.883,12.467,62.659,125.318
113,,,,2.775,15.591,61.929,123.858
114,,,,3.055,15.847,43.155,86.310
115,,,,4.108,14.319,44.162,88.324
116,,,,3.330,14.998,57.120,114.240
117,,,,4.772,14.647,54.195,108.390
118,,,,3.764,15.571,59.728,119.456
119,,,,4.508,12.796,58.689,117.378
120,,,,3.133,16.248,42.278,84.556
121,,,,4.857,16.463,55.310,110.620
122,,,,4.691,15.372,45.698,91.396
123,,,,3.231,13.482,63.610,127.220
124,,,,5.463,13.931,54.629,109.258
125,,,,2.979,12.346,53.521,107.042
126,,,,2.887,13.199,60.183,120.366
127,,,,5.120,15.242,42.139,84.278
128,,,,3.978,15.132,50.364,100.728
129,,,,5.045,16.737,48.607,97.214
130,,,,4.444,12.015,51.187,102.374
131,,,,3.459,14.743,40.246,80.492
132,,,,4.623,12.266,58.268,116.536
134,,,,3.869,13.777,44.694,89.388
135,,,,5.255,13.406,64.743,129.486
