run,base_case,perturbation,step_size,magnet_thickness_mm,magnet_length_mm,v_angle_deg,v_included_angle_deg
201,8,length_minus,0.4,5.000,15.600,60.000,120.000
202,8,length_plus,0.4,5.000,16.400,60.000,120.000
203,8,thickness_minus,0.2,4.800,16.000,60.000,120.000
204,8,thickness_plus,0.2,5.200,16.000,60.000,120.000
205,8,v_angle_minus,2.5,5.000,16.000,57.500,115.000
206,8,v_angle_plus,2.5,5.000,16.000,62.500,125.000
207,121,length_minus,0.4,4.857,16.063,55.310,110.620
208,121,length_plus,0.4,4.857,16.863,55.310,110.620
209,121,thickness_minus,0.2,4.657,16.463,55.310,110.620
210,121,thickness_plus,0.2,5.057,16.463,55.310,110.620
211,121,v_angle_minus,2.5,4.857,16.463,52.810,105.620
212,121,v_angle_plus,2.5,4.857,16.463,57.810,115.620
