run,coded_thickness,coded_length,coded_v_angle,coded_tip_gap,magnet_thickness_mm,magnet_length_mm,v_angle_deg,v_included_angle_deg,tip_gap_mm
301,-0.972088,-0.420757,0.385224,-0.705045,2.542,13.39,57.315,114.631,1.09
302,0.405813,0.759986,-0.404249,0.80004,4.609,16.224,47.447,94.894,4.1
303,-0.914576,0.820477,0.35292,0.94262,2.628,16.369,56.912,113.823,4.385
304,-0.753312,-0.074688,0.166191,0.778365,2.87,14.221,54.577,109.155,4.057
305,-0.637541,-0.011554,0.936845,-0.342906,3.044,14.372,64.211,128.421,1.814
306,-0.71762,0.990091,0.903824,0.537428,2.924,16.776,63.798,127.596,3.575
307,0.667693,-0.125902,-0.538025,0.885272,5.002,14.098,45.775,91.549,4.271
308,-0.090825,0.461006,0.681785,-0.221369,3.864,15.506,61.022,122.045,2.057
309,0.76914,0.175404,-0.582319,-0.166143,5.154,14.821,45.221,90.442,2.168
310,0.601648,-0.987531,0.400388,-0.980683,4.902,12.03,57.505,115.01,0.539
311,0.965699,0.88097,0.7643,-0.786403,5.449,16.514,62.054,124.107,0.927
312,0.340833,0.224212,0.01016,0.646815,4.511,14.938,52.627,105.254,3.794
313,-0.667566,-0.742993,0.52303,0.207626,2.999,12.617,59.038,118.076,2.915
314,0.491687,0.564395,-0.225588,0.443467,4.738,15.755,49.68,99.36,3.387
315,0.580836,-0.935652,-0.092732,-0.610905,4.871,12.154,51.341,102.682,1.278
316,0.040221,0.779348,0.469886,0.042955,4.06,16.27,58.374,116.747,2.586
317,0.861112,0.842032,-0.758577,0.70068,5.292,16.421,43.018,86.036,3.901
318,0.220175,-0.831097,-0.029477,-0.036779,4.33,12.405,52.132,104.263,2.426
319,0.825017,-0.356111,-0.250284,0.11432,5.238,13.545,49.371,98.743,2.729
320,-0.044206,0.267927,-0.377803,-0.677581,3.934,15.043,47.777,95.555,1.145
321,0.471814,0.526011,-0.469624,-0.265113,4.708,15.662,46.63,93.259,1.97
322,-0.477216,-0.218812,0.606779,0.188919,3.284,13.875,60.085,120.169,2.878
323,-0.57775,0.636854,-0.671496,-0.919098,3.133,15.928,44.106,88.213,0.662
324,0.005039,-0.248099,-0.349492,0.747359,4.008,13.805,48.131,96.263,3.995
325,-0.858167,0.351413,-0.177721,-0.300604,2.713,15.243,50.278,100.557,1.899
326,0.19747,0.492141,0.868202,0.374885,4.296,15.581,63.353,126.705,3.25
327,-0.949548,-0.189141,0.673165,0.256016,2.576,13.946,60.915,121.829,3.012
328,0.93882,0.013287,-0.715474,-0.383879,5.408,14.432,43.557,87.113,1.732
329,-0.410368,0.385129,-0.969785,0.127472,3.384,15.324,40.378,80.755,2.755
330,0.145568,-0.512695,0.590879,-0.728598,4.218,13.17,59.886,119.772,1.043
331,-0.376402,-0.70845,-0.900291,-0.089585,3.435,12.7,41.246,82.493,2.321
332,-0.3336,-0.602318,-0.486504,0.302728,3.5,12.954,46.419,92.837,3.105
333,-0.022974,0.958608,0.506818,-0.49043,3.966,16.701,58.835,117.67,1.519
334,0.377791,-0.300068,-0.877008,0.566341,4.567,13.68,41.537,83.075,3.633
335,-0.222736,-0.475057,-0.923528,-0.043631,3.666,13.26,40.956,81.912,2.413
336,0.708926,-0.098135,0.075157,-0.138133,5.063,14.164,53.439,106.879,2.224
337,-0.122111,0.303357,0.291059,0.438886,3.817,15.128,56.138,112.276,3.378
338,-0.537458,0.131425,-0.06657,0.492681,3.194,14.715,51.668,103.336,3.485
339,-0.165418,-0.763668,-0.135082,0.974291,3.752,12.567,50.811,101.623,4.449
340,0.245257,0.436294,-0.810209,0.610014,4.368,15.447,42.372,84.745,3.72
341,-0.767241,0.110225,0.082054,-0.809071,2.849,14.665,53.526,107.051,0.882
342,0.106785,0.709889,-0.789728,-0.46803,4.16,16.104,42.628,85.257,1.564
343,-0.821444,-0.360197,0.834506,0.0292,2.768,13.536,62.931,125.863,2.558
344,-0.254653,-0.883989,0.971963,0.34965,3.618,12.278,64.65,129.299,3.199
345,-0.51117,-0.549789,-0.637386,-0.855454,3.233,13.081,44.533,89.065,0.789
346,-0.28726,0.07222,0.153218,-0.578419,3.569,14.573,54.415,108.83,1.343
347,0.740747,-0.879154,0.275911,-0.921971,5.111,12.29,55.949,111.898,0.656
348,0.544679,-0.660621,-0.302407,-0.412979,4.817,12.815,48.72,97.44,1.674
349,0.318541,-0.570125,0.219512,-0.53701,4.478,13.032,55.244,110.488,1.426
350,0.897605,0.674415,0.726549,0.858079,5.346,16.019,61.582,123.164,4.216
