design,yoke_thickness_mm,rotor_outer_radius_mm,torque_Nm,gap_fundamental_peak_T,rotor_yoke_B_mean_T,rotor_yoke_B_p95_T,rotor_yoke_B_p99_T,rotor_yoke_B_max_T,elapsed_s,attempt
halbach_3seg,1.5,71.5,76.01108617192604,1.0870370741725657,1.0691781569888397,2.06181774420371,2.0856064274455988,2.0878712975788534,361.42090678215027,1
halbach_3seg,1.75,71.75,76.85637914300837,1.1069750461017158,1.0231590192751694,1.9664029806267838,2.013636548949666,2.0182151018041905,385.31854152679443,1
halbach_3seg,2.0,72.0,77.40287450926483,1.1165239685662298,0.9498417686941704,1.8531759344447452,1.9041183964610877,1.908432776802324,441.09977650642395,1
halbach_3seg,2.25,72.25,77.64792273973302,1.119921167387308,0.8726744417158417,1.683854807061377,1.7437902275444719,1.7468502151425944,448.35428953170776,1
halbach_3seg,2.5,72.5,77.79462019632341,1.121254817958121,0.8026921570915614,1.530721428274893,1.596021031173788,1.5967973501035653,516.5351660251617,1
halbach_3seg,2.75,72.75,77.85644863917202,1.1217353975085242,0.7407270843695325,1.400193033678246,1.461140934521986,1.4620257382608373,522.1157712936401,1
halbach_3seg,3.0,73.0,77.88236497515184,1.1218755549788069,0.6879221482705213,1.2878825537440386,1.3411275124014697,1.342785705708063,500.50315403938293,1
halbach_3seg,3.25,73.25,77.88649102957694,1.121909811563815,0.6420675483018723,1.1911050285030436,1.2372617674247073,1.239953481043148,524.9451603889465,1
halbach_3seg,3.5,73.5,77.8926606846862,1.1219098620097425,0.6038151231896711,1.1060490562575203,1.144588433502327,1.1482721896492498,493.4547736644745,1
halbach_3seg,3.75,73.75,77.88939529135767,1.12193591635704,0.5685684865577282,1.028934629972749,1.065852801524079,1.067705497761088,514.5736200809479,1
halbach_3seg,4.0,74.0,77.88422543904579,1.1219252702807996,0.5376440567253662,0.9611589694393213,0.9951002712459008,0.9968129417488237,569.4656879901886,1
halbach_3seg,4.25,74.25,77.87150479668543,1.1219164886197743,0.5092220995812609,0.9027440952943447,0.9347076535121336,0.9391047287449422,518.3401472568512,1
halbach_3seg,4.5,74.5,77.88421866252057,1.1219316957753205,0.4835563982101119,0.8439620226857991,0.8786240941339623,0.8850349806634703,530.6421291828156,1
halbach_3seg,4.75,74.75,77.88396299002474,1.121932467512754,0.4610453546841897,0.8031025307557506,0.8279775078489315,0.8345850230146935,478.3597893714905,1
halbach_3seg,5.0,75.0,77.8831567514229,1.1219404954171301,0.44056892161247624,0.7574761674464916,0.7844424589593976,0.7919494481421765,528.1279304027557,1
