run,coded_thickness,coded_length,coded_v_angle,coded_tip_gap,magnet_thickness_mm,magnet_length_mm,v_angle_deg,v_included_angle_deg,tip_gap_mm,center_chord_mm,magnet_center_offset_deg,completed_design,loaded_torque_mean,loaded_torque_min,loaded_torque_max,loaded_torque_pkpk,loaded_torque_ripple_pct,cogging_torque_pkpk,loaded_force_max,loaded_force_mean,completed_bool,magnet_area_per_piece_mm2,total_magnet_area_mm2,torque_per_magnet_area
311,0.965699,0.88097,0.7643,-0.786403,5.449,16.514,62.054,124.108,0.927,15.5152969636753,22.2359643040701,1,53.5436345233819,48.6716872735606,59.212234901036,10.5405476274754,19.6859023884015,0.0785666616434526,713.081727366155,505.017670468367,True,79.49163015506667,635.9330412405334,0.08419696894335407
333,-0.022974,0.958608,0.506818,-0.49043,3.966,16.701,58.835,117.67,1.519,15.8097207860701,22.6811769861876,1,45.439407290632,40.1371044147144,49.7827608814207,9.6456564667063,21.2275138295981,0.0323209461633248,883.494860698643,592.1958386571,True,56.676998637553844,453.41598910043075,0.10021571444973296
316,0.040221,0.779348,0.469886,0.042955,4.06,16.27,58.374,116.748,2.586,16.4397271558058,23.6387665198453,1,42.0996562177231,36.9232853872851,46.0935419735529,9.17025658626775,21.7822600233188,0.0674616216803199,891.608372838134,587.7907722445,True,56.24613225257162,449.96905802057296,0.09356122486048422
308,-0.090825,0.461006,0.681785,-0.221369,3.864,15.506,61.022,122.044,2.057,15.6217386757334,22.3967552026751,1,40.3400555152064,34.8616967480049,44.9877946306938,10.126097882689,25.1018441927326,0.0291351613615491,986.387312169655,644.928771331693,True,52.414150243033966,419.3132019442717,0.09620506897507068
306,-0.71762,0.990091,0.903824,0.537428,2.924,16.776,63.798,127.596,3.575,18.6271478578064,27.0212340657809,1,37.3782130579784,34.359872330286,40.9992817795259,6.63940944923996,17.7627791862104,0.0456918995398245,981.846212247302,611.786444486766,True,44.01248033622591,352.0998426898073,0.10615799419969589
305,-0.637541,-0.011554,0.936845,-0.342906,3.044,14.372,64.211,128.422,1.814,14.7545820450516,21.0920807562619,1,33.1168591504317,28.3038133894897,38.0075809651092,9.70376757561949,29.3015938846755,0.0324546130967563,1133.5183748782,783.436226054956,True,39.39113174513692,315.12905396109534,0.10508983140132863
303,-0.914576,0.820477,0.35292,0.94262,2.628,16.369,56.912,113.824,4.385,18.0994895813268,26.1964951358748,1,30.6538001875347,26.8458401777908,33.680400296015,6.83456011822418,22.2959635556163,0.0978569163085292,1071.92822329859,678.317679005502,True,36.04167861972673,288.33342895781385,0.10631372261736487
341,-0.767241,0.110225,0.082054,-0.809071,2.849,14.665,53.526,107.052,0.882,12.6745180534581,18.0070844134269,1,29.5062192219429,25.5339248622428,34.4086607565628,8.87473589432001,30.0775095160959,0.0448238126673345,1176.36000299946,850.776173464283,True,33.59688393430205,268.7750714744164,0.10978034183036754
325,-0.858167,0.351413,-0.177721,-0.300604,2.713,15.243,50.278,100.556,1.899,13.6232179141744,19.4068324511887,1,27.1796994438242,23.2527556208339,31.5315469094642,8.27879128863038,30.4594659177201,0.0053998044763256,1142.81861718217,814.300630488619,True,31.807803201155192,254.46242560924154,0.10681223123119161
327,-0.949548,-0.189141,0.673165,0.256016,2.576,13.946,60.915,121.83,3.012,15.199402641701,21.7598518099555,1,26.0225759427963,22.2681664209402,30.7752934292814,8.50712700834123,32.6913331986882,0.0140153973208751,1174.76803122934,834.713021480361,True,31.39474920502184,251.1579936401747,0.10361038311238438
301,-0.972088,-0.420757,0.385224,-0.705045,2.542,13.39,57.315,114.63,1.09,12.359722793179,17.5451141293521,1,24.8139674121667,20.9351831159212,29.1088157633135,8.17363264739225,32.9396444817791,0.0183694799651887,1291.32770609445,910.64338586651,True,28.647635340260912,229.1810827220873,0.10827231950141782
