magnet_thickness_mm,magnet_length_mm,v_angle_deg,tip_gap_mm,loaded_torque_mean,loaded_torque_ripple_pct,cogging_torque_pkpk,loaded_force_max,pareto_torque_ripple,source,magnet_area_per_piece_mm2,total_magnet_area_mm2,torque_per_magnet_area
5.412256764276246,16.764452508547333,64.03157057995189,0.5510691695396285,46.01385854070376,19.668931936350003,0.0999024587054634,799.8085907602194,True,predicted,81.5726529549227,652.5812236393816,0.07051054623375305
4.840524175589786,16.74986917368866,64.14977455582914,1.5288099056556987,45.572046984709054,19.70776510680719,0.0979754123025921,863.1735871372098,False,predicted,72.96521615560165,583.7217292448132,0.07807152741027414
3.947215020212151,16.39780379602637,62.15663748442962,1.0979545133559434,44.360501174134015,20.288332041110692,0.0757919842208269,887.041662660725,False,predicted,57.232222563855395,457.85778051084316,0.09688707511891556
3.991415754126168,16.33078121557056,61.69312647257416,1.6029119297376455,43.98457126675138,20.51814270743443,0.0747857987015932,885.4839063398963,False,predicted,57.388392586408045,459.10714069126436,0.09580458975333096
4.068055838353985,16.645128651258773,58.913482698318646,2.708929378798248,42.247126010532085,22.14825860190285,0.0653994078285458,902.7324750689386,False,predicted,57.988909832978685,463.9112786638295,0.09106725348910133
4.659504422200049,14.70964631725429,61.191339902914,1.6211218969582886,35.40565630092626,28.5326729316778,0.0580659808312621,1000.5351549427986,False,predicted,60.056772263773595,480.45417811018876,0.07369205621270761
4.1043349254311785,14.738839513980167,62.34302487929793,1.6079158967356548,35.31619096573986,28.155940847630845,0.0470500003122493,991.2401909057284,False,predicted,53.581335792965454,428.65068634372363,0.08238920895467956
4.1906349593921615,14.439620601978136,62.38842356942057,1.9915871436099757,35.130918792508346,28.35709001888051,0.0452380073994475,994.7781147731612,False,predicted,53.61955792585709,428.9564634068567,0.08189856498137753
3.8380759288216337,14.64196756334626,58.19358051574653,0.794042089790063,34.27803179301355,29.24936903830899,0.0389890455400864,1036.234436135751,False,predicted,47.75808722625092,382.0646978100074,0.08971787236427502
3.682838704144954,14.435454419863298,58.27181961573825,1.0927335692218438,33.95977030009324,29.42871639245189,0.0324822956896313,1126.818572015994,False,predicted,45.21830861722935,361.7464689378348,0.09387726824205475
3.677996927132055,14.51203088632414,63.162277012976475,2.566128567182816,33.821966963408826,30.876293629165772,0.029394984158282,1101.1107901726093,False,predicted,47.626096109220484,381.00876887376387,0.08876952376551403
3.810492281669181,14.23393496277578,62.05242268598646,1.868188910046599,33.38100983897288,28.81208004145196,0.029015747490813,1003.4767341993136,False,predicted,47.912853414666046,383.30282731732837,0.08708782576064183
3.370910289620019,14.404641717771444,60.48291314943563,2.3723046752987464,32.51621012705179,30.504231680244068,0.0285756128990891,1117.1918982914824,False,predicted,42.254515768682836,338.0361261494627,0.09619152395763389
2.871649740542382,14.610157002351023,61.57514803539623,2.2985583969362873,31.77986416144834,30.015072414869316,0.0260957578220278,1128.875906320069,False,predicted,36.89722002638794,295.17776021110353,0.10766347755576233
3.618109175052392,14.107895381919564,63.94669186921542,2.8101755214255086,30.012385330724,31.52685205551742,0.0235590933878238,1111.2983805478186,False,predicted,45.85711986131798,366.85695889054386,0.08180950259602014
2.945069166431039,14.265182391998655,59.2553986927979,3.5354042344025567,29.1279039802698,33.19855268781702,0.0228960966938507,1128.578493197734,False,predicted,36.10736200374084,288.8588960299267,0.10083782905980522
2.650148896342192,14.19121985458269,62.63371928144761,4.122177238635251,28.539191703733472,32.22246593767267,0.0213375709338918,1131.426827581492,False,predicted,33.39989171794747,267.19913374357975,0.10680869845604135
3.5784902331720785,13.749857731141285,64.33902705372586,2.7849799131356474,28.36233019950433,32.07167847257797,0.0196201112778723,1130.307245285538,False,predicted,44.35087576971701,354.80700615773605,0.07993734539417559
3.4836543936026234,13.415136069258953,58.10247171599332,2.1140484775320565,28.0253974784366,30.816834835469503,0.0191601004971307,1182.5550418623216,False,predicted,39.67665154560903,317.41321236487227,0.08829310308047572
3.4938861236560697,13.33118736410278,62.958124824503415,2.60939734108074,27.627749767720243,32.11040029793587,0.0170053150165934,1165.2574828698316,False,predicted,41.48552481211899,331.8841984969519,0.08324514964207909
3.651862051045851,13.20361848990375,57.313481453197355,2.88591559617975,26.760021147706745,33.30234231409242,0.0156371018430504,1164.865207224738,False,predicted,40.58192108512316,324.6553686809853,0.08242593140051174
3.907557541753808,12.686970821745687,63.99538415056715,2.0975303582801264,26.735897131860053,30.256241834347986,0.0140220670947258,1027.476475934982,False,predicted,44.55602549200951,356.4482039360761,0.07500640159391786
3.674015676295692,12.454193127338634,56.23150727404316,1.2793124395592606,26.315450518170373,31.483429364371126,0.0137872168102107,1182.525863825731,False,predicted,38.03726566379428,304.29812531035424,0.0864791739723378
3.000869532943395,12.251309037646482,63.097230993529465,1.358598051244575,26.25441110334041,30.80752655224613,0.012904981827372,1209.132378803757,False,predicted,32.78575773728622,262.28606189828974,0.10009838461611216
3.5166976440588504,12.551365563964437,61.71448154767834,2.169364949902374,26.047753295712553,30.860118616365455,0.009034800564759,1169.8823156256385,False,predicted,38.868992667381306,310.95194133905045,0.08376777833752468
3.748309739559547,12.187806870963929,60.14882592965716,2.8207365804913453,25.686333240321755,33.129483963199775,0.0087890378883319,1136.4363466423945,False,predicted,39.62242145633534,316.9793716506827,0.08103471562379327
3.423806507264599,12.505553034678616,58.64229847024211,2.678543594036313,24.951889551208595,33.9292067528137,0.0082231792142747,1188.6203087063266,False,predicted,36.562596584739,292.500772677912,0.0853053799576948
3.655367735481972,12.186545570799286,64.21791767085855,3.5931031267956635,24.628575872710623,32.59816920970988,0.0074928738070193,1149.1001117763376,False,predicted,40.11193610630831,320.8954888504665,0.07674952353159208
2.7000997454524613,12.605361610584414,58.87491982811901,3.7919024789759095,23.2565719472275,34.28096933545938,0.0073666667456857,1203.8434887253975,False,predicted,29.135980075467323,233.08784060373858,0.09977599812580905
2.7610306127707194,12.683062276285929,51.26020568932924,2.424983692719407,22.55639127023386,34.70797213226421,0.0071578757700368,1213.0369277997672,False,predicted,27.314150699084177,218.51320559267342,0.10322667323036223
3.639670470107364,12.240345780765956,51.192042913554616,2.919253623254135,22.252515032003775,34.846147526333176,0.0053405861249934,1167.113525576886,False,predicted,34.71627215975968,277.73017727807746,0.08012278409963147
