run,candidate,inner_angle_deg,outer_angle_deg,outer_area_ratio,inner_thickness_mm,inner_length_mm,layer_normal_gap_mm,angle_difference_deg,outer_length_mm,outer_thickness_mm,inner_center_radius_mm,outer_center_radius_mm,inner_center_offset_deg,outer_center_offset_deg,outer_bridge_min_mm,shaft_clearance_min_mm,layer_gap_actual_min_mm,other_magnet_gap_min_mm,geometry_status,exact_outer_bridge_min_mm,exact_shaft_clearance_min_mm,exact_layer_gap_actual_min_mm,exact_other_magnet_gap_min_mm,theta_start_deg,theta_stop_deg,theta_step_deg,current_peak_A,commutation_offset_deg,completed_points,loaded_torque_mean_Nm,loaded_torque_min_Nm,loaded_torque_max_Nm,loaded_torque_pkpk_Nm,loaded_torque_ripple_pct
1,1,45.876078037545085,56.65856543928385,0.7044329944998027,2.425757938064635,16.37118503898382,1.081584389321506,10.782487401738763,13.740418546338216,2.0359509272994782,18.0,23.637633633613593,20.079097747802734,14.812755584716797,1.2631419708188467,1.5222539570222384,1.0815840752752728,0.6075572342272404,OK,1.2631247765349833,1.522263286311997,1.0815843893195227,0.6075381036998119,0,28,2,10,35,15,43.081550163936306,36.80147878088436,49.52188747906825,12.720408698183888,29.526348633648237
2,2,87.01227699406445,89.71501145511866,0.6452331429347395,1.8216584213078022,15.04932968178764,1.6818885621614754,2.702734461054206,12.088585593465254,1.4632727313221003,18.0,20.745099091529845,25.743579864501953,17.818164825439453,7.535523630461633,6.91226921587854,1.6818946900234821,0.5104479420668406,OK,7.535506702470556,6.912265574252867,1.6818885621667605,0.510431410043222,0,28,2,10,35,15,28.532570911493497,26.49210373565981,29.8624861399853,3.3703824043254897,11.81240349767371
3,3,65.20971740595996,64.7983043268323,0.797841800749302,2.5781948268413544,15.208296878263354,1.5046982108615339,-0.41141307912766933,13.584353510360662,2.302894941277301,18.0,21.536213850975034,23.603076934814453,17.42563247680664,3.762902179671734,3.889670144820947,1.5046985228721992,0.6074798502812424,OK,3.76289026975574,3.8896634707365614,1.504698210858057,0.6075381040788606,0,28,2,10,35,15,43.94409134534654,39.20468496929151,48.60064879640718,9.395963827115665,21.381631840501466
4,4,61.81771812029183,71.56615573912859,0.551220097579062,2.1665477575734258,15.970903145242483,0.5088662877678871,9.74843761883676,11.857468995626164,1.608536012606333,19.0,21.396788001060486,22.733631134033203,16.085147857666016,4.776181683026476,4.527275991040312,0.5088664208639068,0.6074590532030556,OK,4.776174371246395,4.5272603931696445,0.5088662877707981,0.6075381033550598,0,28,2,10,35,15,40.112322795889376,36.79655417066198,43.67746621098008,6.880912040318101,17.154110160439878
5,5,52.62262067757547,69.31987166404724,0.5967420899309218,2.1108843637630343,15.73467180263251,0.9922313750721514,16.697250986471772,12.154889756943737,1.6306388244401342,19.0,23.812065958976746,20.183773040771484,14.568424224853516,2.940279299182478,3.7330190649956325,0.9922314720715572,0.6074758213182956,OK,2.9402102212614736,3.7330305590775463,0.9922313744155418,0.6075381036341065,0,28,2,10,35,15,42.09016391340376,37.26753877879533,47.05652276759935,9.78898398880402,23.257177161257587
6,6,73.98948521353304,77.35708802938461,0.6582768402062357,2.6358131673187017,15.398904510121794,1.9938969211652875,3.367602815851569,12.493787465630673,2.138547549921148,18.0,21.777608799934388,25.342769622802734,17.08810806274414,5.079499405478103,4.776646724885401,1.9938969603036274,0.6074977100604612,OK,5.079471991209267,4.776655309549893,1.9938969211673128,0.6075381032326365,0,28,2,10,35,15,41.135081335786104,38.06069238363354,43.8012192498235,5.74052686618996,13.955306954008375
7,7,83.68266253732145,52.42997154593468,0.503324378747493,1.8929444272071123,14.715621379949152,1.4153394717723131,-31.25269099138677,10.440050234384367,1.3429561960507903,17.5,21.80901250839234,25.801258087158203,11.749935150146484,4.707479272967085,5.996835879998011,1.4153399072470756,0.607516605892368,OK,4.7074835876172365,5.996830917871218,1.4153394717666825,0.6075381038378669,0,28,2,10,35,15,24.294336180010596,23.0617689214321,24.97094511920142,1.9091761977693196,7.858523828859303
8,8,49.57162179984152,84.25610557198524,0.7522987904958427,2.3525131782516837,16.751640235539526,0.8208803716115654,34.68448377214372,14.52956188823576,2.040456058970345,17.5,25.580837154388426,22.43856430053711,17.124156951904297,1.4288994379473863,1.2031535919151253,0.8208804074044125,0.6075994381693524,OK,1.4289025868648402,1.2031660024181363,0.8208803716150478,0.6075381032257497,0,28,2,10,35,15,52.180001295019856,43.56422889174667,62.69058806114979,19.126359169403116,36.654577797468484
9,9,46.47425469942391,60.95441188663244,0.533895262517035,2.738951902836561,14.81868691155687,0.6350184357725084,14.480157187208533,10.827738434383674,2.0013011250776174,19.0,23.839501976966858,17.381839752197266,12.197208404541016,2.716814118260274,3.1450738349552214,0.6350183947863187,0.6075115397004549,OK,2.716793454611601,3.1450748535340036,0.6350184357720146,0.6075381035395157,0,28,2,10,35,15,35.53612203247987,30.43660618914812,39.64081254634358,9.204206357195464,25.900987026054384
10,10,80.53031648509204,72.9173344001174,0.736065073311329,2.0138816544786096,16.351669049263002,1.6132750920951366,-7.612982084974647,14.028789345653845,1.7277943561994142,18.5,21.925121545791626,26.893672943115234,18.642749786376953,4.084619268809671,6.136456034678634,1.6132753908258124,0.5527034890964059,OK,4.084615917174208,6.136470800349953,1.6132750920978198,0.5527683037105436,0,28,2,10,35,15,43.23501400395592,40.77298914991008,46.48267941783485,5.7096902679247705,13.20617189438714
11,11,77.13601385243237,57.843845300376415,0.5899005120620131,2.2727218167856336,16.206325924862178,1.808040707372129,-19.292168552055955,12.447265562380215,1.7455635616674539,18.0,22.289215922355655,27.11343765258789,14.478435516357422,3.399670903118391,5.055758345089666,1.8080406805441727,0.6074398086751497,OK,3.399632810388354,5.055764604709793,1.8080407073770295,0.6075381032719509,0,28,2,10,35,15,40.03774349233754,37.14539890676424,42.8597964533607,5.714397546596459,14.272526491634286
12,12,55.726377395913005,86.01756285876036,0.6794921878725291,1.9822896048426628,15.223594244942069,1.1901612733490765,30.291185462847352,12.549009098213194,1.6340274107560908,18.0,24.694861292839047,21.489009857177734,15.412769317626953,3.3486927911127253,3.2669118437970717,1.190161761515268,0.6074857031866251,OK,3.3487321234077,3.266902239098611,1.1901612733518439,0.6075381038783252,0,28,2,10,35,15,40.82906895865491,35.46598910197483,46.23223064710076,10.76624154512593,26.369059642354912
13,13,64.91508522070944,53.615408167243004,0.7625833990983666,1.8035794328898191,15.598949736636133,0.689220754429698,-11.29967705346644,13.621942165032207,1.5749941592006678,18.0,20.71627414226532,24.161701202392578,16.221065521240234,4.1590489874777035,4.12452034052715,0.6892203032254686,0.6075498327859097,OK,4.159022203537635,4.124536182164196,0.6892207544301873,0.6075381033833289,0,28,2,10,35,15,36.5362105061481,32.86690457083753,39.31279050044534,6.445885929607812,17.642458920371983
14,14,68.36206345818937,80.55850021541119,0.5627663326449692,2.4494808642193675,15.858344906382262,1.3129795934073627,12.196436757221818,11.89657407652994,1.8375455145070396,19.0,22.65531861782074,23.822574615478516,15.80770492553711,4.912366596003611,5.143331336765998,1.3129799299826737,0.6075712676067163,OK,4.912394004581056,5.143338272846604,1.312979593412871,0.6075381034703261,0,28,2,10,35,15,43.49798369715196,39.53158727357517,46.39017526686051,6.85858799328534,15.767599806550132
15,15,83.86574835516512,65.47581292688847,0.7065870544873178,2.208214453421533,16.55525101190433,1.8622373067773879,-18.389935428276658,13.916134197627239,1.8561970850733318,19.5,24.457538795471187,25.95346450805664,15.738811492919922,1.1434852129521609,7.541390088979901,1.8622368777242386,0.6075395135312851,OK,1.1435088513030678,7.54139041818169,1.8622373067939575,0.6075381029337608,0,28,2,10,35,15,51.79864884120466,46.33839722120946,57.13136771688522,10.79297049567576,20.836393877305532
16,16,42.77232131920755,78.70843298733234,0.6193303131498397,2.5465664211660624,14.586607840098441,0.8898714939132333,35.936111668124795,11.479301844919814,2.0040851812264218,18.0,26.199758219718934,16.979694366455078,13.086681365966797,1.5166157270786336,1.9912680323960785,0.8898710821611281,0.6074524960723005,OK,1.516574815647317,1.9912775474414577,0.8898714939188465,0.6075381037622057,0,28,2,10,35,15,39.892053108277146,33.59478712650906,45.9610924827148,12.366305356205736,30.9994206681728
17,18,86.61297183483839,79.80382945388556,0.5230191709473729,2.3382739443331957,15.119922397658229,0.7784779663197696,-6.809142380952835,10.93473760962759,1.6910412215258774,18.5,20.872085046768184,25.10965347290039,15.805034637451172,6.954181593890514,7.1369203475248355,0.778478242291142,0.607512319684471,OK,6.954201559810045,7.136914565856962,0.7784779663259949,0.607538103184096,0,28,2,10,35,15,31.37547669344297,29.67482651751075,32.16098213362064,2.486155616109894,7.923881572863769
18,19,71.06194147840142,54.710697047412395,0.676233283802867,2.065516969189048,14.993672441039234,0.9527386301197112,-16.351244430989027,12.329807328236726,1.698544927098544,17.5,20.824051380157474,24.99643325805664,14.846668243408203,4.683856683149603,4.339659461980224,0.952738390546755,0.6074759094090281,OK,4.683811605178899,4.339673054347392,0.9527386301256003,0.6075381035630398,0,28,2,10,35,15,32.94464670627476,30.13853947449761,34.71235795862229,4.573818484124683,13.883343551696173
19,20,62.20423240214586,81.65433507412672,0.5796829966828227,2.681212688796222,16.472746957838535,1.8575614104047418,19.450102671980858,12.541841502106307,2.0413926506845885,18.5,24.20033354759216,24.22098159790039,15.600757598876953,3.2297604401281035,3.519184621467627,1.8575609754857743,0.6074638040705566,OK,3.2297686313596046,3.5191688947853006,1.8575614104066986,0.6075381032688779,0,28,2,10,35,15,49.969673555275456,44.66190883501498,55.46105133323182,10.799142498216845,21.611392930696354
20,21,58.50269986316562,59.251801297068596,0.5688823928125203,2.5962486984208226,16.66776767587289,1.5441237217746675,0.7491014339029789,12.571545877113506,1.9582022173154812,19.0,21.78122842311859,22.953662872314453,15.186595916748047,3.801543554287793,3.6230200427898573,1.5441239757785068,0.6074705932874014,OK,3.801557802218266,3.6230066338461118,1.5441237217758341,0.607538103235337,0,28,2,10,35,15,45.99375449421084,41.51763855208947,50.61955117939911,9.101912627309638,19.789453432107354
21,22,74.3977503478527,87.42573104798794,0.7804909194819629,2.148522198200226,14.753027738071978,0.6451746188104153,13.027980700135231,13.033620944535167,1.898120468518879,18.5,22.121888971328737,23.606815338134766,17.939929962158203,5.532021577511049,5.8558300181672625,0.6451751168069596,0.6074880587976689,OK,5.5320029481329485,5.8558301778851405,0.645174619062322,0.6075381030253064,0,28,2,10,35,15,38.78878097429189,36.34065447229973,42.09898580912476,5.75833133682503,14.845352682368363
22,23,77.83940738067031,62.36253924667835,0.6249331460334361,2.3763605542480946,15.50496615646407,1.2149430057033896,-15.476868133991957,12.257096423555797,1.8785774929544194,18.0,21.68239467144012,25.970287322998047,15.331859588623047,4.291073373715726,5.3373085848400414,1.2149430685445064,0.6074884037319362,OK,4.291061213055915,5.337306513666222,1.2149430055523363,0.6075381041286673,0,28,2,10,35,15,38.30237198737101,35.29989420111742,40.606187646972,5.306293445854585,13.853694093943233
23,24,49.2001561075449,74.32540692389011,0.7238359271548689,1.871084594167769,15.674514560215176,1.7242637877352536,25.125250816345215,13.335649340230546,1.5918915981654753,17.5,24.72890977859497,20.87778091430664,15.776996612548828,1.9863317353337706,1.998744815608866,1.724263328501264,0.6075614149673876,OK,1.9863236681506429,1.998754143848851,1.7242637877345304,0.6075381030557183,0,28,2,10,35,15,41.96707096208828,36.25515693779997,47.32830465937244,11.073147721572475,26.38532417851035
24,25,52.35240716487169,51.02065656334162,0.6367008058354259,2.2262397054582834,15.320813130959868,1.9134046346880496,-1.331750601530075,12.225018225267945,1.776395334921597,18.5,22.086337137222287,20.13784408569336,13.231945037841797,3.255175406135283,3.2882892473986374,1.9134046103859894,0.6074480241572415,OK,3.255092205841766,3.2883003695142516,1.9134046346848068,0.60753810316358,0,28,2,10,35,15,35.69089959309608,31.59710800368212,39.84954852911069,8.252440525428572,23.12197400321312
25,26,80.93667874112725,82.84685496240854,0.6889420371502638,2.528512260876596,16.137323728669436,1.037875865586102,1.91017622128129,13.394387343442709,2.098729206544689,19.0,21.654061913490295,25.807666778564453,18.717517852783203,5.297499773121679,6.556855982046175,1.0378760202803758,0.6075127211893852,OK,5.297511323154193,6.556850111025483,1.0378758655841003,0.6075381032510664,0,28,2,10,35,15,42.69681819320275,40.50070529687984,44.67890567983167,4.178200382951829,9.785741794729308
26,27,71.29389863461256,67.91065234690905,0.5433463277295232,1.7541534332558513,16.277201047539712,0.8343211878091097,-3.383246287703514,11.998255220587236,1.2930220943270985,19.0,20.245691180229187,24.942493438720703,16.832294464111328,5.455800398009249,5.695114851888377,0.8343210075563763,0.6075431631647584,OK,5.455800987000295,5.695115971981188,0.8343211878061559,0.6075381039240019,0,28,2,10,35,15,36.01534179711192,33.8219088128776,37.36534519741586,3.5434363845382606,9.838685981379218
27,28,55.35607548430562,75.94766605645418,0.7828641511499882,2.4988784324377775,14.865500021073967,1.3670508596114814,20.59159057214856,13.152936548830876,2.210997909152168,17.5,24.055981159210205,21.517314910888672,16.130542755126953,2.5409685776817525,2.540712282165183,1.3670512333915634,0.6074650984072452,OK,2.5409481689817675,2.5407098262491523,1.367050859617262,0.607538103673967,0,28,2,10,35,15,45.47725360793461,39.26660666944744,52.0797849577695,12.813178288322057,28.174916627081647
28,29,59.05198134481907,63.701761066913605,0.6597781061194837,2.28696122020483,14.522107564844191,1.6629188163205981,4.649779722094536,11.795832560914981,1.8576237303288028,18.5,22.32260012626648,20.672969818115234,14.505672454833984,3.9969141359966542,4.2451992366987135,1.6629185572609007,0.6075801255402496,OK,3.9969136088891872,4.24520714321495,1.6629188163231015,0.6075381034329986,0,28,2,10,35,15,37.615908846737575,33.22197382624542,41.22819880730769,8.006224981062275,21.284146060867155
29,30,67.96467011794448,70.4690569639206,0.6098894045688212,1.9680179553106427,16.647967702802273,1.1360170510597527,2.5043868459761143,13.001299681519844,1.5369318148844495,19.0,20.998983025550842,24.96652603149414,17.831783294677734,4.930129812026472,5.04354321098579,1.1360168238876887,0.6074920686092016,OK,4.930124815516482,5.043533033023863,1.1360170510563325,0.6075381033968497,0,28,2,10,35,15,41.67712763394391,38.9135742454022,43.97666231990284,5.063088074500641,12.148361372142672
30,32,43.15771056339145,88.61842796206474,0.5159584571607411,2.0592487566173077,15.519981733243913,1.4651977643370628,45.460717398673296,11.148041415933173,1.479163495102926,18.0,26.999860739707948,18.165302276611328,12.570247650146484,1.9640662918147953,1.9415520318919874,1.4651973485793954,0.6075065819739589,OK,1.9640592697536228,1.9415521958411954,1.4651977642898684,0.6075381038519715,0,28,2,10,35,15,36.06510907296049,31.04335326918012,41.38051542313664,10.337162153956523,28.662500737330983
31,33,44.27542058750987,64.32305499911308,0.5877029399387539,1.8484399979934096,16.781662542466076,1.3864893857389688,20.047634411603212,12.865122189075427,1.4170471115828436,18.0,24.49557015895844,20.017414093017578,14.422626495361328,1.7225186566689885,1.5857478342265665,1.3864895672506965,0.6075901833844712,OK,1.7225370019856179,1.585756490912047,1.3864893857376779,0.6075381036365185,0,28,2,10,35,15,38.67051707823169,32.97234975307573,45.44880740127439,12.476457648198654,32.26348802876978
32,34,89.07678067684174,72.35997036099434,0.6866726701147855,2.4046183321624994,14.648964021354914,0.8618163573555648,-16.716810315847397,12.138968757549662,1.9926041708751463,18.5,22.52392497062683,24.348621368408203,15.681133270263672,4.21183100790368,7.536983236282525,0.8618163759610558,0.60750283976691,OK,4.211814270801309,7.536992291741049,0.8618163573623816,0.6075381036709022,0,28,2,10,35,15,37.415960489256115,34.49459610919594,39.67147335201057,5.1768772428146335,13.83601322836857
33,35,67.12775757536292,57.42312133312225,0.5311160310171544,2.131984142586589,15.393040846008807,1.0595116601325572,-9.704636242240667,11.218095346175106,1.5537411761153754,19.0,21.359957098960876,22.905864715576172,13.621273040771484,4.941658789178742,5.3567959997067796,1.05951165012426,0.6075171625817177,OK,4.941646797493117,5.356798049103352,1.0595116598409817,0.6075381042237536,0,28,2,10,35,15,36.70704905819555,33.43697304607996,38.78503850050208,5.34806545442212,14.569587018404198
34,36,59.582315906882286,89.2495658993721,0.7426553220488131,2.6228023944422603,15.776056176796557,1.938702535815537,29.667249992489815,13.595403227605148,2.2602642725890347,17.5,25.49546937942505,23.957691192626953,16.17166519165039,2.27759626655104,2.482275333278583,1.9387020054318809,0.6075639641945677,OK,2.2775959627630122,2.4822816637993625,1.9387025358144814,0.6075381038912273,0,28,2,10,35,15,50.19459625701489,42.85920424738043,59.0036280903346,16.14442384295417,32.163669093558894
35,37,54.714614022523165,51.65172088891268,0.7134657787159085,2.662838880904019,15.981184453796596,1.4377612485550344,-3.062893133610487,13.498811651010984,2.249217547937935,18.0,21.78482758998871,22.28689193725586,14.887523651123047,2.6874861747694183,2.412936772414202,1.4377614412100217,0.6075234537504554,OK,2.687446333499782,2.4129487223772728,1.437761248559331,0.6075381037898014,0,28,2,10,35,15,42.773576011795065,38.35730549610292,46.87560521734147,8.518299721238556,19.91486453900788
36,38,72.41021391004324,84.7084667161107,0.6168485425412655,2.0899888947606087,15.162503702007234,0.5644497722387314,12.298252806067467,11.908585836404091,1.6414711342885415,19.0,21.78615176677704,23.349933624267578,16.62374496459961,5.971198836257411,6.059902985253897,0.5644494513164565,0.6075656944239912,OK,5.971201951299847,6.059908641287096,0.5644497722386653,0.6075381036482274,0,28,2,10,35,15,37.52632071407918,34.98616190021139,39.64772733186405,4.6615654316526545,12.422122241000093
37,39,81.4685987867415,69.80149153620005,0.7700615210458637,2.3177054189145565,15.023900495376438,1.1107777981087565,-11.667107250541449,13.183945831013382,2.03385949638174,17.5,21.254373645782476,26.222896575927734,17.78024673461914,4.711818415550642,5.416144941971236,1.1107774866223412,0.6075966795846668,OK,4.711823405621558,5.416158700980368,1.110777798107577,0.6075381040514333,0,28,2,10,35,15,37.48354580595673,35.01222697923609,40.47460231819623,5.462375338960143,14.572728437265628
38,40,51.51710394769907,76.56903360038996,0.5608570571988821,1.937307850457728,16.433258119411768,1.6413416755385697,25.051929652690887,12.306931158570498,1.450857412163309,18.0,24.555062413215634,21.975269317626953,14.839725494384766,2.828714989793596,2.346195614023344,1.6413416106958316,0.6075478701132634,OK,2.828702938836077,2.346202272843506,1.641341675541645,0.607538103281753,0,28,2,10,35,15,41.525075341963245,36.56722637017051,45.95735546826641,9.390129098095898,22.613153668638102
39,41,48.364805206656456,58.620732203125954,0.7909609944559635,2.0347722936421633,14.632826494425535,1.8301134505309165,10.255926996469498,13.01384880117721,1.809644840958886,17.5,23.409374904632568,19.258251190185547,14.494190216064453,2.0829825389040764,2.303035128711022,1.8301131183279904,0.6074487822154147,OK,2.08295613654397,2.3030292011972353,1.8301134505344447,0.6075381042316618,0,28,2,10,35,15,36.13828561717491,31.10024253854615,42.21316191079384,11.112919372247692,30.751097298777836
40,42,78.37118437513709,85.56412406265736,0.5537087961100042,2.7119232704862952,16.545395215693862,0.9333473080769181,7.192939687520266,12.311695248034171,2.0179858146035348,19.0,21.746614813804626,26.260547637939453,17.22909927368164,5.495959837045117,5.990422561677791,0.9333473394852198,0.6074595774428063,OK,5.495949876161127,5.990404047337197,0.9333473080815582,0.6075381032055673,0,28,2,10,35,15,42.36796574534451,40.79115963037474,43.47799278780197,2.6868331574272304,6.34166193764558
41,43,75.51401793956757,60.4717143625021,0.6969619636423886,1.9379308922216296,15.796978100016714,0.7532272692769766,-15.042303577065468,13.187988347314993,1.6178670289157113,17.5,20.483111667633057,27.023181915283203,17.153797149658203,4.988240747896278,4.616521338135765,0.7532402861677373,0.6074472292584535,OK,4.9882319495127945,4.616514378972232,0.7532272692779611,0.6075381037713704,0,28,2,10,35,15,35.180331736330395,32.92022150509434,36.89758256006026,3.977361054965918,11.305638288960575
42,44,57.8610953502357,73.70402507483959,0.6471402089111506,2.30753237567842,15.625085162837058,1.2603250364772975,15.842929724603891,12.569603706169401,1.8562950025014096,18.0,22.985473179817202,22.606258392333984,16.001033782958984,3.764115435079205,3.102553560117382,1.2603246611576873,0.6074874542559601,OK,3.7640836241467035,3.1025560056267043,1.2603250364766885,0.6075381036801276,0,28,2,10,35,15,42.35486121465676,37.36413631078617,46.94229337186829,9.578157061082116,22.614067869422335
43,45,62.7346146479249,65.95030885189772,0.5055290397256613,2.470615640282631,15.289554171822966,1.7436908697709441,3.2156942039728165,10.870959460141016,1.7566216885904502,19.0,21.97660529613495,21.940288543701172,13.867740631103516,4.937657733568475,4.7356424842650355,1.7436910228177622,0.6074925312589707,OK,4.937642148304665,4.735640753926456,1.7436908697718785,0.6075381040347331,0,28,2,10,35,15,39.30010889261588,35.61505384385863,42.80569797516662,7.190644131307991,18.296753708636782
44,46,70.22517198696733,77.91293036192656,0.7451161010190845,1.7767949374392629,16.175606220494956,1.242426731158048,7.68775837495923,13.962800726448,1.5337313053400319,18.5,21.68636784553528,25.329151153564453,19.19576644897461,4.829705474700827,5.04466796662774,1.2424264848282403,0.6075356568094241,OK,4.829718072369275,5.044667416248737,1.2424267311589525,0.607538103452913,0,28,2,10,35,15,41.347849202210206,38.93832904032023,44.53947062126643,5.601141580946205,13.546391623791648
45,48,41.128939259797335,81.02319236844778,0.6516935216262937,2.2427808679640293,14.824133905675263,1.569410178810358,39.894253108650446,11.967158170941442,1.8105417530943628,17.5,26.637618350982667,17.214412689208984,13.490428924560547,1.2143806070917655,1.433087170330566,1.5694105619284682,0.6075321988809231,OK,1.2144056024606122,1.4330863511023235,1.5694101788167654,0.6075381039852649,0,28,2,10,35,15,40.05045201559566,32.81875440910542,47.78404666787417,14.965292258768748,37.366100769452636
46,49,42.338035171851516,54.253805950284004,0.5405614501796663,2.3669809559360147,15.702289805188775,1.1648748582229018,11.915770778432488,11.544776350975578,1.7402726673831856,18.5,23.829751920700076,17.592525482177734,12.08425521850586,2.1159589262297445,2.078678431728388,1.1648745752966947,0.6075400091238404,OK,2.116014814684238,2.0786787049792785,1.1648748579092711,0.6075381035501785,0,28,2,10,35,15,32.579980303929936,27.99938191102996,36.24217829875251,8.242796387722553,25.30018836975255
47,50,84.79868547059596,82.42742635309696,0.7894597598351538,1.8880040012300014,15.440556134004146,1.786416404414922,-2.371259117498994,13.71917315908264,1.677520783132455,18.5,21.67362542152405,25.595378875732422,19.132213592529297,5.283169214209661,7.039823792852131,1.7864165069617326,0.6074990884119259,OK,5.283165555593207,7.039816099841582,1.7864164044147477,0.6075381039007217,0,28,2,10,35,15,38.26164319089528,36.18406348624138,40.58047890688173,4.396415420640352,11.490398879906238
48,51,69.10120352171361,67.35443584620953,0.6345061617903411,2.6446627154946327,14.744919205456972,1.5857914141379297,-1.7467676755040884,11.745197369067295,2.1066297573609023,18.5,21.698999929428098,22.874622344970703,15.293941497802734,4.7368006031012655,5.003323389634765,1.5857917116430944,0.6074428755278437,OK,4.736738921192281,5.003337356120625,1.5857914141390297,0.6075381034405569,0,28,2,10,35,15,39.704940840817336,35.70159976785941,42.97280690651313,7.271207138653715,18.31310407388592
49,52,63.896448547020555,79.31760333478451,0.6961193052120507,2.1081362711265683,16.711397192720323,0.6155913956463337,15.421154787763953,13.942947771903302,1.758897450966992,18.5,22.44174017906188,24.96145248413086,18.590412139892578,4.179306764824055,3.9255599021718126,0.615591572281693,0.607471749022902,OK,4.179349780592201,3.925545308385683,0.615591395988165,0.6075381030167519,0,28,2,10,35,15,45.76748757381514,41.91965744825426,49.91517999401687,7.995522545762604,17.469874292022677
50,53,56.66097152046859,61.56350802630186,0.760607018135488,2.177473354153335,16.48527313489467,0.9114600368775427,4.902536505833268,14.377266112469687,1.8990351939761463,18.5,21.909039163589476,22.870349884033203,17.601070404052734,3.003150050757071,3.216480577272039,0.911460118835349,0.6074640645394773,OK,3.00308097757841,3.2164931496955536,0.9114600368743366,0.6075381033025827,0,28,2,10,35,15,46.175937332177426,40.91993451509442,51.39794840813303,10.478013893038614,22.691502324387194
51,54,76.70336087234318,74.79603093117476,0.5140614170581103,2.577280579134822,14.945634122099728,1.8874879563227296,-1.9073299411684275,10.715732182918385,1.8478606006692169,18.5,21.49379830360413,24.175052642822266,14.754810333251953,6.022249743673459,5.838026139818988,1.8874874704438105,0.6074792617758474,OK,6.022272092852873,5.838013581893078,1.8874879560675155,0.6075381035980553,0,28,2,10,35,15,35.878229365175976,33.39737024116654,37.18522234783882,3.7878521066722755,10.557522413156848
52,55,79.51023737899959,59.71269782632589,0.6666712114587426,1.8342904839664698,15.096740273199975,1.3323708679527044,-19.797539552673697,12.326478831969352,1.4976970136019248,17.0,20.806958699226378,27.030925750732422,15.68674087524414,5.114102990455276,4.839548852002606,1.3323714117822267,0.6074685115124263,OK,5.1140664790821155,4.839561702652054,1.3323708679470343,0.6075381039666878,0,28,2,10,35,15,29.690824611943185,27.40855329941779,31.16579757210775,3.7572442726899595,12.65456356230201
53,56,47.21192848868668,86.6560348495841,0.6073929667472839,2.4187357192859054,16.072637442778795,0.7166686723940074,39.44410636089742,12.526277472283654,1.8850518379303816,18.0,26.177396321296694,20.152530670166016,14.504337310791016,1.9293893529407384,1.7958201525401236,0.7166683236316601,0.6074805657346419,OK,1.9293838686981672,1.795812439560633,0.7166686724871956,0.6075381028719489,0,28,2,10,35,15,45.01818650959442,38.61894356703967,51.18940201668299,12.570458449643318,27.923067151903734
54,57,50.309247905388474,68.7107802927494,0.6687651899643243,2.5474852062761784,15.568445530254394,0.5304433866403997,18.40153238736093,12.731573490466086,2.083284105439546,18.0,23.6572480916977,20.466022491455078,15.281391143798828,2.5675705324866627,2.241715523036966,0.5305033259695189,0.6074320487106467,OK,2.5675987041828066,2.2417101387544633,0.5304433868781284,0.6075381029594541,0,28,2,10,35,15,42.93300470724821,37.81760106910127,48.29876709625044,10.481166027149165,24.41284065398682
55,58,82.66244038008153,75.47838672995567,0.5815868395380676,2.1972914719954133,15.897557078674437,1.5299374163150787,-7.184053650125861,12.12376970500734,1.6756949290645489,18.5,21.51450257301331,26.267757415771484,16.671009063720703,5.542950621152865,6.469904867723724,1.5299370577589957,0.6023144769930764,OK,5.54293205873676,6.469918183742491,1.529937416311002,0.6023740114940612,0,28,2,10,35,15,37.42990363273002,35.44447453477093,38.79404922452415,3.3495746897532186,8.948926832994122
56,60,53.557071750983596,83.61764788627625,0.5255132383666933,1.7909447401762009,14.545995929092168,1.1090208631940186,30.06057613529265,10.544725827427648,1.2982968886620827,19.0,24.585455298423767,18.900165557861328,13.030872344970703,4.097552555261672,4.545811911297825,1.109020488308601,0.6074544947258322,OK,4.097567981054372,4.545798614555441,1.1090208631903526,0.607538103748162,0,28,2,10,35,15,33.33923668907462,29.24795241937429,37.82646223760168,8.578509818227392,25.730972482158233
57,61,60.79912913031876,56.02018196135759,0.6277246654033661,1.9872350450605154,14.92921261182055,0.7955825123935938,-4.778947168961167,11.828277366794387,1.5744679854970276,19.0,21.05091416835785,21.034793853759766,14.323558807373047,4.855264949327051,4.957396838301275,0.7955821030449731,0.6074685750544628,OK,4.855208757975181,4.957407007317929,0.7955825123979693,0.6075381031558432,0,28,2,10,35,15,34.51934499639463,31.20171160457691,38.38545997176419,7.183748367187281,20.81078991486538
58,62,65.94900052063167,87.84607101231813,0.7172379503026605,2.2582571310922503,16.24872840512544,1.3937037247233093,21.897070491686463,13.761032164712056,1.9125157515309532,18.0,23.661651206016543,25.406856536865234,17.663021087646484,3.892701001400969,3.71549219626176,1.3937040361674764,0.6074392420995451,OK,3.8926750712180613,3.715482046138341,1.3937037247205828,0.6075381038215807,0,28,2,10,35,15,46.166381820459186,41.61980546282261,51.11271625206923,9.492910789246615,20.56238850634753
59,63,87.9452617932111,62.91967663913965,0.5710745412856341,2.016624747775495,16.093277576100082,1.9664017991162837,-25.02558515407145,12.161605226630282,1.52395271607822,19.5,24.609665107727047,25.33823013305664,13.43515396118164,1.776472688661272,8.329403752775686,1.9664021408656367,0.6075322736579359,OK,1.7764691700979505,8.329406301593565,1.9664017991180642,0.6075381037095596,0,28,2,10,35,15,43.88052010745358,41.20848321169495,47.09551723446857,5.887034022773626,13.416053429534557
60,65,44.82660597190261,69.65412080287933,0.5636946527287364,2.1934714280068874,14.678175771050155,0.702739882748574,24.827514830976725,11.02031584302982,1.6468496021810548,18.5,24.749899244308473,17.22269058227539,12.76865005493164,2.5438216947101715,2.913777387548837,0.7027852317145595,0.6074256531403597,OK,2.5438024367879315,2.913788165227764,0.7027398827440742,0.6075381031739172,0,28,2,10,35,15,33.50671816484632,29.05175856697393,38.02370100105502,8.971942434081086,26.77654788493738
61,66,88.05936254560947,76.48023635149002,0.7669309478253127,2.5590989449992776,16.78838400868699,1.2993790823966265,-11.579126194119453,14.702359100250645,2.2411205058797417,20.5,24.87496514320373,25.090961456298828,17.430438995361328,1.1539193725538546,9.003700810997945,1.299379027151522,0.6075302199969569,OK,1.1539116057754235,9.003706646656472,1.299379082401938,0.6075381032141483,0,28,2,10,35,15,56.49030424702028,49.24277812219614,65.377838329479,16.135060207282862,28.562530194080068
62,67,66.50247169658542,51.543964594602585,0.6195396604016423,1.7870748387649655,15.769311782158912,1.8751212852075696,-14.958507101982832,12.412158036933505,1.4066216477293494,18.0,21.606406188011167,24.745426177978516,13.826885223388672,3.878978279618927,4.232930991148322,1.8751216955166372,0.6074631839295643,OK,3.8790375270947237,4.232914660912945,1.8751212852105834,0.6075381036624682,0,28,2,10,35,15,34.99720071529792,32.18154529595617,36.87679326352441,4.695247967568243,13.416067204243175
63,68,60.52563354372978,84.58119943737984,0.7104817010462284,2.4681997671723366,15.36384345656261,0.8770892382599413,24.055565893650055,12.95019541571478,2.080447473984794,18.0,23.923868250846862,22.85593032836914,16.387958526611328,3.5768322880559644,3.393435433352183,0.8771113328893856,0.6074312285446845,OK,3.576793885177576,3.3934394724845447,0.8770892382560427,0.6075381042854174,0,28,2,10,35,15,45.05714825651233,39.44570954671547,51.56234886651142,12.11663931979595,26.891713720574124
64,69,53.67418775334954,57.022415436804295,0.7374740480445325,2.254330037161708,15.173729282617568,0.6280353143811226,3.348227683454752,13.030638674702425,1.9359354329218177,19.0,21.983601689338684,19.736499786376953,15.214900970458984,3.25602007862998,3.9943702208974443,0.6280355485447726,0.6075185440573966,OK,3.2560474323213384,3.994366961000937,0.6280353143787126,0.6075381030723358,0,28,2,10,35,15,39.90226320532477,35.2150381964428,44.53893733682749,9.32389914038469,23.366842859029756
