design,current_peak_A,phase_A_A,phase_B_A,phase_C_A,torque_Nm,torque_per_A_Nm_per_A,gap_fundamental_peak_T,gap_rms_T,gap_thd,external_leakage_rms_T,external_leakage_peak_T,stator_sample_max_B_T,rotor_yoke_sample_max_B_T,elapsed_s
radial,1,0.0,0.8660254037844386,-0.8660254037844386,1.609442476027378,1.609442476027378,1.1745995055871967,0.849421747716862,0.21428195261227811,4.3044854567626044e-05,6.186325503593897e-05,1.7039012277560204,1.1828401008699718,444.6694760322571
radial,2,0.0,1.7320508075688772,-1.7320508075688772,3.315171510228872,1.657585755114436,1.1747105885878897,0.8494923248949219,0.21422590466973146,4.306131135141007e-05,6.19776112353507e-05,1.7046061745938184,1.1844615159872962,406.798397064209
radial,3,0.0,2.598076211353316,-2.598076211353316,5.021578054591438,1.6738593515304794,1.1748157135316173,0.8495603725174476,0.2141800787739389,4.30784063825158e-05,6.20920025759313e-05,1.7052920287873947,1.1860482952002076,382.4695723056793
radial,4,0.0,3.4641016151377544,-3.4641016151377544,6.726980219053722,1.6817450547634305,1.1749149924994184,0.8496259511647996,0.21414436008792623,4.3096124680461426e-05,6.22064086879062e-05,1.7059595704501902,1.1876054188906409,395.1224615573883
radial,5,0.0,4.330127018922193,-4.330127018922193,8.429824813716094,1.6859649627432187,1.1750085691387493,0.8496891352686147,0.21411858108710205,4.311446082032772e-05,6.232080891708346e-05,1.706609652749308,1.1891376963321794,386.8496708869934
radial,6,0.0,5.196152422706632,-5.196152422706632,10.12971766957031,1.6882862782617183,1.17509659357126,0.8497500080483423,0.21410259679622964,4.313341194168318e-05,6.243522432565867e-05,1.7072427990979044,1.1906476598940219,390.54923367500305
radial,7,0.0,6.06217782649107,-6.06217782649107,11.82651367342843,1.6895019533469184,1.1751792716228495,0.8498087024161385,0.21409631533279808,4.315297462230245e-05,6.254970319963878e-05,1.707860038099216,1.1921350646709965,384.0527558326721
radial,8,0.0,6.928203230275509,-6.928203230275509,13.51991681376398,1.6899896017204974,1.175256789590144,0.8498653431402758,0.2140996781969911,4.317314723891274e-05,6.26642727058866e-05,1.7084620914937394,1.193602482777275,382.2061426639557
radial,9,0.0,7.794228634059947,-7.794228634059947,15.20957250674043,1.6899525007489367,1.1753292870574923,0.8499200261103036,0.21411265407595412,4.3193926257410044e-05,6.277898062584592e-05,1.7090499128408916,1.195049308571319,398.9308457374573
radial,10,0.0,8.660254037844386,-8.660254037844386,16.89507792977092,1.689507792977092,1.175396831232777,0.8499728057354892,0.21413527306441127,4.3215310128167435e-05,6.289404142352836e-05,1.7096245348255246,1.1964657468022732,416.9639799594879
radial,11,0.0,9.526279441628825,-9.526279441628825,18.57590944561367,1.6887190405103338,1.1754594157046006,0.8500236907888497,0.21416760790188377,4.3237292503774246e-05,6.3009217878827e-05,1.710187056107354,1.1978740129636898,454.6179265975952
radial,12,0.0,10.392304845413264,-10.392304845413264,20.25134581380361,1.6876121511503008,1.1755169753121866,0.8500726596709842,0.21420979982559818,4.325986331378137e-05,6.312470942544588e-05,1.7107387399560587,1.1992640462341324,418.7817795276642
radial,13,0.0,11.258330249197702,-11.258330249197702,21.9204431035127,1.6861879310394383,1.1755693670038658,0.8501196479528085,0.21426206641344783,4.328300892644483e-05,6.324058544970832e-05,1.7112810583681612,1.2006363315006419,435.36383986473083
radial,14,0.0,12.12435565298214,-12.12435565298214,23.58193395800053,1.684423854142895,1.1756163491169251,0.8501645377573203,0.21432472649319625,4.330671030694485e-05,6.335693248684242e-05,1.7118157884935246,1.2019908860986814,302.7195339202881
radial,15,0.0,12.990381056766578,-12.990381056766578,25.2342603136556,1.6822840209103733,1.175657573474409,0.850207147924476,0.21439817627382135,4.333094619165628e-05,6.347385627369029e-05,1.7123450045759405,1.2033281939082383,277.8195471763611
halbach_3seg,1,0.0,0.8660254037844386,-0.8660254037844386,1.86372696022914,1.86372696022914,1.1655974585687963,0.8308046048431817,0.12683185831463856,1.818670511828555e-05,2.708303722496992e-05,1.6577104904306017,0.7603068638238972,293.26824831962585
halbach_3seg,2,0.0,1.7320508075688772,-1.7320508075688772,3.700144004506188,1.850072002253094,1.1657038771617456,0.8308787261857514,0.1268151687907094,1.818870245052153e-05,2.706941368024992e-05,1.6584554740826336,0.7594440539839418,293.87313199043274
halbach_3seg,3,0.0,2.598076211353316,-2.598076211353316,5.538329165255507,1.8461097217518356,1.165805867005553,0.8309507631962012,0.1268088209357006,1.8190689068358424e-05,2.7057451226253243e-05,1.659183944380575,0.7585855621878078,305.6490797996521
halbach_3seg,4,0.0,3.4641016151377544,-3.4641016151377544,7.376040309528139,1.8440100773820347,1.1659034331943077,0.8310207100951372,0.1268127227616073,1.819265936802103e-05,2.7077955150630536e-05,1.6598971680364976,0.7576804060547536,336.94445180892944
halbach_3seg,5,0.0,4.330127018922193,-4.330127018922193,9.21060875783732,1.8421217515674642,1.1659965422654908,0.8310885245451141,0.1268266926050062,1.8194618626187534e-05,2.7121787542852157e-05,1.6605963480794468,0.7568214021276082,334.6675386428833
halbach_3seg,6,0.0,5.196152422706632,-5.196152422706632,11.04059072283705,1.840098453806175,1.1660850964132208,0.83115411236021,0.12685048909135496,1.819655949771037e-05,2.7165547108215125e-05,1.661282975823646,0.755957719845163,340.1866662502289
halbach_3seg,7,0.0,6.06217782649107,-6.06217782649107,12.86480042262255,1.8378286318032213,1.1661689617986954,0.8312173476353361,0.12688381090083145,1.819847638872631e-05,2.7209233669208728e-05,1.6619591107269391,0.7550839209648957,418.0027356147766
halbach_3seg,8,0.0,6.928203230275509,-6.928203230275509,14.68156624944944,1.83519578118118,1.1662479239153678,0.8312780396966611,0.1269262851826252,1.8200365967029933e-05,2.72529520085484e-05,1.6626265871446437,0.7542488479927086,463.5430886745453
halbach_3seg,9,0.0,7.794228634059947,-7.794228634059947,16.48892363577441,1.8321026261971565,1.166321751534346,0.8313359708543514,0.12697739261745614,1.820220668146638e-05,2.7296471147295214e-05,1.663288553594092,0.7532764481152167,477.08213472366333
halbach_3seg,10,0.0,8.660254037844386,-8.660254037844386,18.28451179452562,1.828451179452562,1.1663900410127575,0.8313907925963737,0.12703653703662504,1.8203999141134494e-05,2.7340078655351007e-05,1.6639471553320646,0.7523247923766467,466.9107918739319
halbach_3seg,11,0.0,9.526279441628825,-9.526279441628825,20.06574952290232,1.8241590475365745,1.1664523853609654,0.8314421377981791,0.1271029662043955,1.8205725737676114e-05,2.738372007802325e-05,1.6646058087807498,0.7513263583559793,476.79780769348145
halbach_3seg,12,0.0,10.392304845413264,-10.392304845413264,21.82993852230329,1.8191615435252741,1.1665083296500058,0.8314895975751907,0.12717585566163223,1.8207372054356806e-05,2.7427431231936424e-05,1.6697960584178275,0.7502693001813607,536.098646402359
halbach_3seg,13,0.0,11.258330249197702,-11.258330249197702,23.57443822442792,1.8134183249559936,1.1665574557159553,0.831532785914485,0.1272543502137721,1.820892430724653e-05,2.747125056202254e-05,1.6753616779074874,0.7491416062447066,506.7568414211273
halbach_3seg,14,0.0,12.12435565298214,-12.12435565298214,25.29709818300722,1.8069355845005155,1.1665994656223557,0.8315714113855702,0.12733768163251435,1.8210371393730206e-05,2.7515208285185913e-05,1.6807825063234232,0.7479339064032375,514.624059677124
halbach_3seg,15,0.0,12.990381056766578,-12.990381056766578,26.99648507691159,1.799765671794106,1.1666342147038258,0.8316053070664423,0.12742522972157333,1.8211706377981395e-05,2.755932805494244e-05,1.6860578628110299,0.7466397127451488,480.7796766757965
