case,run,angle_deg,Bx_T,By_T,Br_T,Bt_T
best,24,0.0,0.6354871434589661,0.03133308365317637,0.6354871434589661,0.03133308365317637
best,24,0.5,0.6524495849220663,0.04485713078730119,0.6528161889852604,0.03916179830148899
best,24,1.0,0.6656144168044775,0.05371837910474191,0.6664505554901105,0.04209362420282628
best,24,1.5,0.667774590290809,0.05705266543355376,0.6690392252906394,0.03955281397867811
best,24,2.0,0.6687897394578591,0.05829044846909781,0.6704166381328099,0.03491451419596961
best,24,2.5,0.6568976868879621,0.2036960539682779,0.6651575629294874,0.17484870579649092
best,24,3.0,0.6599406343966012,0.1793786725826267,0.6684241630523179,0.14459421618136042
best,24,3.5,0.6630416834170801,0.1533521136749767,0.6711668995972433,0.11258835464719442
best,24,4.0,0.66597998595139,0.126098120896668,0.6731538524371613,0.07933453680770203
best,24,4.5,0.6687690330531666,0.09886089115409746,0.6744639774374444,0.04608512243568713
best,24,5.0,0.6707703185788875,0.07123700443424442,0.6744265490381836,0.012504440796506235
best,24,5.5,0.6725286649050747,0.04412995635078929,0.6736621452145917,-0.020532225193563222
best,24,6.0,0.6745748623234421,0.01690433817337778,0.6726464551375215,-0.0537005392775244
best,24,6.5,0.6757721468809231,-0.009227077766565386,0.6703836511341686,-0.08566734358075695
best,24,7.0,0.6763371654168714,-0.03517380209765085,0.6670092425798125,-0.11733638818046954
best,24,7.5,0.6769400785215043,-0.06088397057319147,0.6632018094619728,-0.14872151057537963
best,24,8.0,0.6646933081428125,0.05954726031502358,0.6665119354317465,-0.03353967841062957
best,24,8.5,0.6620748888060092,0.06052376761433308,0.6637485502131403,-0.038001933157113005
best,24,9.0,0.6579278821037966,0.06310376222346964,0.6596993013918268,-0.04059574607615063
best,24,9.5,0.6420963538931032,0.068005739650102,0.6445145731583561,-0.03890338410314188
best,24,10.0,0.6227726176625006,0.07840480841627812,0.6269261543395496,-0.030929666956169666
best,24,10.5,0.5655882332539657,0.08672133247408084,0.5719211136021818,-0.017801093153586384
best,24,11.0,0.5019584245576472,0.07652875145718532,0.5073384086893167,-0.020655479964954676
best,24,11.5,0.4498653689769652,0.06778154157417861,0.4543476547491505,-0.02326792227294637
best,24,12.0,0.4057495649628956,0.05829380027408136,0.4090029260464188,-0.027340137224257564
best,24,12.5,0.3655981100718105,0.02075045354995354,0.36142319522909494,-0.05887132885369541
best,24,13.0,0.2678762383192965,-0.01413265319136449,0.25783143244952444,-0.07402947644925129
best,24,13.5,0.1936788329721408,0.007075920132020291,0.18997931214967023,-0.03833301373885565
best,24,14.0,0.1512832277944141,0.02234273573698091,0.1521946663685309,-0.014919664241554453
best,24,14.5,0.1220266340440604,0.0397218736083216,0.12808536068814153,0.007903609078592305
best,24,15.0,0.104746614809163,0.05176025017764455,0.11457399898576907,0.022886143599141085
best,24,15.5,0.09716075909675251,0.06069868036002098,0.10984808309200264,0.0325260133849455
best,24,16.0,0.09870319753032519,0.07195361167904703,0.11471270631723096,0.04195996241354617
best,24,16.5,0.1126264993385982,0.09600375519474696,0.1352550498594745,0.06006264106973012
best,24,17.0,0.1540426538768184,0.1261342829839055,0.18418981786355368,0.0755851013935163
best,24,17.5,0.2227926235295474,0.1300954810700344,0.25160156720885535,0.05707923153012981
best,24,18.0,0.2540330007211942,0.111034268741755,0.2759112166891005,0.027099350464001082
best,24,18.5,0.2705412721967492,0.1141256916889344,0.29277330152210734,0.0223840876776
best,24,19.0,0.2908109159561374,0.1221235818914003,0.3147266721956603,0.02079134199320838
best,24,19.5,0.3135336274791337,0.1332404443703981,0.3400263803726648,0.020938295702115736
best,24,20.0,0.3233422689506019,0.1466557219321303,0.35400155515580983,0.027221730525921167
best,24,20.5,0.3085018599730938,0.1521546725544662,0.3422508019898918,0.03447942175111285
best,24,21.0,0.2865773971665704,0.1540591578567208,0.3227529131810135,0.041126460089064176
best,24,21.5,0.2541225131394618,0.1483797520642035,0.29082141179727583,0.0449189152494779
best,24,22.0,0.2191581311531707,0.1412235477442008,0.2561031529328148,0.048842112422377904
best,24,22.5,0.08456328105541222,0.332383152313414,0.2053238101567205,0.2747210247276058
best,24,23.0,0.04763747496520879,0.3106257235422688,0.16522166640916167,0.26731904177629884
best,24,23.5,0.01426472208742423,0.2829417232721925,0.12590435581346782,0.2537865131398142
best,24,24.0,-0.00552651821255181,0.249730656765628,0.09652588339631059,0.2303881445880135
best,24,24.5,-0.01447362953078129,0.2145947602258836,0.07582055465308378,0.2012750371017169
best,24,25.0,-0.02365796913934733,0.1794178922341773,0.05438387608472491,0.17260612265952346
best,24,25.5,-0.02850427615123118,0.1518517885537153,0.03964633984741535,0.14933059694038311
best,24,26.0,-0.03287526715421987,0.1251157221191716,0.02529902819801741,0.1268648347025251
best,24,26.5,-0.03293388631434593,0.1050946704869697,0.017419345616979,0.10874785989069964
best,24,27.0,-0.03296554926856344,0.08565179504637122,0.009512581764948201,0.09128235438138545
best,24,27.5,-0.02950169192470823,0.07003706475283203,0.0061711971903698,0.07574600049408783
best,24,28.0,-0.0007611934666729629,0.001402598392191945,-1.3613879955504289e-05,0.0015957795605150448
best,24,28.5,-0.001597310493786166,0.000225874506698339,-0.0012959657965833865,0.00096067307676525
best,24,29.0,-0.002271303643048497,-0.0006951767778784305,-0.002323555316795033,0.0004931345467723221
best,24,29.5,-0.002524199835364426,-0.0009991971334423243,-0.002688979914094834,0.0003733185528843894
best,24,30.0,-0.002658864217087621,-0.001221295969477769,-0.002913291941950187,0.0002717587734365177
best,24,30.5,-0.002560468651332777,-0.001290238464159896,-0.0028610199723133533,0.00018782898306618457
best,24,31.0,-0.002401313851481851,-0.001233815468110022,-0.0026937896557029245,0.00017918178895767961
best,24,31.5,-0.002286464200310189,-0.001139143400815749,-0.0025447320034741017,0.00022339484644205362
best,24,32.0,-0.002221198141291335,-0.001044755231679928,-0.0024373187785839277,0.00029105299957363803
best,24,32.5,-0.002259921639771565,-0.0006955593490949255,-0.002279722345041443,0.0006276262068619348
best,24,33.0,-0.001758160108958361,-6.863721061099944e-05,-0.0015118996412723951,0.00089999861673968
best,24,33.5,-0.001177494234296631,0.0001481367037798306,-0.0009001336218474919,0.0007734317149097774
best,24,34.0,-0.0007639159771920099,0.0002632508718807145,-0.00048610702797909414,0.0006454212570906788
best,24,34.5,-0.0004729459766218463,0.0004154846950885723,-0.0001544340424924993,0.0006102913690812453
best,24,35.0,-0.0002479642791913355,0.0005254626254819436,9.827253394936879e-05,0.0005726602514619169
best,24,35.5,-2.63254937821181e-05,0.0007263654335544151,0.000400370561174892,0.0006066326635040911
best,24,36.0,0.0001836775141530168,0.001032529544778978,0.0007555038694116794,0.0007273710149235361
best,24,36.5,0.0004470625065248415,0.001419728131181722,0.001203860906413509,0.0008753352324785419
best,24,37.0,0.0009217310437938694,0.002044965030536939,0.0019668178194844573,0.001078470100730977
best,24,37.5,0.001833640662163521,0.002332839466113294,0.0028748676312603315,0.0007345162730170419
best,24,38.0,0.002225321583170318,0.002173794636916673,0.0030918989509904687,0.0003429287810542902
best,24,38.5,0.00240390029823228,0.002247009386674825,0.003280108213523732,0.00026206475386852447
best,24,39.0,0.002569984414071119,0.002395142048581642,0.0035045647390360376,0.00024403137371577536
best,24,39.5,0.002761333925914444,0.002590277159808974,0.0037783320260155436,0.00024229716510805574
best,24,40.0,0.002794053948642868,0.002766671663020541,0.003918751766192963,0.00032341019440824135
best,24,40.5,0.002542919530098375,0.002748078854049338,0.003718385629147422,0.0004381614286753158
best,24,41.0,0.00219130762323211,0.002639931095469235,0.0033857514875638584,0.0005547541373614746
best,24,41.5,0.0007968765225522829,0.002313789957517804,0.002129988843539515,0.0012048998655915183
best,24,42.0,-0.001021320838742181,0.001904378920823794,0.0005152889255643693,0.00209862637287292
best,24,42.5,-0.05417956708996373,0.0501426261832453,-0.00606949970008077,0.07357220687188387
best,24,43.0,-0.06902437458600783,0.05928788446733975,-0.010046991877124434,0.09043492403835557
best,24,43.5,-0.08711492976924023,0.06573089096539003,-0.017944777826688796,0.10764546420799359
best,24,44.0,-0.1054020478220167,0.07213883067560119,-0.02570804547164382,0.12511074683793416
best,24,44.5,-0.1305518007462124,0.0762238175172492,-0.03969015066198199,0.14587163869447284
best,24,45.0,-0.1566633330427277,0.08031889288290091,-0.05398367134290411,0.16757173897269445
best,24,45.5,-0.1930874789907352,0.07680086791837759,-0.08055854930669533,0.19155017094645055
best,24,46.0,-0.2281773661896513,0.07260490770868562,-0.10627771755815694,0.2145726679129045
best,24,46.5,-0.2656564839265281,0.05708851868591883,-0.1414553079397182,0.23199754799057182
best,24,47.0,-0.3017928236446034,0.04113348698205004,-0.17573908283942408,0.24877026935999247
best,24,47.5,-0.3326043434149958,0.01996424580107771,-0.20998505144596608,0.25870929349012817
best,24,48.0,-0.2070516930490857,-0.1568047802225156,-0.2550732859500454,0.04894651662550244
best,24,48.5,-0.2237119173492352,-0.1874653997810163,-0.2886392850763748,0.04333198806570658
best,24,49.0,-0.2383746837373392,-0.215327174798558,-0.31889734525141317,0.0386363202855321
best,24,49.5,-0.243835889424408,-0.2343323911473524,-0.3365464906613029,0.03322755085451612
best,24,50.0,-0.2444730205602367,-0.2484594373560799,-0.34747519984585556,0.027570551050503933
best,24,50.5,-0.22864580848147,-0.2468538917153486,-0.3359151502853571,0.019410342601923924
best,24,51.0,-0.2111373926536904,-0.2322046871340565,-0.31333000134767497,0.0179534275025606
best,24,51.5,-0.199797759613092,-0.2149035464149843,-0.2925622980874325,0.022582753285383866
best,24,52.0,-0.1921383784854529,-0.2005046149906899,-0.27629199032547286,0.02796414135232407
best,24,52.5,-0.2004615249122547,-0.1681645991665531,-0.25544719083437295,0.05666469869170232
best,24,53.0,-0.1702414979397111,-0.1013913676565455,-0.18342863764680445,0.07494205726465454
best,24,53.5,-0.1274800618649064,-0.07386705117148605,-0.13520658151147913,0.05853791709508503
best,24,54.0,-0.1028028104501882,-0.06850304174377868,-0.11584610081393254,0.04290414304953992
best,24,54.5,-0.09108561872031694,-0.07185702353462593,-0.11139360597608197,0.03242662974414904
best,24,55.0,-0.08257687409013834,-0.08359668514356501,-0.11584254469676504,0.019693926466525048
best,24,55.5,-0.07871680740305642,-0.1020337497188873,-0.12867437593054126,0.007080030247968987
best,24,56.0,-0.07285410810167237,-0.1333417360452258,-0.15128480941035494,-0.014164959601686698
best,24,56.5,-0.070436971018861,-0.1787128493241731,-0.187902880711317,-0.03990183981052799
best,24,57.0,-0.07807491999400096,-0.2611794740040153,-0.2615661868830428,-0.07676939919361692
best,24,57.5,-0.1453161188602997,-0.3397582411567205,-0.3646274879861291,-0.059993598320606384
best,24,58.0,-0.1936420139767073,-0.3623768865646857,-0.4099276623134476,-0.027812751814635134
best,24,58.5,-0.2183380820104822,-0.39913304758681,-0.45439820176687745,-0.022382626364635977
best,24,59.0,-0.2417849433840559,-0.4465949302800754,-0.5073350226781809,-0.022763245885115635
best,24,59.5,-0.2697747482052241,-0.5049772107883232,-0.5720241242458619,-0.02384951709157676
best,24,60.0,-0.2856765742236719,-0.5553586053652977,-0.6237929475684806,-0.030276132138838313
best,24,60.5,-0.2844993385776253,-0.5790839879875879,-0.6441032245220655,-0.03753897914159113
best,24,61.0,-0.2845497563834383,-0.5962057578257052,-0.6594057646377822,-0.040173462445490554
best,24,61.5,-0.2833253102160387,-0.6011806853352055,-0.6635190278472808,-0.03786749943845363
best,24,62.0,-0.2832497020262194,-0.6041076106633883,-0.6663730409318835,-0.0335167014869327
best,24,62.5,-0.176460862476673,-0.6559544291205128,-0.6633192432399927,-0.14636335134299377
best,24,63.0,-0.1976823582860786,-0.6480668119750292,-0.6671776702076962,-0.11807990488331996
best,24,63.5,-0.2214603616888257,-0.6387326961881534,-0.6704389667735466,-0.08680864479274308
best,24,64.0,-0.2464798029523807,-0.6282683500457881,-0.6727334863799364,-0.05388013767426206
best,24,64.5,-0.271573657198122,-0.6175136149704511,-0.6742741747826184,-0.020728077070885725
best,24,65.0,-0.2967691143990698,-0.6058626519603993,-0.6745180866120473,0.012915538506732993
best,24,65.5,-0.3214030439062783,-0.5942569036348196,-0.6740344377357801,0.04602999995736681
best,24,66.0,-0.34625942630633,-0.5827807649716773,-0.673233117330545,0.07928543407435376
best,24,66.5,-0.3706555502642613,-0.5708574627891816,-0.6713091428485991,0.11228452472038794
best,24,67.0,-0.3947330733444726,-0.5585308020282105,-0.668364813269577,0.14511833925928336
best,24,67.5,-0.4180800897946366,-0.5466603514369497,-0.6650406336941412,0.1770577782859475
best,24,68.0,-0.2835189146784964,-0.6085116056657005,-0.6704101908864373,0.03492170050172558
best,24,68.5,-0.2820052141843313,-0.6079870627164481,-0.6690371011983779,0.039554601221554936
best,24,69.0,-0.2783076229892797,-0.6070418848358315,-0.6664589539401955,0.04227819381102285
best,24,69.5,-0.2665540528797972,-0.5973337253043801,-0.6528550850158861,0.04048308858714375
best,24,70.0,-0.2486106234688597,-0.5870695388836487,-0.6366947546482538,0.032827960491551594
best,24,70.5,-0.2126983833547625,-0.5443654910212197,-0.5841416774671222,0.01878538640538624
best,24,71.0,-0.1833429121931061,-0.4878686266578723,-0.5209794625126564,0.014519640784505183
best,24,71.5,-0.1715889512272639,-0.4346462620353409,-0.46663130514714307,0.024806578587955708
best,24,72.0,-0.1631533962769144,-0.3956035106925342,-0.4266584688529309,0.032919892846460574
best,24,72.5,-0.1835159997621788,-0.3449456578617257,-0.3841648464200382,0.07129515987385986
best,24,73.0,-0.167282779346089,-0.2347484598946427,-0.2733998200204182,0.09133951007894626
best,24,73.5,-0.1163728237951887,-0.1733931235962787,-0.19930441645891114,0.0623342522896788
best,24,74.0,-0.07893815072274982,-0.150606155050045,-0.16653023116045818,0.03436753829022573
best,24,74.5,-0.05554130730983977,-0.1384649153593834,-0.14827177791200125,0.01651815601032538
best,24,75.0,-0.03602517405715633,-0.1381167940838858,-0.1427345795989998,-0.0009496107390465774
best,24,75.5,-0.02116416090025692,-0.1477393925046352,-0.14833262693627283,-0.01650095725814494
best,24,76.0,-0.006504211233844554,-0.1693463773914083,-0.1658895773542778,-0.0346575882684705
best,24,76.5,0.01275977078844636,-0.2086996586753023,-0.19995456115869914,-0.06112718506191341
best,24,77.0,0.02716504650866151,-0.2914658053777339,-0.2778847498151598,-0.09203434835144342
best,24,77.5,-0.01313947178311383,-0.3847117308946433,-0.3784364289647263,-0.07043884467477686
best,24,78.0,-0.05679677310025141,-0.421649955314379,-0.4242446052685421,-0.032110327805211995
best,24,78.5,-0.06928230366510256,-0.4639304560116689,-0.4684295848452179,-0.02460141577379854
best,24,79.0,-0.07341621419283054,-0.5149972854911353,-0.5195438089143389,-0.02619876310871258
best,24,79.5,-0.08595083816400194,-0.5757844747445895,-0.5818062066510589,-0.020416802891310218
best,24,80.0,-0.0794057492503916,-0.6303432968235235,-0.6345556294246892,-0.03125856730244089
best,24,80.5,-0.06905746079984476,-0.6494196584589995,-0.6519110270651697,-0.039074780561908135
best,24,81.0,-0.06264262194805585,-0.6639604935489152,-0.6655855031472182,-0.041994917293768405
best,24,81.5,-0.05975415229812363,-0.6667272726411182,-0.6682360752418263,-0.039450761028546784
best,24,82.0,-0.05873051997052713,-0.6680069619427307,-0.6696796726942469,-0.03480964176908014
best,24,82.5,0.08153161729978972,-0.6811815880460409,-0.6647119735790149,-0.1697461419094302
best,24,83.0,0.05842229839934403,-0.6801495041138667,-0.6679598857028242,-0.14087620093000347
best,24,83.5,0.02986744008333042,-0.6790415169980883,-0.6712954499207822,-0.10654512987392223
best,24,84.0,0.0004011177889897564,-0.6771412433518993,-0.6733898645442876,-0.07117945400649422
best,24,84.5,-0.02953480749124759,-0.6746846151941583,-0.6744092869106266,-0.03526681956080758
best,24,85.0,-0.05910547517746877,-0.6722460678664803,-0.674839350211157,0.0002904556458919738
best,24,85.5,-0.08823380399313756,-0.6695997504907354,-0.6744583424015211,0.03542561769887638
best,24,86.0,-0.1168387296623566,-0.6664428757315571,-0.672969712159566,0.07006541142626543
best,24,86.5,-0.1441421939267033,-0.6634167212599442,-0.6709789857690657,0.10337271774319279
best,24,87.0,-0.1709009445125588,-0.6598536251613121,-0.6678935830548471,0.13613266025450346
best,24,87.5,-0.1963901518461043,-0.6566706489724221,-0.6646120621290151,0.16755966052906685
best,24,88.0,-0.05808867351672439,-0.6678647790217853,-0.6694851993133573,0.034745142813134025
best,24,88.5,-0.05675756684995007,-0.6666625848816472,-0.6679198761575895,0.03928692542610249
best,24,89.0,-0.0530760819099933,-0.6641880964431094,-0.6650132427325456,0.04147631755570777
best,24,89.5,-0.04300633774198773,-0.6496332688851244,-0.6499838291737934,0.037335652410574585
best,24,90.0,-0.03062410920503781,-0.6375691835537433,-0.6375691835537433,0.03062410920503777
best,24,90.5,-0.01492901368455764,-0.5783636751353185,-0.5782113742509007,0.01997555637549999
best,24,91.0,-0.01550199112088794,-0.5177662983018589,-0.5174168929371413,0.02453589797004645
best,24,91.5,-0.01367139810371195,-0.4681639410905725,-0.4676456375191589,0.02592181654257062
best,24,92.0,-0.01790869611078067,-0.4257795701141089,-0.42489519222331007,0.03275727932017638
best,24,92.5,-0.05377157353165451,-0.3825554886343301,-0.3798458974813852,0.07040723095593374
best,24,93.0,-0.07793173692994984,-0.276800846874024,-0.27234286895957616,0.09231157120298036
best,24,93.5,-0.04561055089361048,-0.205320936692605,-0.20215351423802705,0.058060021343116525
best,24,94.0,-0.02510383723624357,-0.1687850593647053,-0.16662275228015347,0.03681653611242523
best,24,94.5,-0.003610907382239439,-0.1490634004901775,-0.14832057924589367,0.015295155768436326
best,24,95.0,0.01419299975214854,-0.1413741802392902,-0.14207321023666353,-0.0018174194190111893
best,24,95.5,0.03038326231734007,-0.1469346169972915,-0.14917026580846623,-0.016160324867296773
best,24,96.0,0.0537393267572271,-0.1613351894619574,-0.1660686676562766,-0.03658081767695832
best,24,96.5,0.08401453845934306,-0.1927374348391365,-0.2010092065482912,-0.061655983843688755
best,24,97.0,0.1301363888641241,-0.2638140975724446,-0.2777073035582459,-0.09701552110340966
best,24,97.5,0.1221920320306579,-0.3722633962231829,-0.3850278919236298,-0.07255653864570341
best,24,98.0,0.09311002419475232,-0.4175019920666044,-0.4263973021772052,-0.03409883694690433
best,24,98.5,0.0954025295111209,-0.4577678348674892,-0.46684104212809924,-0.02669222098551155
best,24,99.0,0.1065020804059043,-0.5048520896604599,-0.5152971186566966,-0.026214596495560863
best,24,99.5,0.1213377017271797,-0.562089605286785,-0.5744073816388098,-0.02690208450537941
best,24,100.0,0.1411684913969616,-0.6041161191778567,-0.6194518891610724,-0.0341201616143121
best,24,100.5,0.1565232630327161,-0.612502794455327,-0.6307704776353491,-0.04228249791186649
best,24,101.0,0.1670423488605368,-0.6148637996448568,-0.635440202620727,-0.04665176652481058
best,24,101.5,0.1706789257366395,-0.6042663597164395,-0.6261634389300959,-0.046781159913011475
best,24,102.0,0.1724151758985437,-0.5916577291295954,-0.6145757189474332,-0.04563493178652754
best,24,102.5,0.4122720884401154,-0.5091577289193339,-0.586320669397633,-0.2922976915101789
best,24,103.0,0.4001287531885619,-0.492765908564583,-0.5701457351550911,-0.2790252684904589
best,24,103.5,0.3832280606351974,-0.4734180653298123,-0.5498003005543483,-0.2621221862971261
best,24,104.0,0.3578659671005331,-0.4543697134733951,-0.5274486042640536,-0.237313836070712
best,24,104.5,0.3261358058044424,-0.4396154523282693,-0.5072705472249832,-0.2056766920960365
best,24,105.0,0.2936095241616597,-0.4241851401961618,-0.48572311872004814,-0.17381782929994177
best,24,105.5,0.2641673905832003,-0.4148888976455054,-0.4703952409416494,-0.14368550705094568
best,24,106.0,0.235368705244696,-0.406243786564294,-0.4553829987929163,-0.11427495762865544
best,24,106.5,0.2056934160182775,-0.4038487190022037,-0.4456382081343108,-0.08252367347512929
best,24,107.0,0.1769903609184129,-0.4010421298449488,-0.43526546965347856,-0.05200335273748763
best,24,107.5,0.1521686294396576,-0.3990450857027942,-0.4263340517226555,-0.025130629734217216
best,24,108.0,0.1164863806785656,-0.3995401847708858,-0.41598156749102694,0.012679575625922562
best,24,108.5,0.1139345600269747,-0.3890773105208928,-0.40512318369299505,0.015409203910758465
best,24,109.0,0.1128297267181436,-0.376577708913766,-0.39279498483012953,0.015919107208959823
best,24,109.5,0.1148972261965381,-0.3525766368459978,-0.3707068488921154,0.00938560716050843
best,24,110.0,0.1178892859016058,-0.3267168785462443,-0.34733395031673964,0.0009640615958423776
best,24,110.5,0.1102688506190724,-0.2850695844365904,-0.3056337171521489,-0.0034522930730081502
best,24,111.0,0.09991565135002085,-0.2413442811897311,-0.26112086406755985,-0.006789241216649866
best,24,111.5,0.08161972950245941,-0.1959857672845912,-0.21226233194357705,-0.004111406092723688
best,24,112.0,0.07113817598322911,-0.157264149653752,-0.172461610228033,-0.007045980846738603
best,24,112.5,0.05482522628179292,-0.1195402798618305,-0.13142152364872559,-0.004905819823639648
best,24,113.0,0.03592536312325816,-0.07407255818077318,-0.08222130698757758,-0.0041270168689395564
best,24,113.5,0.03144134299145364,-0.03925586926484419,-0.04853719663167217,-0.013180359023302866
best,24,114.0,0.02913321708067866,-0.02030878840143358,-0.030402548311748184,-0.01835418971123398
best,24,114.5,0.02535081394533727,-0.008914399210237714,-0.01862456927341568,-0.019371517760628204
best,24,115.0,0.02075880635124178,-0.001804350456012907,-0.010408347524801218,-0.01805131639242508
best,24,115.5,0.01674790295748139,0.002320296988463894,-0.005115892154355392,-0.01611532435456679
best,24,116.0,0.01319411128070692,0.003723522480045411,-0.0024372378566602728,-0.013491073484980472
best,24,116.5,0.01046622795040107,0.003574346117389149,-0.0014712028622673795,-0.010961452450050027
best,24,117.0,0.008770523509113268,0.00166840374698783,-0.0024951757273333,-0.008572033118029718
best,24,117.5,0.005746812116589022,-0.001387311185203785,-0.003884142575622346,-0.00445689558776103
best,24,118.0,0.002707960500968166,-0.001599548927451575,-0.0026836283235054355,-0.0016400444711637094
best,24,118.5,0.001549637503952086,-0.001345789574476775,-0.001922126018329826,-0.0007196926719682233
best,24,119.0,0.0009913328393357718,-0.001103268608193635,-0.0014455481643705042,-0.0003321640026494576
best,24,119.5,0.0008148329179005335,-0.000959163349596873,-0.0012360562109805084,-0.00023687984000479945
best,24,120.0,0.0007136961334555551,-0.0008470633295210916,-0.0010904264287072717,-0.00019454731739469407
best,24,120.5,0.0006254779087316315,-0.0007024984164365452,-0.0009227471546314587,-0.00018238510911446564
best,24,121.0,0.0005458717686795388,-0.0005380076252265779,-0.0007423072887610756,-0.00019080901890490152
best,24,121.5,0.0004540183351831598,-0.0003829152276322663,-0.0005637128311099858,-0.00018704161108460082
best,24,122.0,0.0003620590347685418,-0.0002306730661128599,-0.0003874839118651062,-0.00018480537365875104
best,24,122.5,0.0061376244564968,0.00398627501219017,6.42470292832268e-05,-0.007318243967033872
best,24,123.0,0.005887214808151102,0.003970796980298288,0.00012378356662514625,-0.007100084822359038
best,24,123.5,0.005687403649114586,0.004008181378482565,0.00020327719944514657,-0.006954908813993325
best,24,124.0,0.005501491624564621,0.004050371917126417,0.00028151542715931007,-0.006825882494335242
best,24,124.5,0.005374708814879052,0.004156879083629588,0.00038152432135185946,-0.006783920529669606
best,24,125.0,0.005257979763382591,0.004260270348905424,0.0004739558704427503,-0.006750675556622199
best,24,125.5,0.005204327496433291,0.004401863016910645,0.0005614566320791938,-0.00679309864200952
best,24,126.0,0.005159784313510119,0.004553221119617309,0.0006507881404260382,-0.006850669421476634
best,24,126.5,0.005179899424230956,0.004741209365791154,0.0007301314657011007,-0.0069840770570066815
best,24,127.0,0.00522186893341929,0.004961625123925061,0.000819930838446661,-0.007156350497868173
best,24,127.5,0.005301099387300785,0.005194663511192564,0.0008940988099631376,-0.007367955688423942
best,24,128.0,-0.0006586623114172672,0.00120576299727488,0.001355667218542241,-0.00022330884140307425
best,24,128.5,-0.000761568344884197,0.001335907367661749,0.0015195794442216205,-0.00023561229085450742
best,24,129.0,-0.0008669853238428112,0.001465710701421676,0.0016846826953093475,-0.00024862748871771556
best,24,129.5,-0.0009714800650624713,0.001580212984751142,0.0018372684968427284,-0.0002555211625270156
best,24,130.0,-0.001024492167118958,0.001680464245008528,0.0019458411679938894,-0.00029537506357232943
best,24,130.5,-0.00105382937468911,0.001795836495708324,0.0020499722152437245,-0.0003649643640197376
best,24,131.0,-0.001111287545294818,0.001952254396978684,0.0022024553243272064,-0.00044209476720803644
best,24,131.5,-0.001128910171876087,0.002375327639014052,0.0025270537365075776,-0.0007284359832081743
best,24,132.0,-0.0010203837130275,0.003378485035125557,0.003193473644423164,-0.0015023548637900952
best,24,132.5,0.0002987508291809457,0.005738574958947166,0.004029088128106128,-0.004097187263641489
best,24,133.0,0.003902324841848149,0.00716451748871397,0.00257841724311466,-0.007740168895948105
best,24,133.5,0.006189960745747347,0.007970298505003949,0.00152056246214751,-0.009976430328101787
best,24,134.0,0.007309766195003645,0.01001756787070504,0.002128244998534353,-0.012216993128262514
best,24,134.5,0.007004913677796569,0.01340656625577238,0.004652430511156588,-0.014393044318095297
best,24,135.0,0.005708855731573852,0.01799261446321421,0.008685929097602362,-0.01675947029882548
best,24,135.5,0.002441705691054924,0.02469173454826615,0.015565117815665195,-0.01932280489650072
best,24,136.0,-0.00642483878017233,0.03303249005431903,0.027567937958673475,-0.019298516762866057
best,24,136.5,-0.02279776515560973,0.04564456458838925,0.04795655945020308,-0.01741645136797701
best,24,137.0,-0.05756137852865784,0.06202297395519724,0.08439729378087973,-0.006103965828081544
best,24,137.5,-0.09724180952986872,0.09224650626275999,0.13401501867465626,-0.0023156441782395953
best,24,138.0,-0.125547289697914,0.1201590833309259,0.17370193898046318,-0.005288066929208121
best,24,138.5,-0.1588714887712928,0.1438489774797251,0.21430492677892543,-0.0024650810633484316
best,24,139.0,-0.1998375491949901,0.1675896790712426,0.2607680349860087,0.0046236921391813735
best,24,139.5,-0.2341338795725683,0.1960236723171581,0.305343990188954,0.0030002213075861206
best,24,140.0,-0.2717404479648093,0.2149400644238589,0.34632607037098695,0.01001775104691699
best,24,140.5,-0.2924174988775731,0.2217065814503294,0.36665925849947906,0.014926153718195667
best,24,141.0,-0.3101085231997257,0.2309578092768835,0.38634604526819427,0.015669688341459598
best,24,141.5,-0.3211825059855383,0.2372071496553729,0.39902497159814143,0.014300560823941377
best,24,142.0,-0.3308443029409447,0.2436248107019614,0.41069927886968827,0.011709120973163484
best,24,142.5,-0.3113759714380557,0.2878309149765796,0.4222515261408399,-0.038797936504142455
best,24,143.0,-0.3077639217798444,0.308611501552087,0.4315182345963588,-0.06125115223720973
best,24,143.5,-0.3034371509478055,0.3337210592880568,0.4424249260388671,-0.08777263131048851
best,24,144.0,-0.2984917985006909,0.3592227200472791,0.45263075480077986,-0.11516820819488019
best,24,144.5,-0.297056494856888,0.3882482105650741,0.46729518571614853,-0.14357730861857215
best,24,145.0,-0.2959836754220487,0.4177949617445293,0.4820929780809893,-0.17246833524000899
best,24,145.5,-0.3040844680838249,0.4495637885508942,0.5052397074318589,-0.19826195232627353
best,24,146.0,-0.3123589147248492,0.4802150083005415,0.5274901012112249,-0.22344739633602018
best,24,146.5,-0.3234972437888651,0.5084294363942126,0.5503807754406713,-0.24542200503714875
best,24,147.0,-0.3336160263741025,0.535597324291129,0.5715011521734152,-0.26748940148335154
best,24,147.5,-0.340919958574336,0.5552631514837038,0.5858716505900954,-0.2851280319168542
best,24,148.0,-0.4948818234706008,0.3640312273545319,0.6125907483742875,-0.04646857752357031
best,24,148.5,-0.5081384748128448,0.3671735711005281,0.6251069365807171,-0.047565310242970504
best,24,149.0,-0.5199391400038732,0.3667597550781795,0.6345700673764462,-0.0465860155285468
best,24,149.5,-0.5205300078877946,0.3496324424017345,0.6259557111355102,-0.03706455973443307
best,24,150.0,-0.5155394406601335,0.3287108395945377,0.6108256720617646,-0.026902217258114702
best,24,150.5,-0.4824588246503865,0.2971687240744442,0.5662436671510759,-0.021068399615707223
best,24,151.0,-0.4448777844707881,0.266853601954378,0.5184720709915331,-0.017714389445116385
best,24,151.5,-0.3972333888746534,0.2452129198268669,0.46610099268797717,-0.025953918820504518
best,24,152.0,-0.3625301671849503,0.2301799009656033,0.4281580562829196,-0.033039185336736804
best,24,152.5,-0.3088461577585556,0.23767474694923,0.38369587252210346,-0.06821079026887794
best,24,153.0,-0.2044435559505836,0.210752594181279,0.27784021773400436,-0.09496650427060757
best,24,153.5,-0.1521988154255896,0.1458356720643542,0.20127950766799857,-0.06260257547691354
best,24,154.0,-0.1339619739045743,0.1034892623494557,0.16577093119240233,-0.03429046872890665
best,24,154.5,-0.1282386697989608,0.0773184660108463,0.14903279385100726,-0.014578339241507338
best,24,155.0,-0.1308566799953538,0.06055102079943545,0.1441863952224345,0.0004245609732488817
best,24,155.5,-0.1413913659652931,0.04756501787913828,0.14838555856605035,0.015351719917176244
best,24,156.0,-0.1656078747313061,0.03442669258516049,0.16529291908492022,0.03590844240229754
best,24,156.5,-0.2075472622543122,0.02405771558650872,0.1999262994519571,0.060696907136591025
best,24,157.0,-0.2914828640135593,0.01974265514077331,0.2760254609452279,0.09571821851418394
best,24,157.5,-0.3810223475624437,0.08050220314189313,0.3828256077536349,0.07143660196813933
best,24,158.0,-0.4063685197869338,0.1284730673922677,0.4249051886721593,0.0331101730360686
best,24,158.5,-0.4436494767715167,0.1474893721981427,0.466834303053668,0.025371374488561887
best,24,159.0,-0.4924474248320679,0.1626650457944816,0.5180332158262314,0.024616471066932544
best,24,159.5,-0.553659072063937,0.1800885172275957,0.581665383140541,0.025211588047988398
best,24,160.0,-0.6052672075535754,0.1866559844125387,0.6326052350831579,0.031614325899809115
best,24,160.5,-0.6272553297398606,0.1807788546233146,0.6516221209991854,0.038972482478048964
best,24,161.0,-0.6427736428122973,0.1771290998807961,0.6654220133335156,0.041787774407623796
best,24,161.5,-0.6460756398383953,0.1746945078349505,0.6681201930956567,0.03933587469613381
best,24,162.0,-0.6476237300026322,0.1738719964645201,0.6696561702798141,0.034764643292476194
best,24,162.5,-0.6840400316087641,0.04169480399452029,0.6649184425059774,0.16592976327014297
best,24,163.0,-0.6788434941552718,0.06514407730044765,0.6682275469481731,0.1361770386808742
best,24,163.5,-0.6728148029308073,0.09155868844459528,0.671112183420743,0.10330145079696866
best,24,164.0,-0.6661090026940427,0.1195246431005052,0.6732505261886516,0.06871006305527042
best,24,164.5,-0.6592413946198596,0.1475879577671338,0.6747062500338152,0.03395434911049844
best,24,165.0,-0.6514826878110067,0.1758884626974599,0.6748072374967766,-0.0012790815056893112
best,24,165.5,-0.6438085098519076,0.2033903276188793,0.6742265607223192,-0.0357150884529438
best,24,166.0,-0.6363201707939496,0.2310689670315314,0.6733193847831067,-0.07026544925892741
best,24,166.5,-0.6284006066750875,0.2581927692293108,0.6713117528482068,-0.10436167419022302
best,24,167.0,-0.6200126329183493,0.2850527564753552,0.6682446674170723,-0.13827437731260317
best,24,167.5,-0.61199901972878,0.31107568621161,0.6648213007516925,-0.17124111879989373
best,24,168.0,-0.6479637970176498,0.17332462206193,0.6698404486484258,-0.03481781459133548
best,24,168.5,-0.6471108272524325,0.1719236101196744,0.6683959412793877,-0.039459043895547385
best,24,169.0,-0.6454698536284165,0.1684460282915877,0.6657517718511253,-0.04218974599813308
best,24,169.5,-0.6338212309102049,0.1585654858196332,0.652104100443944,-0.04040554701941587
best,24,170.0,-0.6205642250497425,0.1426882019564011,0.635914006315299,-0.03276060074485691
best,24,170.5,-0.5722840219606335,0.1147629424944455,0.5833768397498245,-0.01873493007539484
best,24,171.0,-0.5115871782400001,0.09567855440865816,0.5202561146203557,-0.014470726085013458
best,24,171.5,-0.4571697866931562,0.09334516244659713,0.46594546478234466,-0.02474584947041443
best,24,172.0,-0.4172834703707685,0.091808679371011,0.4259997949249532,-0.03284056906356773
best,24,172.5,-0.3709826603739143,0.120578862556676,0.3835475520782507,-0.07112433963384374
best,24,173.0,-0.2598543912601777,0.1236856931190593,0.27299097024141805,-0.09109547467458967
best,24,173.5,-0.1907564384861743,0.0842546052160814,0.19906812065417168,-0.06211876257028531
best,24,174.0,-0.161911020828972,0.05139412959203204,0.16639620470307498,-0.03418827697932085
best,24,174.5,-0.1459805083698318,0.03048803808103787,0.14823059201978103,-0.016356065523547497
best,24,175.0,-0.14232147367782,0.01133677919551234,0.14276796291359928,0.0011104944193254893
best,24,175.5,-0.1492966624242537,-0.004974042662616132,0.14844617174982128,0.016672390478082395
best,24,176.0,-0.1681234746000873,-0.02318199144319124,0.16609684028837426,0.03485322201887059
best,24,176.5,-0.2036600808607427,-0.04902661017273055,0.2002872108071286,0.06136831616016503
best,24,177.0,-0.2828838502037736,-0.0776253905932423,0.27843356867314767,0.0923240044993718
best,24,177.5,-0.3819395855433813,-0.0540323141137464,0.37921920724925395,0.07064085805526332
best,24,178.0,-0.4259627167068202,-0.0173483790919631,0.42509778203001614,0.03220369535525589
best,24,178.5,-0.4698217704493131,-0.0123781305457893,0.46933675257919544,0.02467238906856721
best,24,179.0,-0.5208904377732712,-0.01717912646741255,0.520511286539262,0.026267301632556223
best,24,179.5,-0.5830013697631878,-0.01539085932257581,0.5828448619772144,0.020477855434652137
best,24,180.0,-0.6356375024300958,-0.03133977850175019,0.6356375024300958,0.031339778501750265
best,24,180.5,-0.6526056658444898,-0.04486662668943307,0.6529723468309276,0.039169931796336016
best,24,181.0,-0.6657759720104446,-0.05372939851970436,0.6666122784057457,0.04210182241236177
best,24,181.5,-0.6679365700689219,-0.05706680973982366,0.669201519817102,0.039562713301768915
best,24,182.0,-0.6689506867286037,-0.0583082053217033,0.6705781070640447,0.034926643252835676
best,24,182.5,-0.6568899527527967,-0.2052962975706375,0.6652196378010751,0.1764477636797639
best,24,183.0,-0.6596478429636478,-0.1837201638183724,0.6683589889751905,0.14894508107387772
best,24,183.5,-0.6630662851179758,-0.1575067804124352,0.6714450917475836,0.11673377019578779
best,24,184.0,-0.6659521420994146,-0.1304149132462295,0.673427200623601,0.0836427559569905
best,24,184.5,-0.6683560265432605,-0.1017570635654304,0.6742794751572395,0.049004771031321635
best,24,185.0,-0.670934458134858,-0.07308576303592226,0.6747511939226789,0.014331858608634472
best,24,185.5,-0.67324913209396,-0.04422852855603287,0.6743887432426455,-0.02050316051508403
best,24,186.0,-0.6749039800670412,-0.01601814968935039,0.6728811380192842,-0.0546162753002854
best,24,186.5,-0.6761488342216622,0.01065349338445822,0.6705964422422024,-0.0871272322107501
best,24,187.0,-0.6766847792449511,0.03690824632511702,0.6671428897679563,-0.11910026759266411
best,24,187.5,-0.6772587578490936,0.06226484626960138,0.6633375219971558,-0.15013216868795054
best,24,188.0,-0.664880991304098,-0.05959070609590417,0.6667038385574567,-0.033522775888656126
best,24,188.5,-0.6622314983202152,-0.06056379157592792,0.6639093554252379,-0.03798549718425318
best,24,189.0,-0.6580534477298486,-0.06313803563904827,0.659828682640089,-0.04058153741473006
best,24,189.5,-0.6421962376838994,-0.06802637022209251,0.6446164921295601,-0.03889952204757123
best,24,190.0,-0.6228554097590943,-0.07841394957094089,0.6270092759830121,-0.030935041372885094
best,24,190.5,-0.565674900893237,-0.08672135100683002,0.5720063333611476,-0.017816868853955573
best,24,191.0,-0.5020593467920682,-0.07652866896704053,0.5074374609581771,-0.020674817809684165
best,24,191.5,-0.4499842386107221,-0.06779018408383997,0.45446586107919756,-0.02328315205756623
best,24,192.0,-0.4058573006571319,-0.05833592825371605,0.40911706635672596,-0.02732132935240429
best,24,192.5,-0.3656431043289101,-0.02089260866642407,0.36149789094117285,-0.058742281920729666
best,24,193.0,-0.2678253695588675,0.01384042912014273,0.2578476035650556,-0.07373329908075145
best,24,193.5,-0.1934326186883353,-0.007451666463158265,0.18982761702511558,-0.03791017172568778
best,24,194.0,-0.1506283150136103,-0.02241459021941377,0.15157659046883093,-0.014691506402951523
best,24,194.5,-0.1214559370150367,-0.03917008666811112,0.12739468528979433,0.007512288978876871
best,24,195.0,-0.1046851727241066,-0.0508802993741619,0.11428690246229747,0.022052078773976774
best,24,195.5,-0.09777608948677718,-0.06030068595699311,0.11033467481666176,0.03197805396379948
best,24,196.0,-0.09909124530080171,-0.07202768233460391,0.11510613841482562,0.04192420323614124
best,24,196.5,-0.1129487143334985,-0.09594587692012865,0.1355475576373388,0.05991563223496057
best,24,197.0,-0.1548977124092036,-0.1260515320273346,0.18498332036646037,0.07525597133943589
best,24,197.5,-0.2243916694297585,-0.1304776599724672,0.2532415278013208,0.056962879651731343
best,24,198.0,-0.2555555175232925,-0.1119034868542052,0.27762781938347053,0.027455542447858902
best,24,198.5,-0.2716851564775259,-0.1149007386603363,0.2941040000573449,0.022756123245797413
best,24,199.0,-0.2915891129342345,-0.1227204436007715,0.3156567910591125,0.02110232967251957
best,24,199.5,-0.3139349951599353,-0.1336467006855149,0.3405403373463648,0.02118727047583674
best,24,200.0,-0.3234349792264956,-0.1468944771111472,0.3541703333984852,0.02741437822396886
best,24,200.5,-0.3084445736817253,-0.1522567234270743,0.342232882482793,0.03459507204745567
best,24,201.0,-0.2864069827481053,-0.1540616547491588,0.32259471242176485,0.041189862204689606
best,24,201.5,-0.2539510310741564,-0.1483185007430842,0.2906394131867931,0.044924774331542
best,24,202.0,-0.219016979860641,-0.1411091580242662,0.25592942859002354,0.04878892832577693
best,24,202.5,-0.08502321060397178,-0.3311371149815879,0.20527189181003355,0.27339382892169783
best,24,203.0,-0.04827202149637187,-0.3092004344752032,0.16524886476524064,0.26575911919029194
best,24,203.5,-0.01503130610160888,-0.2813806623389118,0.12598488781285722,0.252049251822311
best,24,204.0,0.004648697275712863,-0.2480621385709697,0.09664916523637718,0.22850683542921785
best,24,204.5,0.01355591254503194,-0.2129153717478671,0.07595921051411304,0.19936628759530448
best,24,205.0,0.02268763125487417,-0.1777047188041989,0.054539282488441754,0.17064337772935256
best,24,205.5,0.02761477854206729,-0.1503924249568284,0.0398209150771732,0.1476304582419876
best,24,206.0,0.03200669194045643,-0.1239399594093573,0.0255642779814579,0.12542730786655337
best,24,206.5,0.03201286837470163,-0.1037390143942675,0.017638705434925867,0.10712368048032112
best,24,207.0,0.03196828339343649,-0.08403061072766999,0.009665149887019633,0.0893851193434887
best,24,207.5,0.02847458054977758,-0.06807290806980917,0.006175309482251718,0.07352950498517499
best,24,208.0,0.0008112014930957063,-0.001493332261404582,-1.5171375132223591e-05,0.0016993701582436425
best,24,208.5,0.001690567169931344,-0.0002328024481018699,-0.0013746156315184838,0.0010112597102015573
best,24,209.0,0.002392266474123761,0.0007499796819821654,-0.0024559207678117615,0.0005038467910322454
best,24,209.5,0.002634753901908786,0.00106058062255348,-0.002815427951860724,0.00037433251053151887
best,24,210.0,0.002746200468485882,0.001283252218247893,-0.003019905478717447,0.00026177121377753305
best,24,210.5,0.002617220550776849,0.001333346729593901,-0.002931798162253261,0.00017948941065094783
best,24,211.0,0.002437058143795239,0.001264990765447277,-0.002740484959386027,0.00017086901499262837
best,24,211.5,0.002309876512741647,0.001158546357947555,-0.002574832298646183,0.00021908400552635306
best,24,212.0,0.00223796099487781,0.001057718509765856,-0.002458403975439432,0.0002889424753119138
best,24,212.5,0.002272723054201953,0.000704694288834817,-0.002295427148010853,0.0006268000717870272
best,24,213.0,0.001763131545039221,7.684917196685353e-05,-0.0015205415931022674,0.0008958191245951384
best,24,213.5,0.001171355251248691,-0.0001697827080718159,-0.0008830671805689336,0.0007880936791969072
best,24,214.0,0.0007847286125880547,-0.0002565823690904686,-0.0005070904641433847,0.0006515310957408689
best,24,214.5,0.0004749282785744643,-0.0003901183459464431,-0.0001704353678075231,0.0005905090846329182
best,24,215.0,0.0002520896919345516,-0.0005411024752417963,0.00010386384295754962,0.0005878379059048042
best,24,215.5,2.939989733766396e-05,-0.0007240270633295026,0.00039650974302947906,0.0006065142752480812
best,24,216.0,-0.0001798550943248953,-0.001027240221391434,0.0007493024805292894,0.0007253386244173085
best,24,216.5,-0.0004424181014116564,-0.0014137339711082,0.0011965620065006234,0.0008732793837720309
best,24,217.0,-0.0009152771847592667,-0.002036148501331267,0.0019563576187545525,0.0010753129367562877
best,24,217.5,-0.001823248578179285,-0.002322001141483571,0.0028600250827292,0.0007322439518655122
best,24,218.0,-0.002211202769075491,-0.002162897660447095,0.0030740643250457213,0.0003430342563299337
best,24,218.5,-0.00238978921135455,-0.00223365917240319,0.003260754058044826,0.00026040112540406837
best,24,219.0,-0.002558093238798776,-0.002396321658957379,0.0034960659130591045,0.0002524314622278042
best,24,219.5,-0.00274467392779884,-0.002556060184652073,0.00374371208924926,0.00022649156785902792
best,24,220.0,-0.00276824459543643,-0.002740079093408103,0.003881887280332075,0.0003196290366835005
best,24,220.5,-0.002481825876981461,-0.002717343816669869,0.00365196884081557,0.00045446747668116943
best,24,221.0,-0.002054942437993237,-0.002587381901613246,0.0032483600027598336,0.0006045583683413026
best,24,221.5,-0.0007418811261236812,-0.002219505922984589,0.0020263252352588816,0.001170726350781963
best,24,222.0,0.0009309569797049732,-0.001768823155449813,0.0004917378483379079,0.0019374235834811251
best,24,222.5,0.05458190568981604,-0.05106961993068591,-0.005739866933183985,0.07452747437144254
best,24,223.0,0.06662379334241093,-0.0581060551874612,-0.009097323529333325,0.08793339634850461
best,24,223.5,0.08503935766568022,-0.06540853243636749,-0.016661107986044837,0.10598290403809557
best,24,224.0,0.1040364258453457,-0.07335258212109332,-0.02388255663033939,0.12503520582341793
best,24,224.5,0.1303817117595153,-0.07830710780371065,-0.03810863715381738,0.14723832948047863
best,24,225.0,0.1576087967780817,-0.08329304727108455,-0.052549170425358546,0.1703433275275096
best,24,225.5,0.1932424369100265,-0.07895202361994345,-0.07913284797756086,0.19316845971216395
best,24,226.0,0.22780741899097,-0.0735904326348459,-0.10531180333635223,0.2149911533081225
best,24,226.5,0.263926396168696,-0.05781180442316155,-0.13973974117854815,0.23124046371820337
best,24,227.0,0.298959598136823,-0.04174813949684679,-0.1733572992975245,0.24711737140445508
best,24,227.5,0.3295485979831428,-0.0215731863403915,-0.20673438435932884,0.2575433461091581
best,24,228.0,0.2043975445766568,0.1540527378749926,-0.2512521479432662,0.048815575686891516
best,24,228.5,0.2222546546436646,0.1846513175538514,-0.2855660506093408,0.04410523012672411
best,24,229.0,0.2380697169471947,0.2130215552210131,-0.3169571958516743,0.0399187814686259
best,24,229.5,0.2440209283580841,0.2333924522513222,-0.33595192869180307,0.03397869704512824
best,24,230.0,0.2448908789202502,0.248597320019949,-0.34784941827073557,0.02780201985727737
best,24,230.5,0.2284507651885484,0.2467370074342097,-0.33570089670998005,0.019334189947806002
best,24,231.0,0.2109677131986899,0.2320986395408332,-0.31314080414790524,0.017888299712201766
best,24,231.5,0.1993963348668212,0.2147781162103188,-0.2922142426060835,0.022346677142870586
best,24,232.0,0.1913421770008477,0.2001219770348116,-0.2755002769208341,0.027572301468849245
best,24,232.5,0.199595617268369,0.1674513893685408,-0.2543542322841101,0.056411902585862816
best,24,233.0,0.1700390215211592,0.1005275071623071,-0.1826168746298601,0.07530023663019204
best,24,233.5,0.1279201868394401,0.07491775132796416,-0.13631299040458666,0.05826673418027649
best,24,234.0,0.1029876038236165,0.06774773503832841,-0.11534366367288047,0.043497602171512564
best,24,234.5,0.08952826583658485,0.07188945566386326,-0.11051565005311922,0.031139931160637693
best,24,235.0,0.08315107783520966,0.08297042760084586,-0.1156588942882327,0.02052349320772938
best,24,235.5,0.07883824900643492,0.1016224518026175,-0.1284041998279934,0.007413075158710862
best,24,236.0,0.07339595017140835,0.1330298666629735,-0.1513292522149365,-0.013541357022119248
best,24,236.5,0.07045586969587912,0.1786419198106767,-0.187854164474466,-0.039846931849857936
best,24,237.0,0.07800335561869337,0.261114910410311,-0.2614730625449332,-0.07679425427552854
best,24,237.5,0.1452099488111492,0.3395879687061169,-0.36442683653200575,-0.05999165391083998
best,24,238.0,0.1935031181851185,0.3621623866556127,-0.4096721525182487,-0.02781687449226214
best,24,238.5,0.2181838435054546,0.3988680661798739,-0.4540916785790159,-0.02237568390411171
best,24,239.0,0.2416236626518268,0.4462895278757244,-0.506990176005768,-0.02274419658860602
best,24,239.5,0.2696057611532221,0.5046433472348442,-0.5716506902608411,-0.02382567270193367
best,24,240.0,0.2855100505848967,0.555008468280889,-0.623406458139188,-0.030245277298144108
best,24,240.5,0.2843455271620383,0.5787393009818713,-0.6437274838584757,-0.037503117780771644
best,24,241.0,0.2844095783898874,0.5958709893151035,-0.6590450098612599,-0.04013376588666204
best,24,241.5,0.2831931341054013,0.6008620065488848,-0.6631758984873322,-0.037831597691765195
best,24,242.0,0.2831227023935261,0.603805095116118,-0.6660463128415852,-0.033486813060169124
best,24,242.5,0.1730980114291283,0.657145537506408,-0.6628229774740513,-0.14989622929793076
best,24,243.0,0.1935408809880649,0.6495916900987676,-0.666656155216354,-0.12246226835706617
best,24,243.5,0.2172183470498794,0.6403739986421813,-0.6700150470823603,-0.09133731502119388
best,24,244.0,0.2429633860261573,0.6296642342954857,-0.6724466031123502,-0.05765258765118225
best,24,244.5,0.2700891864451831,0.6179846495452479,-0.6740602425262224,-0.02227072413896644
best,24,245.0,0.2982414014302475,0.6048781737665596,-0.6742480617447022,0.014665942170844826
best,24,245.5,0.3254223345778056,0.5920371949770332,-0.6736813615063186,0.05060789698590157
best,24,246.0,0.3520098897264899,0.5795560138481932,-0.6726260847773043,0.08585036825790168
best,24,246.5,0.3746591478569112,0.5684866016643281,-0.6707313515815047,0.11690144289259768
best,24,247.0,0.3970843931425248,0.557082834344504,-0.6679506858272148,0.14784850659247975
best,24,247.5,0.4182307810037776,0.5462521015430737,-0.6647211270021807,0.17735322928045355
best,24,248.0,0.2833933745369912,0.6082415853443339,-0.6701128042393151,0.034906453102161894
best,24,248.5,0.2818803329856949,0.6077173517850499,-0.6687403882970332,0.03953725894765145
best,24,249.0,0.2781843669423372,0.6067726392346298,-0.6661634205001812,0.042259613372176486
best,24,249.5,0.2664359708408551,0.5970687381169764,-0.6525655256853061,0.0404652848941848
best,24,250.0,0.2485004604303187,0.5868090562967284,-0.6364123031052507,0.03281353138886378
best,24,250.5,0.2126040652011809,0.5441238742294936,-0.5838824354076808,0.018777131542841025
best,24,251.0,0.1832615699539849,0.4876520780982421,-0.5207482293843367,0.014513231501344481
best,24,251.5,0.1715128089216993,0.4344533101011113,-0.4664241639554903,0.02479559558562
best,24,252.0,0.1630809589034787,0.3954278305436583,-0.4264690027231393,0.032905288962008186
best,24,252.5,0.1834344825058131,0.3447924206614516,-0.3839941887929027,0.07126349479950765
best,24,253.0,0.1672084804424434,0.2346440876668955,-0.2732782854655152,0.0912989731701792
best,24,253.5,0.1163211846326181,0.1733158902686308,-0.1992156973056151,0.06230667509168861
best,24,254.0,0.07890322858569704,0.1505389002007628,-0.16645595580446035,0.03435250692635865
best,24,254.5,0.05551700115181892,0.1384027985343599,-0.1482054247095538,0.016511333855702387
best,24,255.0,0.03601003644034422,0.1380545928264772,-0.14267057989451273,-0.000948133684027172
best,24,255.5,0.0211566106674265,0.1476724234547105,-0.14826590058128317,-0.0164914992872524
best,24,256.0,0.006505396596533403,0.1692690801343111,-0.16581486292125225,-0.03463773821715784
best,24,256.5,-0.01274406836197187,0.2086052492670337,-0.199866425948558,-0.06108987705606761
best,24,257.0,-0.02711687741817587,0.2913433293451457,-0.27777624852304367,-0.09195986271896381
best,24,257.5,0.01324471383172825,0.3846613492817968,-0.3784100201456442,-0.07032519270609938
best,24,258.0,0.05625843792973793,0.4216427826462182,-0.4241256631648616,-0.03263540777907554
best,24,258.5,0.06691544880019051,0.4625164546757777,-0.4665720950383284,-0.02663884880257812
best,24,259.0,0.07298181809450646,0.5103936594165168,-0.5149418777339482,-0.02574676486082371
best,24,259.5,0.08469658245211865,0.5758917254955541,-0.5816830915295282,-0.02166960087232124
best,24,260.0,0.0807190971028276,0.6291687504553777,-0.6336269875162851,-0.0297612143185461
best,24,260.5,0.06906282514833596,0.6493339814568112,-0.651827410444404,-0.03905534899814095
best,24,261.0,0.06256262525759003,0.6637336778457507,-0.6653489656822607,-0.0420384472990405
best,24,261.5,0.05970024872733835,0.666469339476446,-0.667973007795223,-0.03946594756596422
best,24,262.0,0.05869914492071766,0.6677212648919251,-0.6693923894645256,-0.03480095013456612
best,24,262.5,-0.0799969634581563,0.6807623313900117,-0.6644966162441224,-0.16816989326928072
best,24,263.0,-0.05683263529733423,0.6797374985002493,-0.6677446823150511,-0.13924817608208645
best,24,263.5,-0.02954353888214266,0.6786400456181332,-0.670933225913717,-0.10617786290595554
best,24,264.0,-0.001818204300210888,0.676873973897382,-0.6729759333444719,-0.07256084030417553
best,24,264.5,0.02685130466625062,0.6743640805455011,-0.6738330255922563,-0.03790724618650803
best,24,265.0,0.05547524460820262,0.6720470494775141,-0.6743246937056364,-0.0033086152045508355
best,24,265.5,0.0851440039895502,0.669429967001717,-0.6740466593840757,0.03235866357654958
best,24,266.0,0.1146002003241568,0.6661757929756297,-0.6725471280908029,0.06785096578427652
best,24,266.5,0.1423809279541103,0.6632288479515522,-0.6706839401669058,0.10162620627776639
best,24,267.0,0.1694340255107518,0.6601071196053248,-0.6680699574848439,0.13465448474007635
best,24,267.5,0.1956351012473102,0.6566174775718752,-0.6645260064913104,0.16680764787505442
best,24,268.0,0.05806728872015262,0.667580184866361,-0.6692000322063654,0.03473370323639152
best,24,268.5,0.0567355215099485,0.6663813987612994,-0.6676382093129769,0.03927224823502534
best,24,269.0,0.05305470389488498,0.6639103446081993,-0.6647351601027769,0.041459790234486316
best,24,269.5,0.04298912374842066,0.6493629099451036,-0.6497133303096867,0.03732079836935125
best,24,270.0,0.03061203415618205,0.6373048619105883,-0.6373048619105883,0.030612034156181932
best,24,270.5,0.01492295781477652,0.5781254018780012,-0.5779731629130616,0.0199674214362696
best,24,271.0,0.01549401090308156,0.5175524803041176,-0.5172032467789213,0.024524187329065528
best,24,271.5,0.01365570937102316,0.4679691193070927,-0.46745129317938305,0.025901033346263334
best,24,272.0,0.01785010805108669,0.4255880676317515,-0.42470585109288683,0.03269204361049395
best,24,272.5,0.05349282345289362,0.3823760362028704,-0.3796787747565405,0.07012091858036032
best,24,273.0,0.07728439430884497,0.2768104020566343,-0.2723862903422331,0.09166561582205862
best,24,273.5,0.04489574942459391,0.2046621101931686,-0.20153955416855796,0.05730633272733049
best,24,274.0,0.02604819071259912,0.1669795441298455,-0.16475576042118237,0.03763264281510029
best,24,274.5,0.003518556158991035,0.1500478326370326,-0.1493092225104431,0.015280326889236258
best,24,275.0,-0.01463453760582336,0.1430393828652382,-0.14377055882346965,-0.002112145116159054
best,24,275.5,-0.03193573572898225,0.1479395337606669,-0.15031935411681205,-0.017609333995905606
best,24,276.0,-0.05219815995790882,0.1620755583125199,-0.16664388489163776,-0.03497070393242121
best,24,276.5,-0.0842144725638446,0.1926189856043405,-0.2009141519054429,-0.061868041576958674
best,24,277.0,-0.126440715971561,0.265922015573807,-0.2793491202296168,-0.093090504613393
best,24,277.5,-0.1204419275505268,0.36764258166475,-0.3802181746005314,-0.07142454388127752
best,24,278.0,-0.09193815583248895,0.4166994300515235,-0.4254394580865925,-0.03305006817133796
best,24,278.5,-0.09484796584027483,0.4590704070726214,-0.46804733697252776,-0.025951216287206036
best,24,279.0,-0.1080595469059386,0.5057392298488211,-0.5164169781159653,-0.027614108697730344
best,24,279.5,-0.1169560172980958,0.5625050150507342,-0.5740939077830736,-0.022511929855503043
best,24,280.0,-0.1409635185237899,0.6054048231805684,-0.6206854216883835,-0.033694521638032646
best,24,280.5,-0.156446330970024,0.612549631842215,-0.6308025109709923,-0.0421983186478633
best,24,281.0,-0.1671372875691,0.6148124634655623,-0.6354079247912404,-0.04675475634669511
best,24,281.5,-0.1707243580950269,0.6042311646314975,-0.6261380081523276,-0.04683269697477105
best,24,282.0,-0.1724120379470557,0.5915908508987916,-0.6145096497496315,-0.04564576717285361
best,24,282.5,-0.4115759908353315,0.5092414171427263,-0.5862517107791313,-0.29159998075130056
best,24,283.0,-0.3997558816255502,0.4927287176290581,-0.5700256195696001,-0.27867031974160905
best,24,283.5,-0.3829943176159469,0.4732654656702541,-0.5495973510113533,-0.2619305252991536
best,24,284.0,-0.3577443310394565,0.4541251162574199,-0.5271818462042649,-0.23725498654263566
best,24,284.5,-0.3260244400533626,0.4393197275532833,-0.5069563582246723,-0.20564291717726968
best,24,285.0,-0.2934934998267091,0.4238216742472949,-0.48534200826548024,-0.17379983030814827
best,24,285.5,-0.2640268673117786,0.4144844481903512,-0.46996794791902324,-0.14365817896282043
best,24,286.0,-0.235207745743111,0.4057988417796098,-0.45491092396318145,-0.11424287682911924
best,24,286.5,-0.2055323294728923,0.4033784669701921,-0.44514157015494143,-0.08250277930936185
best,24,287.0,-0.1768296533716189,0.4005481254826769,-0.43474606459295345,-0.05199410024370728
best,24,287.5,-0.152007547757326,0.3985344433345431,-0.42579860524421315,-0.02513055652492807
best,24,288.0,-0.1163582420021834,0.399004469937105,-0.41543247537884487,0.012635897761308204
best,24,288.5,-0.1137981317353959,0.3885298543647914,-0.40456072873779253,0.015364871699393448
best,24,289.0,-0.1126824888701749,0.3760231605058008,-0.39222271305490003,0.015877780027506977
best,24,289.5,-0.1147320457999921,0.352040807795691,-0.3701466158477857,0.009362449643438561
best,24,290.0,-0.117693101782206,0.3262030749293632,-0.3467840339287879,0.0009726831784709206
best,24,290.5,-0.110047664707245,0.2846449299692239,-0.30515849418357394,-0.0033938315097024607
best,24,291.0,-0.0996859494044876,0.2410426654514205,-0.2607569637027222,-0.006682885390060636
best,24,291.5,-0.08141518671400584,0.1959085375295431,-0.21211551083982352,-0.00394940068890727
best,24,292.0,-0.0709749311803378,0.157497710724462,-0.17261701170234667,-0.006807129384102627
best,24,292.5,-0.054848941765893,0.1199833662645163,-0.13183995763015668,-0.004758168248589156
best,24,293.0,-0.03627168559532488,0.07449333415703217,-0.08274395228627199,-0.004281398113291798
best,24,293.5,-0.03278048621710059,0.03980806317379239,-0.04957757373327149,-0.014188247002367704
best,24,294.0,-0.02909548817390866,0.02030043365206992,-0.030379570139530715,-0.01832312082254236
best,24,294.5,-0.02499505314380827,0.009097180858785713,-0.01864336189422528,-0.0189719908950064
best,24,295.0,-0.02098521911442762,0.0009186626604100986,-0.009701327947176581,-0.0186308238794075
best,24,295.5,-0.01632976113713863,-0.002372358444596973,-0.004888887556470666,-0.01576032873533544
best,24,296.0,-0.01271425516917356,-0.003761013286280989,-0.002193186269318151,-0.013076216556577558
best,24,296.5,-0.0103434191591581,-0.003504158049765934,-0.0014792195616745718,-0.010820228880579999
best,24,297.0,-0.00879403273121767,-0.001600034087245537,-0.0025667665037118863,-0.008561940812309907
best,24,297.5,-0.005791784110281294,0.001384831909774452,-0.0039027091871799177,-0.004497931035347018
best,24,298.0,-0.002708123786491001,0.001553253025092166,-0.002642828125867548,-0.0016619232533543016
best,24,298.5,-0.001510475471436632,0.001322306364685965,-0.0018828020648211101,-0.0006964816268977173
best,24,299.0,-0.0009814857651298358,0.001104642660764604,-0.0014419759815214022,-0.00032288540358615145
best,24,299.5,-0.000782738877421451,0.0009689759919230614,-0.0012287928384505128,-0.00020411463279982082
best,24,300.0,-0.0007084714651525567,0.0008624840823025838,-0.0011011688582100246,-0.00018231224552720372
best,24,300.5,-0.0006290764774566579,0.000715706738564795,-0.0009359542418173653,-0.00017878201067337223
best,24,301.0,-0.0005543041215547736,0.000555286080460241,-0.0007614607983858399,-0.00018913789373656883
best,24,301.5,-0.0004650652245725524,0.0004006693994355549,-0.000584622734924846,-0.00018718410338423513
best,24,302.0,-0.0003750883875922613,0.0002475456487153139,-0.0004086971784801396,-0.00018691378495665033
best,24,302.5,-0.006313457607248535,-0.004083832288468848,5.205091854017371e-05,-0.007518957628604129
best,24,303.0,-0.005984379633097039,-0.004013806516987765,0.00010693464269162381,-0.007204998773839765
best,24,303.5,-0.005766133326035468,-0.004040165153843256,0.00018649419572030384,-0.007038213403905055
best,24,304.0,-0.005560784233284348,-0.004069034829149851,0.00026383167641568514,-0.006885474462700304
best,24,304.5,-0.005422425491378441,-0.004166230679332895,0.00036220419310178205,-0.00682854189453831
best,24,305.0,-0.005305171356273685,-0.004270490297277147,0.0004552595763677738,-0.006795194567978937
best,24,305.5,-0.005278480124142796,-0.004443994280361747,0.0005526956973780496,-0.006877933196168619
best,24,306.0,-0.005247492723725855,-0.004610872253908437,0.0006458751777857264,-0.0069555135024050325
best,24,306.5,-0.005280444724643278,-0.004808823629233232,0.0007246770194585849,-0.007105119591150702
best,24,307.0,-0.005330749545811654,-0.005027430012467571,0.0008069589709036973,-0.007282908791802137
best,24,307.5,-0.005530593415590047,-0.00533030989734005,0.0008620072109013417,-0.00763260183021513
best,24,308.0,0.0006291930486400952,-0.001193579453769518,0.0013279233654448271,-0.00023902999900314288
best,24,308.5,0.000745281092370195,-0.00133343947554176,0.0015075089986377065,-0.0002468225285583443
best,24,309.0,0.0008622331630977277,-0.001471942746916057,0.001686535272638494,-0.0002562425645565162
best,24,309.5,0.0009730112097257621,-0.001590668843492813,0.0018463104222606452,-0.00026099043768397425
best,24,310.0,0.001027828697241732,-0.001693114857645171,0.0019576767797285055,-0.00030095079027025735
best,24,310.5,0.001055642775781428,-0.001811610765201533,0.0020631447736695887,-0.00037383001154731304
best,24,311.0,0.001112898918525129,-0.001973974293078465,0.002219904693951973,-0.000455128182338803
best,24,311.5,0.001121047004501214,-0.002433368584893094,0.0025653135426186237,-0.0007727842417539645
best,24,312.0,0.001013499780629488,-0.003540560430849529,0.003309312886233021,-0.0016159202303472455
best,24,312.5,-0.0002940968760126133,-0.006042427053568642,0.004256255556400055,-0.004299035509133678
best,24,313.0,-0.003989565823311608,-0.007471297023354816,0.002743283385066926,-0.008013196050200089
best,24,313.5,-0.006453353191042215,-0.008251762441588071,0.0015434217931879725,-0.010361235446077397
best,24,314.0,-0.007512776408480685,-0.01036702127293941,0.0022385979950447932,-0.012605777185639273
best,24,314.5,-0.007404408012677357,-0.01425322546610063,0.0049763012928504815,-0.01527141511610744
best,24,315.0,-0.005455145868840695,-0.01911564140967617,0.009659429031293361,-0.01737417030373143
best,24,315.5,-0.0009656265500669043,-0.02606707097266871,0.0175819179673548,-0.019269166674185687
best,24,316.0,0.008631202643895596,-0.0332964869058854,0.029338450922593996,-0.0179557510791482
best,24,316.5,0.02440262773541361,-0.04394696108948165,0.04795213249840271,-0.015080338797560957
best,24,317.0,0.05701417245340183,-0.05998156618801262,0.08260485584275398,-0.004984168346977812
best,24,317.5,0.09537712996152392,-0.09141660783275972,0.13207956143587898,-0.002963538130660817
best,24,318.0,0.124445816296953,-0.1208636227801063,0.17335481363097183,-0.006548671339884474
best,24,318.5,0.1595037695734664,-0.1444783772106272,0.21519552998289576,-0.0025175116568483535
best,24,319.0,0.197983338978383,-0.1677858800580877,0.25949736420070496,0.0032591460205086964
best,24,319.5,0.2382999877682244,-0.1945357507127426,0.30754559593221004,0.006837316608729965
best,24,320.0,0.2724566160403755,-0.2145116911034966,0.34659933388296454,0.010806248013988051
best,24,320.5,0.2936729018128134,-0.2225820647872015,0.368184834149168,0.015049143717898034
best,24,321.0,0.3112423551938061,-0.2318701983795634,0.3878013832902527,0.015674172428934263
best,24,321.5,0.3222608942134691,-0.2377481938470142,0.40020573494993816,0.01454844768220992
best,24,322.0,0.3318660970592863,-0.2436901599591727,0.4115446966430196,0.01228670433011797
best,24,322.5,0.3109830207057511,-0.2905160025101234,0.4235743550887298,-0.04116737291718145
best,24,323.0,0.3072147306354411,-0.3124194154127371,0.43337129081484294,-0.06462279894681011
best,24,323.5,0.3017141073637555,-0.3371648398361919,0.44308828477528783,-0.09156584351692584
best,24,324.0,0.2967360248884604,-0.3634768732939775,0.45371083264961176,-0.11964190830376786
best,24,324.5,0.2958639195795869,-0.391955061270342,0.46847687083701783,-0.1472876452903975
best,24,325.0,0.2950450691574092,-0.4206757528319731,0.4829764707263354,-0.1753665035848665
best,24,325.5,0.3023660566185576,-0.4527890752523076,0.505650342044055,-0.2018933145342531
best,24,326.0,0.310244306051536,-0.4846695823451973,0.5282279773635539,-0.228322879752503
best,24,326.5,0.319749086029275,-0.5148887072668515,0.5508203503188366,-0.25287704633303587
best,24,327.0,0.328362586605737,-0.5429395288143622,0.5710940980456296,-0.2765083206867753
best,24,327.5,0.3364500294917051,-0.5618089479361694,0.5856188045086423,-0.2930503917963314
best,24,328.0,0.4950880403767948,-0.3640673654267952,0.6127847804896452,-0.04638994603574903
best,24,328.5,0.5082625584405064,-0.3671836512417557,0.6252180021247237,-0.04750907145888572
best,24,329.0,0.5199904543946611,-0.366744449682283,0.6346061695326467,-0.04654646737861334
best,24,329.5,0.5205355850149529,-0.3495974933854527,0.6259427785843905,-0.037031616036887816
best,24,330.0,0.5155097722193249,-0.328660105720228,0.6107746115011788,-0.026873114654534014
best,24,330.5,0.4824072090143884,-0.297115331452492,0.5661724514033004,-0.021047345798305056
best,24,331.0,0.4448078437986684,-0.266797183142521,0.5183835471186155,-0.01769895235110311
best,24,331.5,0.3971566760964675,-0.2451514509452315,0.4660042457703918,-0.02593650308956233
best,24,332.0,0.3624538504409529,-0.230105049425998,0.42805553192823687,-0.03300892389109164
best,24,332.5,0.3087986905002763,-0.237525515510555,0.3835848611399292,-0.06810033830680712
best,24,333.0,0.2045584698668495,-0.2103400919825612,0.2777553347037778,-0.09454679229403537
best,24,333.5,0.1538329335707842,-0.1444184225508425,0.20210956251349071,-0.060605090245559365
best,24,334.0,0.1333362479882176,-0.1052551790457038,0.16598265939143414,-0.03615196432928358
best,24,334.5,0.1278910171215917,-0.07979933118799809,0.1497870476487982,-0.01696719997830306
best,24,335.0,0.1293578276832802,-0.05978211668723092,0.14250302078103916,0.00048798239888973166
best,24,335.5,0.1416892702876214,-0.04794932924847671,0.14881601128973646,0.015125550364548393
best,24,336.0,0.1656054064917167,-0.03467449212993298,0.16539145339085148,0.035681062330279775
best,24,336.5,0.207477433843855,-0.02416642195541111,0.19990560916805508,0.06056937285218504
best,24,337.0,0.2913995912515161,-0.01976649097913215,0.2759581213676272,0.095663740249003
best,24,337.5,0.3809315946648784,-0.08048973505260419,0.3827369916778541,0.0714133913503054
best,24,338.0,0.406275868737031,-0.1284452949331658,0.4248088803682859,0.03310121551756902
best,24,338.5,0.4435491026160319,-0.1474562897053624,0.46672878840184656,0.025365367769920766
best,24,339.0,0.4923362338103761,-0.1626283118427731,0.5179162457938252,0.024610917866784265
best,24,339.5,0.5535340338635986,-0.1800478009562781,0.5815340041969375,0.025205936546283586
best,24,340.0,0.6051304345915494,-0.1866137369616734,0.6324622610608189,0.03160724640955881
best,24,340.5,0.6271134811243445,-0.1807378940011861,0.6514747356721209,0.03896374361913624
best,24,341.0,0.6426281726867672,-0.177088912052928,0.6652713847506814,0.04177841230508861
best,24,341.5,0.6459292967401955,-0.1746548181541642,0.6679688187533329,0.03932707801279928
best,24,342.0,0.6474769064183477,-0.1738324365838979,0.6695043080778267,0.0347568959920069
best,24,342.5,0.6838831558692273,-0.04169168895482837,0.664767890743519,0.16588556069161892
best,24,343.0,0.678686873937514,-0.06513902761426622,0.6680762939036942,0.13613607639972614
best,24,343.5,0.6726598062644852,-0.09154226478257839,0.6709589049862056,0.1032731766966159
best,24,344.0,0.6659584174638449,-0.119486206306152,0.6730951797585266,0.0687055039587198
best,24,344.5,0.6590970330508138,-0.1475158904347354,0.6745478796727313,0.0339852164353992
best,24,345.0,0.6513471636834871,-0.1757808686383275,0.6746484838502769,-0.0012102298504913234
best,24,345.5,0.6436830523891772,-0.2032444391559008,0.674068571821857,-0.03560525892177949
best,24,346.0,0.6362065680572869,-0.2308847961763871,0.6731646015708389,-0.07011423205467499
best,24,346.5,0.6282948869372584,-0.257981222254005,0.6711595694945266,-0.10418065205734905
best,24,347.0,0.6199160460646749,-0.2848174094060538,0.6680976145068243,-0.1380667894880107
best,24,347.5,0.6119037580644784,-0.3108354917862878,0.6646763095805165,-0.17102723633936356
best,24,348.0,0.6478149158689781,-0.1732846470853718,0.6696865096450916,-0.03480966729527657
best,24,348.5,0.6469620104884033,-0.1718839448514183,0.6682422040732534,-0.039449844210118906
best,24,349.0,0.6453212854389672,-0.1684071484355928,0.6655985146515034,-0.04217992862157387
best,24,349.5,0.6336752131712875,-0.1585288677144198,0.6519538546659159,-0.040396151707141836
best,24,350.0,0.6204211489164411,-0.1426552111260766,0.6357673750323872,-0.032752956029190386
best,24,350.5,0.5721519257448835,-0.1147363413865445,0.5832421647050403,-0.018730495949840123
best,24,351.0,0.5114689272081254,-0.09565629440525963,0.5201358372231862,-0.014467238676106844
best,24,351.5,0.4570639214152199,-0.09332340525945187,0.4658375464260666,-0.02473997915157662
best,24,352.0,0.417186656088405,-0.09178719739436303,0.42590093311922567,-0.0328327700919333
best,24,352.5,0.3708964282170725,-0.1205505323683215,0.383458359817854,-0.07110750736925733
best,24,353.0,0.2597940123636922,-0.1236564859884062,0.2729274819462356,-0.09107384358592976
best,24,353.5,0.190712188588857,-0.08423452652721428,0.19902188222947262,-0.06210382218071324
best,24,354.0,0.1618735239216042,-0.05138167982653374,0.16635761185283351,-0.03417981490904508
best,24,354.5,0.1459467646070322,-0.03048044021933218,0.14819627538379898,-0.016351736837228237
best,24,355.0,0.1422886307382466,-0.01133361123326558,0.1427349688452239,0.0011107878757269478
best,24,355.5,0.1492622653793396,0.004973450762272069,0.14841192717948296,0.016669101641329835
best,24,356.0,0.1680847917008105,0.02317721319372702,0.1660585849325292,0.034845757026334176
best,24,356.5,0.203613265741915,0.04901589458565787,0.20024113717887543,0.06135476256518971
best,24,357.0,0.2828188375580221,0.07760808076551128,0.2783695510513543,0.09230331589517496
best,24,357.5,0.3818516840033325,0.05402030078051506,0.3791319133862296,0.07062502194473794
best,24,358.0,0.4258642942175024,0.01734472460696512,0.42499954703670667,0.03219660820112989
best,24,358.5,0.4697126856172686,0.01237562293636665,0.4692277707693606,0.024667026810430134
best,24,359.0,0.5207688722284038,0.01717546624287667,0.5203898033891422,0.026261520354192536
best,24,359.5,0.5828644968461427,0.01538773229987153,0.5827080215599452,0.020473534104645752
best,24,360.0,0.6354871434589642,0.03133308365317564,0.6354871434589642,0.031333083653175796
