run,total_thickness_mm,inner_length_mm,v_angle_deg,layer_normal_gap_mm,tip_gap_mm,magnet_center_offset_deg,outer_length_mm,inner_thickness_mm,outer_thickness_mm,outer_length_scale,outer_thickness_scale,pair_radial_shift_mm,outer_bridge_min_mm,shaft_clearance_min_mm,layer_gap_actual_min_mm,other_magnet_gap_min_mm,magnet_area_ratio_vs_single,geometry_status,candidate,pred_mean_torque_Nm,pred_ripple_pkpk_Nm,unc_mean_torque_Nm,unc_ripple_pkpk_Nm,conservative_mean_Nm,conservative_ripple_Nm,magnet_area_total_mm2,magnet_volume_total_cm3,torque_per_magnet_Nm_cm3,torque_ripple_pareto,magnet_torque_pareto,three_objective_pareto
3630,3.5005973312597,14.533489929924466,59.78750867412003,0.6985789589474548,0.6075381037704741,16.923059550378746,11.626791943939573,1.75029866562985,1.4002389325038802,0.8,0.8,1.0,4.073001561969601,6.887862876573774,0.6985789589474501,0.6075381037704702,0.8200000000000001,OK,3522,37.93762145907094,10.77507211719646,0.5816663538596404,0.4538337193995386,37.3559551052113,11.228905836595999,333.7458781705465,50.06188172558198,0.7578145317634862,False,True,True
6027,3.5020720308320867,14.543923855704229,62.59935178807802,1.489795304471042,0.6075381037704741,17.41018445617013,11.635139084563384,1.7510360154160434,1.4008288123328347,0.8,0.8,1.0,4.046763177447136,6.795492439701908,1.48979530447104,0.6075381037704685,0.8200000000000001,OK,5849,38.289267124292714,9.482602824630991,0.5856237543594435,0.4513645254487821,37.70364336993327,9.933967350079772,334.12618033570357,50.11892705035554,0.7639682127636668,False,True,True
1740,3.533620065116725,14.530303104373193,63.735351429986174,1.908813488831284,0.6075381037704741,17.753541705401375,11.624242483498556,1.7668100325583624,1.41344802604669,0.8,0.8,1.0,3.95188630080429,6.685852811566598,1.9088134888312795,0.6075381037704822,0.8200000000000001,OK,1691,38.55915445445542,9.058896646495944,0.589133975988902,0.4484298407982017,37.970020478466516,9.507326487294145,336.82038314807664,50.5230574722115,0.7631991487384464,False,True,True
3556,3.5099263249329167,14.661152882012098,64.86582024846984,1.6473891509943268,0.6075381037704741,17.78303383755305,11.72892230560968,1.7549631624664583,1.4039705299731668,0.8,0.8,1.0,4.064228357018557,6.9016070789082455,1.6473891509943228,0.6075381037704676,0.8200000000000001,OK,3451,38.81214282676481,9.020996018816117,0.5728493409271402,0.44637936627149843,38.23929348583767,9.467375385087616,337.5747559411288,50.63621339116931,0.7664898345959937,False,True,True
5881,3.5520289182783453,14.602320873183247,69.26412908740723,1.971876674695479,0.6075381037704741,18.393177492394912,11.6818566985466,1.7760144591391729,1.4208115673113382,0.8,0.8,1.0,4.173477312425732,7.168648118436312,1.971876674695475,0.6075381037704624,0.8200000000000001,OK,5704,39.09691368730648,8.326204666905447,0.5478682476366845,0.44605670201250275,38.5490454396698,8.772261368917949,340.25320106185313,51.03798015927797,0.7660356770642935,False,True,True
2326,3.5101423663767446,14.91881371409239,64.99345132981458,1.297470733622833,0.6075381037704741,18.246707174713485,11.935050971273911,1.7550711831883723,1.404056946550698,0.8,0.8,1.0,4.091530393013869,6.967527085025788,1.2974707336228324,0.6075381037704736,0.8200000000000001,OK,2265,39.35024684269546,9.167545039645113,0.5620391190330306,0.44727763470963405,38.78820772366243,9.614822674354746,343.52857008490275,51.52928551273541,0.7636482138486101,False,True,True
1503,3.535753533088633,14.885768534409667,65.5443352508776,1.6897851945258155,0.6075381037704741,18.092735181588274,11.908614827527735,1.7678767665443165,1.4143014132354532,0.8,0.8,1.0,3.999818418707754,6.863494749718514,1.689785194525814,0.6075381037704721,0.8200000000000001,OK,1459,39.60147527887712,8.884511160411149,0.5601366869750467,0.44449479860464397,39.04133859190207,9.329005959015793,345.26860099510753,51.790290149266134,0.7646505776418838,False,True,True
3380,3.5573939523841647,14.958222587526665,70.23505093934921,1.9600602622180487,0.6075381037704741,19.10635728723807,11.966578070021331,1.7786969761920823,1.422957580953666,0.8,0.8,1.0,4.10165618376762,7.140331471569201,1.960060262218045,0.6075381037704752,0.8200000000000001,OK,3283,40.103920881263626,8.090470809112766,0.5413716156739607,0.44479166803237236,39.56254926558967,8.535262477145139,349.0726261476202,52.360893922143035,0.7659136022562054,False,True,True
2200,3.511336340733281,15.178116028883688,73.86224293288068,1.9604030274847035,0.6075381037704741,20.1962460933414,12.14249282310695,1.7556681703666406,1.4045345362933126,0.8,0.8,1.0,4.222928060307432,7.4345338796803,1.960403027484699,0.6075381037704827,0.8200000000000001,OK,2142,40.170589929764866,7.325421179161932,0.5414044483533286,0.4437154272380681,39.62918548141154,7.7691366064,349.6182857983216,52.44274286974824,0.7659894912349712,False,True,True
6315,3.530250051072832,15.124002617326232,64.68761047260682,1.6105478729225418,0.6075381037704741,18.246651536619204,12.099202093860988,1.765125025536416,1.4121000204291327,0.8,0.8,1.0,3.90365334726901,6.737107924741091,1.6105478729225386,0.6075381037704748,0.8200000000000001,OK,6134,40.2475589815829,9.024358588024963,0.5568203595608338,0.44459592246214097,39.69073862202207,9.468954510487105,350.2483122403047,52.5372468360457,0.7660766676103995,False,True,True
4110,3.5453746384542866,15.08536845785398,67.15956304292936,1.783328140175239,0.6075381037704741,18.677276767386864,12.068294766283184,1.7726873192271433,1.418149855381715,0.8,0.8,1.0,3.97330766308102,6.8953506812912,1.783328140175235,0.6075381037704757,0.8200000000000001,OK,3987,40.39595776776527,8.559498970582096,0.5475584036068046,0.4432496875286909,39.84839936415846,9.002748658110788,350.8503347889223,52.62755021833834,0.7675819528017682,False,True,True
1212,3.511553893241996,15.324376680741915,64.84587235426524,1.5398487822993918,0.6075381037704741,18.60075960499748,12.259501344593534,1.755776946620998,1.4046215572967986,0.8,0.8,1.0,3.867656462527037,6.714042546503743,1.5398487822993874,0.6075381037704759,0.8200000000000001,OK,1175,40.8618750440439,8.991208474702695,0.551476187718028,0.4443073302220302,40.31039885632587,9.435515804924725,353.0091773416658,52.95137660124987,0.77168673728266,False,True,True
10124,3.5527646783519367,15.32415665492173,70.27432131186332,1.6023462164012736,0.6075381037704741,19.805688648367465,12.259325323937384,1.7763823391759683,1.4211058713407747,0.8,0.8,1.0,4.097390942270085,7.170533626430686,1.6023462164012712,0.6075381037704584,0.8200000000000001,OK,9818,41.09617407997642,7.958490098523314,0.5406822601409973,0.44218024449300963,40.555491819835424,8.400670343016325,357.1468835287433,53.572032529311485,0.7671199344077714,False,True,True
1075,3.5197157678844366,15.46883304819988,62.76624478105471,1.493669384303713,0.6075381037704741,18.3955745896099,12.375066438559903,1.7598578839422183,1.4078863071537748,0.8,0.8,1.0,3.728325508915585,6.480870596102429,1.4936693843037112,0.6075381037704793,0.8200000000000001,OK,1041,41.19696192820759,9.397662224642623,0.5530358324968905,0.44569258567545084,40.643926095710704,9.843354810318074,357.1650750738177,53.57476126107266,0.7689621187008675,False,True,True
397,3.539935349571839,15.409144868883784,69.33733366031272,1.4203142756896372,0.6075381037704741,19.81705529377728,12.327315895107027,1.7699676747859194,1.4159741398287355,0.8,0.8,1.0,4.0832353159216055,7.132004386350175,1.4203142756896332,0.6075381037704805,0.8200000000000001,OK,384,41.28086742408113,8.121999206105478,0.5418310350443477,0.44256606050735314,40.739036389036784,8.564565266612831,357.8307906799111,53.674618601986666,0.7690947509136692,False,True,True
946,3.5054169514599187,15.602718557895765,67.31024501944144,0.8213417914426765,0.6075381037704741,19.98062948625038,12.48217484631661,1.7527084757299594,1.4021667805839677,0.8,0.8,1.0,4.106953092476257,7.122528805878618,0.8213417914426739,0.6075381037704808,0.8200000000000001,OK,922,41.29132695651303,8.707672357977303,0.5499746599577382,0.44646728206307656,40.74135229655529,9.15413964004038,358.7928638383919,53.81892957575878,0.7672268341641553,False,True,True
6293,3.519650714981585,15.5755715887377,64.75315112036358,1.4285921078953865,0.6075381037704741,18.98092687381085,12.460457270990162,1.7598253574907925,1.407860285992634,0.8,0.8,1.0,3.80458268518376,6.652094747353717,1.4285921078953816,0.6075381037704728,0.8200000000000001,OK,6113,41.7892175705482,9.037296407534571,0.546257130004817,0.44445975896719186,41.242960440543385,9.481756166501762,359.6229502112717,53.943442531690756,0.7746857747537678,False,True,True
9567,3.554671413412981,15.5315412805555,69.43522666994373,1.4076661495457896,0.6075381037704741,20.011501226004967,12.425233024444402,1.7773357067064908,1.4218685653651928,0.8,0.8,1.0,4.044565848829873,7.09732368772085,1.4076661495457847,0.6075381037704676,0.8200000000000001,OK,9277,41.79530905303039,8.067912323292319,0.5409699759473974,0.44249160799908854,41.25433907708299,8.510403931291407,362.17448922329686,54.32617338349453,0.769340199207344,False,True,True
411,3.510343633321764,15.759009982877298,74.26934765725653,1.7161663270958454,0.6075381037704741,21.21286511430514,12.60720798630184,1.755171816660882,1.4041374533287057,0.8,0.8,1.0,4.130787744991643,7.395318654558981,1.716166327095842,0.6075381037704791,0.8200000000000001,OK,398,41.83018712261335,6.849448572520645,0.5418801954521089,0.44229545060891,41.288306927161244,7.291744023129555,362.89618476715924,54.43442771507389,0.768450939570176,False,True,True
5126,3.5288396127227086,15.679527016272734,71.54355829228146,1.5670096037646155,0.6075381037704741,20.6005955867864,12.543621613018187,1.7644198063613543,1.4115358450890836,0.8,0.8,1.0,4.0578602594365165,7.200155221515017,1.5670096037646108,0.6075381037704735,0.8200000000000001,OK,4975,42.12986111600705,7.511159048347704,0.5408146636081687,0.44198179148230815,41.58904645239888,7.953140839830012,362.96831644719106,54.44524746707866,0.7738023624831839,False,True,True
3944,3.521427057793694,15.74449083251622,66.8029268565902,1.6358094021726997,0.6075381037704741,19.58188150756333,12.595592666012976,1.760713528896847,1.4085708231174776,0.8,0.8,1.0,3.778933407812154,6.697898024022415,1.6358094021726983,0.6075381037704813,0.8200000000000001,OK,3826,42.66242024146175,8.455708006699673,0.5415860079781248,0.4425347527632447,42.12083423348363,8.898242759462917,363.7065787489764,54.55598681234646,0.7819933747730671,False,True,True
8823,3.5004809917267,15.984462882649913,70.84479720260683,1.3670908593387925,0.6075381037704741,20.98656218366912,12.787570306119932,1.75024049586335,1.40019239669068,0.8,0.8,1.0,3.9872507880201296,7.121916150043036,1.3670908593387876,0.6075381037704632,0.8200000000000001,OK,8564,43.136650994036934,7.488436673164558,0.5417611770395223,0.44226166088444374,42.59488981699741,7.930698334049001,367.05370365292106,55.05805554793816,0.7834757432811725,False,True,True
1217,3.5221932135345217,15.918711517009305,69.58194204265868,1.7055387256985148,0.6075381037704741,20.43766651207953,12.734969213607444,1.7610966067672609,1.4088772854138087,0.8,0.8,1.0,3.831438870033022,6.871924550554999,1.7055387256985113,0.6075381037704805,0.8200000000000001,OK,1180,43.316772257318995,7.819782669399954,0.5407057723422919,0.4420798760870664,42.7760664849767,8.26186254548702,367.8111815376615,55.17167723064923,0.7851269787617668,False,True,True
3100,3.531904734086864,15.935507595539688,65.52136688479163,1.7985436104807222,0.6075381037704741,19.42241357578537,12.74840607643175,1.7659523670434318,1.4127618936347457,0.8,0.8,1.0,3.5980760944318817,6.4428923794003055,1.7985436104807184,0.6075381037704676,0.8200000000000001,OK,3015,43.38293911438633,8.527525424450785,0.5432240691158898,0.44298550188584307,42.839715045270445,8.970510926336628,369.21447734197056,55.38217160129559,0.783337631227365,False,True,True
3178,3.5089604539394736,16.109287423319653,62.53068458448375,0.9421265018397792,0.6075381037704741,19.45653572244208,12.887429938655725,1.7544802269697368,1.4035841815757897,0.8,0.8,1.0,3.548650350369204,6.432137444173348,0.9421265018397728,0.6075381037704752,0.8200000000000001,OK,3089,43.458108884330585,9.977055209080447,0.5444955677465003,0.4444884916831113,42.91361331658408,10.421543700763559,370.8161524628001,55.62242286942002,0.7813055714303105,False,True,True
8710,3.523659744728676,16.10248784912568,64.60659160047445,0.8294394896671814,0.6075381037704741,20.030095455405515,12.881990279300544,1.761829872364338,1.4094638978914704,0.8,0.8,1.0,3.686308658483842,6.664951372091403,0.8294394896671773,0.6075381037704721,0.8200000000000001,OK,8453,43.51190662046656,9.480468342397478,0.5457980874824523,0.44450356695573084,42.96610853298411,9.924971909353209,372.21235474909105,55.831853212363654,0.7793383904876561,False,True,True
3900,3.5392839354575605,16.091912304905403,69.40809270736827,1.215223204723567,0.6075381037704741,20.89291329584509,12.873529843924324,1.7696419677287802,1.4157135741830242,0.8,0.8,1.0,3.908995116492342,6.983045922179997,1.2152232047235616,0.6075381037704818,0.8200000000000001,OK,3782,43.79733328974245,7.851974898515466,0.542464677239539,0.4429446864363154,43.25486861250291,8.294919584951781,373.61723442772563,56.042585164158844,0.7815009454230591,False,True,True
7248,3.531346141301763,16.17647834378181,68.74133249056274,1.9203388141279056,0.6075381037704741,20.48251977614084,12.941182675025448,1.7656730706508814,1.4125384565207053,0.8,0.8,1.0,3.6286284808193088,6.60960958426589,1.920338814127904,0.6075381037704752,0.8200000000000001,OK,7047,44.35664079947192,7.808657566915369,0.5420832465943196,0.4428121040200424,43.8145575528776,8.251469670935412,374.7383231273252,56.210748469098775,0.7891131501986045,False,True,True
2082,3.5631381775128776,16.15904052349743,69.31281473197471,1.474630546313736,0.6075381037704741,20.822431546640857,12.927232418797946,1.7815690887564388,1.4252552710051511,0.8,0.8,1.0,3.792181671475383,6.834665640412338,1.4746305463137332,0.6075381037704755,0.8200000000000001,OK,2028,44.36170512045205,7.829771467331089,0.5415715222465678,0.44205940711969394,43.82013359820548,8.271830874450783,377.70442596020905,56.655663894031356,0.7830056532993083,False,True,True
5750,3.5612388617837136,16.17479378409065,69.77772406189978,1.4920829130686963,0.6075381037704741,20.94157088159784,12.93983502727252,1.7806194308918568,1.4244955447134855,0.8,0.8,1.0,3.8055389326532953,6.869190615936358,1.4920829130686908,0.6075381037704689,0.8200000000000001,OK,5577,44.36980108136414,7.70827266292117,0.5415765451204378,0.4419727329030234,43.8282245362437,8.150245395824193,377.87111558638276,56.680667337957416,0.7828030819893145,False,True,True
2477,3.54831185429241,16.236488259780288,63.17496994126088,1.5612753558052164,0.6075381037704741,19.360031763488536,12.98919060782423,1.774155927146205,1.419324741716964,0.8,0.8,1.0,3.4454355405531985,6.198261064411735,1.5612753558052133,0.6075381037704822,0.8200000000000001,OK,2415,44.45130263984897,9.058483954394372,0.5448887275212374,0.4444384925142826,43.90641391232773,9.502922446908656,377.9355318935321,56.690329784029814,0.7841073214636918,False,True,True
5913,3.500304037642351,16.473012126283262,69.86096440558572,0.7869826425230451,0.6075381037704741,21.760531880310506,13.17840970102661,1.7501520188211754,1.4001216150569404,0.8,0.8,1.0,3.928857074035246,7.083364682510359,0.7869826425230434,0.6075381037704785,0.8200000000000001,OK,5736,44.48658938635465,7.559084543721337,0.548969600001694,0.44406082396857816,43.93761978635296,8.003145367689914,378.2532136269103,56.73798204403654,0.7840707015597926,False,True,True
9902,3.563251641890945,16.21388364244087,68.37142336726204,1.868750479882056,0.6075381037704741,20.46398678593808,12.971106913952696,1.7816258209454727,1.4253006567563782,0.8,0.8,1.0,3.603429459894304,6.5663682917058654,1.868750479882053,0.6075381037704658,0.8200000000000001,OK,9606,44.6540179290818,7.89450922579181,0.5417899672869435,0.4425638235822992,44.11222796179486,8.33707304937411,378.9984076679364,56.84976115019046,0.7854741519689252,False,True,True
9068,3.5249602841763,16.3985788354226,63.70182559395556,1.4022164234577892,0.6075381037704741,19.827513657625342,13.11886306833808,1.76248014208815,1.40998411367052,0.8,0.8,1.0,3.463362903162309,6.253767650170085,1.4022164234577836,0.6075381037704705,0.8200000000000001,OK,8796,45.07456219660676,9.042316963370633,0.5442377976703475,0.4440254859438751,44.530324398936415,9.486342449314508,379.19646457339957,56.879469686009934,0.792457497326022,False,True,True
3146,3.5056551994610348,16.505664978939738,69.06880979566175,1.9001691405668013,0.6075381037704741,21.038759698362973,13.20453198315179,1.7528275997305174,1.402262079784414,0.8,0.8,1.0,3.542174131422126,6.543999302489318,1.9001691405667984,0.6075381037704748,0.8200000000000001,OK,3059,45.41477907953064,7.563852210100671,0.5431797659440116,0.4427568016815274,44.87159931358663,8.006609011782198,379.58239686612194,56.93735952991829,0.7976270669114363,False,True,True
4995,3.504774717186585,16.5766599442439,62.61224931663423,1.4541867740093528,0.6075381037704741,19.74486404070068,13.26132795539512,1.7523873585932923,1.401909886874634,0.8,0.8,1.0,3.338874646909275,6.074912121086815,1.4541867740093504,0.6075381037704841,0.8200000000000001,OK,4852,45.582297853134186,9.151023021330793,0.5463598553821605,0.4444397334446709,45.03593799775203,9.595462754775465,381.11932886198565,57.167899329297846,0.7973407871884811,False,True,True
3453,3.5275160451315486,16.55590755304303,66.70897378724791,1.8792339579753417,0.6075381037704741,20.52287207796251,13.244726042434426,1.7637580225657743,1.4110064180526196,0.8,0.8,1.0,3.4094380465750795,6.295843497535541,1.8792339579753377,0.6075381037704741,0.8200000000000001,OK,3352,45.769162645299375,7.989186554101346,0.5440675882061384,0.44297248421695157,45.225095057093235,8.432159038318298,383.11206575008475,57.46680986251271,0.7964451612121929,False,True,True
1724,3.534348646984046,16.653195855167084,62.96200712796345,1.702440781028244,0.6075381037704741,19.80343409648813,13.322556684133668,1.767174323492023,1.4137394587936185,0.8,0.8,1.0,3.247234149719461,5.968919003779705,1.7024407810282411,0.6075381037704721,0.8200000000000001,OK,1675,45.99547688745568,8.774731536574924,0.5481088336025046,0.44463455230592763,45.447368053853175,9.219366088880852,386.10979356567594,57.91646903485139,0.7941692173909597,False,True,True
3500,3.542041261038668,16.7082924284532,70.04161953888634,1.806322231657536,0.6075381037704741,21.59722897000469,13.36663394276256,1.771020630519334,1.4168165044154677,0.8,0.8,1.0,3.536310955205419,6.589025842606661,1.806322231657532,0.6075381037704758,0.8200000000000001,OK,3397,46.13312249598012,7.3128847156264305,0.5429908214546216,0.44242048717770316,45.590131674525495,7.755305202804133,388.2303853610127,58.234557804151905,0.7921949480775657,False,True,True
1121,3.534027951363375,16.790614147685456,63.46848907193514,0.8478240771828147,0.6075381037704741,20.654327387237487,13.432491318148363,1.7670139756816876,1.4136111805453502,0.8,0.8,1.0,3.23403772392777,6.278270157509393,0.8478240771828088,0.6075381037704687,0.8200000000000001,OK,1087,46.32539455084748,9.652563866845156,0.5467370352172266,0.44754047127176344,45.77865751563025,10.10010433811692,389.260558153214,58.3890837229821,0.793391360115036,False,True,True
7056,3.569070536590154,16.7458976821464,67.20094971597089,1.0662417381857794,0.6075381037704741,21.370654421513954,13.39671814571712,1.784535268295077,1.4276282146360617,0.8,0.8,1.0,3.5914599059866674,6.567208612562082,1.0662417381857756,0.6075381037704769,0.8200000000000001,OK,6862,46.4826523393832,8.300815034523238,0.545642925697851,0.44304770778835256,45.93700941368535,8.74386274231159,392.07342257122957,58.81101338568443,0.7903732594190911,False,True,True
4455,3.5847141462453984,16.721328878348388,66.30787486533997,1.5486010387713511,0.6075381037704741,20.826463930103685,13.377063102678711,1.7923570731226992,1.4338856584981594,0.8,0.8,1.0,3.4102413809322805,6.295941627932541,1.5486010387713522,0.6075381037704592,0.8200000000000001,OK,4325,46.6773065798336,8.239870315857031,0.544352499830484,0.4426678480111716,46.13295408000312,8.682538163868202,393.2141681829959,58.98212522744938,0.7913805479174341,False,True,True
1077,3.683988152675415,16.729982043027825,63.69635336575886,1.9417233488952808,0.6075381037704741,20.14330771743036,13.38398563442226,1.841994076337708,1.473595261070166,0.8,0.8,1.0,3.129782297563672,5.82175396324725,1.9417233488952783,0.6075381037704746,0.8200000000000001,OK,1043,46.81480856621911,8.477467831568637,0.5475022459683192,0.444274847563808,46.26730632025079,8.921742679132445,404.31284500487436,60.646926750731154,0.7719238397460051,False,True,True
2148,3.694007549316375,16.70433580540361,64.04970559277011,1.2934033868987995,0.6075381037704741,20.34331485558708,13.363468644322888,1.8470037746581875,1.47760301972655,0.8,0.8,1.0,3.3461200330347545,6.130828690091528,1.293403386898791,0.6075381037704803,0.8200000000000001,OK,2091,46.9620109943542,9.091234958406371,0.5437632841056298,0.44332533483873654,46.41824771024857,9.534560293245107,404.7909832688876,60.71864749033314,0.7734363813329489,False,True,True
8739,3.710498839526791,16.756138152653108,62.95158272186296,1.5052938057131724,0.6075381037704741,19.970144770634622,13.404910522122488,1.8552494197633955,1.4841995358107165,0.8,0.8,1.0,3.210675302540519,5.922759036747999,1.5052938057131693,0.6075381037704762,0.8200000000000001,OK,8481,47.12679022115026,9.088742403800397,0.5448391980363175,0.4439584584024605,46.581951023113945,9.532700862202859,407.85902047762687,61.17885307164403,0.7703117638698134,False,True,True
3508,3.786286295996299,16.668366698365123,64.91207582118292,1.8534450669087048,0.6075381037704741,20.13683146816375,13.3346933586921,1.893143147998149,1.5145145183985198,0.8,0.8,1.0,3.2112342031761685,5.97469687735423,1.8534450669087013,0.6075381037704726,0.8200000000000001,OK,3404,47.12830179730004,8.448574245055058,0.544245901075356,0.4432438565504982,46.58405589622468,8.891818101605557,414.0095271476958,62.10142907215437,0.7588923878473496,False,True,True
4794,3.788214413485507,16.727423489459937,62.020683256467485,1.2509735621745863,0.6075381037704741,19.82381379987736,13.38193879156795,1.8941072067427536,1.515285765394203,0.8,0.8,1.0,3.223290475115548,5.9034920526084615,1.250973562174584,0.6075381037704813,0.8200000000000001,OK,4655,47.19839689434899,9.719411878125689,0.543386124362823,0.44379427667570504,46.65501076998616,10.163206154801394,415.687957966908,62.3531936950362,0.7569523563651296,False,True,True
350,3.793586643857835,16.742799253156065,66.0900725839352,1.1384342156127365,0.6075381037704741,20.985435156014688,13.394239402524851,1.8967933219289173,1.517434657543134,0.8,0.8,1.0,3.4462222094023787,6.325756057952184,1.1384342156127305,0.6075381037704752,0.8200000000000001,OK,339,47.4680297525635,8.764026210746692,0.5439739657851809,0.44279900121540294,46.924055786778325,9.206825211962096,416.66010315683155,62.499015473524736,0.7595004400136748,False,True,True
10093,3.817339871794083,16.76315611061966,64.56873751755707,1.2607386590213892,0.6075381037704741,20.54003070617236,13.410524888495727,1.9086699358970416,1.5269359487176333,0.8,0.8,1.0,3.320870385591448,6.112865659421766,1.2607386590213865,0.6075381037704852,0.8200000000000001,OK,9790,47.66662506831046,9.06702967048571,0.5434991022801278,0.4429904213714246,47.12312596603033,9.510020091857134,419.77875714004153,62.96681357100623,0.7570118664899234,False,True,True
6442,3.821863252234077,16.79423169296806,62.93926380525659,1.347842827842139,0.6075381037704741,20.08607243254535,13.43538535437445,1.9109316261170384,1.528745300893631,0.8,0.8,1.0,3.205173916779166,5.912386849469698,1.3478428278421368,0.6075381037704661,0.8200000000000001,OK,6257,47.69061532645181,9.357923149687043,0.5435070581836189,0.4434987892941235,47.14710826826819,9.801421938981166,421.0552856369985,63.158292845549774,0.7550966496684237,False,True,True
733,3.921894797302917,16.679881718626245,66.29189330137687,1.6542245397297266,0.6075381037704741,20.600965681672548,13.343905374900997,1.9609473986514585,1.568757918921167,0.8,0.8,1.0,3.288875606856937,6.113184166535042,1.6542245397297215,0.6075381037704781,0.8200000000000001,OK,717,47.78071604380049,8.440790844292993,0.5430833943998675,0.4424073888303955,47.237632649400624,8.883198233123387,429.13382313731853,64.37007347059779,0.7422815210180739,False,True,True
1797,3.9838289953311175,16.704849709862263,65.05233719933874,0.8081322599526384,0.6075381037704741,20.819880576639648,13.363879767889811,1.9919144976655587,1.5935315981324472,0.8,0.8,1.0,3.36493003877964,6.273819102275979,0.8081322599526364,0.6075381037704762,0.8200000000000001,OK,1746,47.79804348343409,9.557364318534777,0.5440078212683985,0.44511018980399014,47.25403566216569,10.002474508338768,436.5631760173942,65.48447640260913,0.7299141126144768,False,True,True
4489,3.9904338041707743,16.798649493945128,62.451672137813965,1.1439430420825274,0.6075381037704741,20.0400054817886,13.438919595156102,1.9952169020853872,1.5961735216683095,0.8,0.8,1.0,3.184016136496684,5.860665367715791,1.1439430420825245,0.6075381037704767,0.8200000000000001,OK,4359,48.23145771630843,9.880199002663462,0.5426005622573122,0.4436889954927143,47.688857154051114,10.323887998156176,439.7423761611602,65.96135642417404,0.7312077909094086,False,True,True
7377,4.027589129212128,16.770507135792755,68.22400504152371,1.3810804731119646,0.6075381037704741,21.342899571423395,13.416405708634205,2.013794564606064,1.6110356516848512,0.8,0.8,1.0,3.4013099202885755,6.325978923148178,1.3810804731119617,0.6075381037704793,0.8200000000000001,OK,7173,48.311016148138734,8.225313502052735,0.5424026035747574,0.44195100121519665,47.768613544563976,8.667264503267932,443.09331223859624,66.46399683578944,0.7268749766508817,False,True,True
4083,4.078273005915968,16.78414664200373,64.4448574067753,1.631279054949776,0.6075381037704741,20.213598882184144,13.427317313602984,2.039136502957984,1.6313092023663875,0.8,0.8,1.0,3.12059877444192,5.834794279421994,1.6312790549497729,0.6075381037704843,0.8200000000000001,OK,3960,48.637281328672685,8.894378311729557,0.5433667024315897,0.44301140882663254,48.093914626241094,9.33738972055619,449.0341790838684,67.35512686258026,0.7221021412060253,False,True,True
3781,4.140820860673997,16.76323645720885,64.86951967513146,1.0959937844162626,0.6075381037704741,20.62059963410996,13.410589165767082,2.0704104303369983,1.6563283442695989,0.8,0.8,1.0,3.282628041230314,6.053613732798805,1.0959937844162608,0.6075381037704765,0.8200000000000001,OK,3667,48.783572152343226,9.410112325458249,0.5434070063949388,0.4428539552753399,48.24016514594829,9.852966280733588,455.3529484466036,68.30294226699053,0.714223582955655,False,True,True
4214,4.229901090541787,16.69222866665556,65.57433670700271,1.7648777705862404,0.6075381037704741,20.26583717341264,13.353782933324448,2.1149505452708937,1.691960436216715,0.8,0.8,1.0,3.12098765481171,5.855356440884917,1.7648777705862353,0.6075381037704755,0.8200000000000001,OK,4088,48.812643041658404,8.710431643838355,0.5426946018042046,0.44249852163901265,48.2699484398542,9.152930165477368,463.17848413872457,69.47677262080869,0.7025749930565822,False,True,True
9769,4.215316705572072,16.79639355196503,67.49010927441314,1.83898873376221,0.6075381037704741,20.880657529624607,13.437114841572024,2.107658352786036,1.6861266822288288,0.8,0.8,1.0,3.1586179770544582,5.9780495728373495,1.8389887337622084,0.6075381037704721,0.8200000000000001,OK,9475,48.907340340374205,8.264810574725297,0.5414105064462007,0.44214361164231886,48.36592983392801,8.706954186367616,464.4618962642257,69.66928443963384,0.7019928614704062,False,True,True
5771,4.286477054793673,16.76805708643788,64.37210093362522,1.4095886666664783,0.6075381037704741,20.24776924494516,13.414445669150306,2.1432385273968366,1.7145908219174697,0.8,0.8,1.0,3.121682889163516,5.820037364198388,1.409588666666475,0.6075381037704755,0.8200000000000001,OK,5598,49.32646147518475,9.294630316889839,0.5430492889350804,0.44270454044598373,48.78341218624967,9.737334857335822,471.505851221431,70.72587768321465,0.6974315920987345,False,True,True
3909,4.327789576664177,16.77799080705781,63.80017482020831,1.0201378399102656,0.6075381037704741,20.34713800125769,13.42239264564625,2.1638947883320885,1.7311158306656709,0.8,0.8,1.0,3.187477184887136,5.886133387685545,1.0201378399102627,0.6075381037704728,0.8200000000000001,OK,3791,49.38210401418731,9.922762485222188,0.543593751773726,0.44349269964921534,48.838510262413585,10.366255184871404,476.3321860829183,71.44982791243774,0.6911437781866379,False,True,True
4125,4.3582713246849965,16.766199085641894,66.33696442898858,1.7045755206737,0.6075381037704741,20.569848971213347,13.412959268513516,2.1791356623424982,1.7433085298739988,0.8,0.8,1.0,3.109010208706856,5.863552630798324,1.7045755206736974,0.6075381037704665,0.8200000000000001,OK,4000,49.41283366348581,8.683338107118049,0.5420245935994681,0.4422421960216468,48.87080906988634,9.125580303139696,479.34998922486847,71.90249838373028,0.6872199822567875,False,True,True
7036,4.402689073203922,16.685827501001356,64.10195804760585,1.5101731593104888,0.6075381037704741,20.032112167328727,13.348662000801085,2.201344536601961,1.7610756292815688,0.8,0.8,1.0,3.070633337319837,5.726794769393136,1.5101731593104877,0.607538103770473,0.8200000000000001,OK,6842,49.429519961460265,9.350071116301972,0.5431046807226397,0.4429334264347529,48.88641528073762,9.793004542736725,481.91406832911855,72.28711024936777,0.6837943831333689,False,True,True
8106,4.455732688685506,16.655816654242912,63.69777757809,1.1193415950136,0.6075381037704741,20.04904142955742,13.32465332339433,2.227866344342753,1.7822930754742026,0.8,0.8,1.0,3.159410454131411,5.827968752737942,1.1193415950135976,0.607538103770474,0.8200000000000001,OK,7876,49.47044900072262,9.946978031442832,0.5436758442597034,0.4425609092988684,48.926773156462914,10.3895389407417,486.8429657032907,73.02644485549361,0.6774319782185189,False,True,True
8767,4.444736230454181,16.792978793393306,60.546707752591885,1.288350274137977,0.6075381037704741,19.68876164973121,13.434383034714646,2.2223681152270904,1.7778944921816724,0.8,0.8,1.0,2.899618534308537,5.376087417230499,1.288350274137975,0.6075381037704763,0.8200000000000001,OK,8509,49.55685237285727,10.411073499188737,0.5421575044523597,0.44356806483679684,49.01469486840491,10.854641564025533,489.6407698672004,73.44611548008005,0.6747375548581328,False,True,True
8984,4.523448291601141,16.66898560844972,63.52838598129416,1.0942639966386598,0.6075381037704741,20.015016114922936,13.335188486759776,2.2617241458005704,1.8093793166404564,0.8,0.8,1.0,3.132240743537942,5.784692136533451,1.0942639966386565,0.6075381037704775,0.8200000000000001,OK,8718,49.702816593095314,10.062430106306605,0.5438843687407043,0.44266834931780924,49.15893222435461,10.505098455624415,494.63249174462425,74.19487376169364,0.6698955611507027,False,True,True
5156,4.535143082119716,16.703715752940873,65.6342440641338,0.8442277609067381,0.6075381037704741,20.770510231601648,13.362972602352698,2.267571541059858,1.8140572328478863,0.8,0.8,1.0,3.2937791113403314,6.063346523932514,0.8442277609067379,0.6075381037704695,0.8200000000000001,OK,5005,49.711574012711544,9.756637209967002,0.5450017851872957,0.4445116740056333,49.16657222752425,10.201148883972635,496.9445405837442,74.54168108756163,0.6668963362164722,False,True,True
2797,4.564800158106268,16.69174644550237,66.94365701194687,1.5267715986398036,0.6075381037704741,20.672623632067967,13.353397156401895,2.282400079053134,1.8259200632425072,0.8,0.8,1.0,3.154196868504389,5.922110922173358,1.5267715986398005,0.6075381037704689,0.8200000000000001,OK,2722,49.845111124302,8.872664526939527,0.5417190290884297,0.442154925659579,49.303392095213574,9.314819452599107,499.8358334965532,74.97537502448299,0.6648197639294933,False,True,True
3908,4.543862535042296,16.791383594611446,64.75362785550057,1.2951131059130967,0.6075381037704741,20.373471404996955,13.433106875689155,2.271931267521148,1.8175450140169185,0.8,0.8,1.0,3.0846429551839165,5.770985909477998,1.2951131059130954,0.6075381037704747,0.8200000000000001,OK,3790,50.168353048535955,9.508229131363311,0.5431894227944922,0.4425297381307223,49.625163625741465,9.950758869494035,500.5131667056368,75.07697500584553,0.6682255517704306,False,True,True
7891,4.619120382692468,16.775244201924334,65.58388832843154,1.373872499713357,0.6075381037704741,20.502150474008857,13.420195361539468,2.309560191346234,1.847648153076987,0.8,0.8,1.0,3.085204831238613,5.792539018827043,1.3738724997133525,0.6075381037704861,0.8200000000000001,OK,7671,50.309767822012155,9.300653896020096,0.5427489600173927,0.44243398549675,49.767018861994764,9.743087881516846,508.3138830604553,76.2470824590683,0.6598254805227457,False,True,True
1963,4.675124799458798,16.771801848679573,65.89244148123716,1.6740156510695394,0.6075381037704741,20.416158690401204,13.417441478943658,2.337562399729399,1.87004991978352,0.8,0.8,1.0,2.993963108340541,5.6793773405825405,1.6740156510695356,0.6075381037704666,0.8200000000000001,OK,1910,50.32508006678964,9.013184146044644,0.5421161311216892,0.4424961067807113,49.78296393566795,9.455680252825355,514.3713499086724,77.15570248630085,0.652253539856305,False,True,True
9242,4.7207837634844285,16.755173795997848,66.22765278373228,1.04233633493758,0.6075381037704741,20.8150545762832,13.40413903679828,2.3603918817422143,1.888313505393772,0.8,0.8,1.0,3.190697393483216,5.941661904786338,1.0423363349375765,0.6075381037704829,0.8200000000000001,OK,8960,50.45256792631444,9.528322002769999,0.5438330022555448,0.4431407055269981,49.90873492405889,9.971462708296997,518.879943812922,77.8319915719383,0.6482240388219065,False,True,True
8473,4.750088632512222,16.751925786755336,65.4895553003825,0.8832946676518698,0.6075381037704741,20.7084481076415,13.40154062940427,2.375044316256111,1.9000354530048889,0.8,0.8,1.0,3.191031079448109,5.916513792267903,0.8832946676518676,0.6075381037704802,0.8200000000000001,OK,8225,50.48259824593978,9.904432011210304,0.5455156407379985,0.44475611861802167,49.93708260520179,10.349188129828326,521.999747575448,78.2999621363172,0.6447333672786653,False,True,True
10241,4.879629503205855,16.574460981287203,63.33870237032693,1.176099814124595,0.6075381037704741,19.75928605748264,13.259568785029764,2.439814751602928,1.9518518012823425,0.8,0.8,1.0,3.0191030919234088,5.597746836640081,1.1760998141245922,0.6075381037704758,0.8200000000000001,OK,9932,50.48284585692048,10.25075668888329,0.544841535339931,0.4424977184372755,49.93800432158054,10.693254407320566,530.5546209543929,79.58319314315894,0.634340541803958,False,True,True
3390,4.867685966151505,16.63723041948095,65.33074570688869,1.0109465368535928,0.6075381037704741,20.395658334428745,13.30978433558476,2.4338429830757526,1.9470743864606024,0.8,0.8,1.0,3.1508807749284635,5.841798772963342,1.0109465368535917,0.6075381037704722,0.8200000000000001,OK,3293,50.58795480076909,9.930001228708578,0.5450085850436163,0.44298385386163913,50.04294621572547,10.372985082570217,531.2603734671985,79.68905602007978,0.6348168409476718,False,True,True
1199,4.8423065100672495,16.792127157420243,64.5930651326878,1.908613386589448,0.6075381037704741,20.54981018406683,13.433701725936196,2.4211532550336248,1.9369226040269,0.8,0.8,1.0,2.780484075968697,5.308538049950364,1.9086133865894472,0.607538103770468,0.8200000000000001,OK,1163,50.664019594350904,9.131954996180607,0.5434038413748465,0.44321349028871315,50.12061575297606,9.57516848646932,533.4108308387804,80.01162462581706,0.6332082348194605,False,True,True
6225,4.8527919908793065,16.783957947494752,60.42001122683881,1.612843256387686,0.6075381037704741,20.02416980583669,13.427166357995802,2.426395995439653,1.9411167963517224,0.8,0.8,1.0,2.6576400320613054,4.986605573954337,1.6128432563876842,0.6075381037704711,0.8200000000000001,OK,6046,50.68889387987326,10.176172319585081,0.5431212463502106,0.44493383282787413,50.14577263352305,10.621106152412956,534.3058119707459,80.1458717956119,0.6324579512858771,False,True,True
2241,4.859892709275778,16.79132601073805,60.24236861330451,1.5967819905232117,0.6075381037704741,20.00561311667573,13.43306080859044,2.429946354637889,1.9439570837103115,0.8,0.8,1.0,2.6486348990120128,4.968809919034216,1.5967819905232077,0.6075381037704624,0.8200000000000001,OK,2182,50.71228841834849,10.234140175900867,0.5430637706828974,0.44492734305021747,50.169224647665594,10.679067518951085,535.3225211528004,80.29837817292005,0.6315481031153726,False,True,True
8653,4.882037388906562,16.76897851782977,66.8216624708897,1.368184209587409,0.6075381037704741,20.74668544649289,13.415182814263815,2.441018694453281,1.9528149555626249,0.8,0.8,1.0,3.069112550927194,5.795405359007823,1.3681842095874075,0.6075381037704768,0.8200000000000001,OK,8397,50.8577832542779,9.223790442858457,0.5423462191771935,0.442529317040055,50.31543703510071,9.666319759898512,537.0460774416721,80.55691161625082,0.6313273713439918,False,True,True
6234,4.920800177929015,16.781919949937837,65.41515301718006,1.116706747874319,0.6075381037704741,20.53191512602024,13.42553595995027,2.4604000889645072,1.9683200711716056,0.8,0.8,1.0,3.0555701791588064,5.730906444187529,1.1167067478743138,0.6075381037704732,0.8200000000000001,OK,6055,51.07741847496627,9.802099393118567,0.5444988921456873,0.4431407047325746,50.53291958282058,10.245240097851141,541.7279138722287,81.2591870808343,0.628574076481419,False,True,True
9388,4.948850301567056,16.798061585535237,63.67412530176324,1.0950273722747,0.6075381037704741,20.08570859006135,13.43844926842819,2.474425150783528,1.9795401206268224,0.8,0.8,1.0,2.9596119195904755,5.551823020698858,1.0950273722746957,0.6075381037704802,0.8200000000000001,OK,9101,51.20113581819414,10.260233148433093,0.5457293648004545,0.443468545580282,50.65540645339368,10.703701694013375,545.3399644601664,81.80099466902494,0.6259231446434006,False,True,True
6997,4.969911263181222,16.797695625981536,62.25262543044509,1.2253334069370334,0.6075381037704741,19.96078764593604,13.43815650078523,2.484955631590611,1.987964505272489,0.8,0.8,1.0,2.8341151394989765,5.319379428736459,1.2253334069370312,0.6075381037704662,0.8200000000000001,OK,6803,51.21503400632229,10.424043364182296,0.5448303410721772,0.4432712629534213,50.67020366525011,10.867314627135718,547.6488518670847,82.1473277800627,0.6234534389656954,False,True,True
1398,4.9944499716378905,16.78952739810652,63.17844648686346,1.1099699495804072,0.6075381037704741,19.960694517415817,13.431621918485218,2.4972249858189453,1.9977799886551564,0.8,0.8,1.0,2.917842155451861,5.475787657407887,1.1099699495804003,0.6075381037704753,0.8200000000000001,OK,1356,51.28063070069957,10.386730665325995,0.5459497950382245,0.44347874902502715,50.73468090566134,10.830209414351023,550.0852224206009,82.51278336309014,0.6214871030958165,False,True,True
577,5.077810288246581,16.73588262019211,64.20449698429071,1.4685284530661735,0.6075381037704741,20.24137566167282,13.38870609615369,2.5389051441232904,2.031124115298633,0.8,0.8,1.0,2.847283502830397,5.38551048373445,1.4685284530661722,0.6075381037704713,0.8200000000000001,OK,563,51.34047095343002,9.804884658913634,0.5435877577681669,0.44313380695934934,50.796883195661856,10.248018465872983,557.4795384031432,83.62193076047149,0.6139594061812661,False,True,True
8087,5.077086120864581,16.78379946783204,63.65809601474451,1.3911576915668653,0.6075381037704741,20.202301944488298,13.427039574265631,2.5385430604322905,2.0308344483458325,0.8,0.8,1.0,2.826274485020264,5.344899840799698,1.3911576915668595,0.6075381037704723,0.8200000000000001,OK,7858,51.462188621763524,9.986812653354427,0.5442043658684489,0.4431372910942742,50.91798425589508,10.429949944448701,558.9959373877888,83.84939060816832,0.6137455293175411,False,True,True
7381,5.173222819100834,16.762625926707827,61.90027359995868,1.58402134317999,0.6075381037704741,20.20072888156744,13.410100741366264,2.586611409550417,2.069289127640334,0.8,0.8,1.0,2.6438079084324,5.002869972631244,1.58402134317999,0.607538103770475,0.8200000000000001,OK,7177,51.52554633176708,10.137809944491497,0.5440340279936091,0.44440495438951066,50.98151230377347,10.582214898881007,568.8622011257511,85.32933016886267,0.6038433236238991,False,True,True
8651,5.1981180471462185,16.73117510816407,65.01237633338224,0.9777781642756248,0.6075381037704741,20.355678415644576,13.384940086531255,2.5990590235731093,2.0792472188584874,0.8,0.8,1.0,3.0073195035210496,5.634625985668761,0.9777781642756214,0.6075381037704735,0.8200000000000001,OK,8395,51.566637678539955,10.239480823445774,0.5472711583704586,0.4445453414100625,51.0193665201695,10.684026164855837,570.5272887149057,85.57909330723587,0.6025611593407698,False,True,True
1514,5.1891569968699,16.776571776137978,63.421120075920776,0.8181172842648476,0.6075381037704741,20.091310824185754,13.421257420910385,2.59457849843495,2.07566279874796,0.8,0.8,1.0,2.9580551066178664,5.526137286343605,0.8181172842648444,0.6075381037704755,0.8200000000000001,OK,1470,51.579056684297974,10.798892273388644,0.551046647763712,0.4474074708969262,51.02801003653426,11.24629974428557,571.0890971905753,85.66336457858631,0.6021133647742741,False,True,True
3021,5.27318267432592,16.733311509158632,63.09101868523611,1.7787979511902017,0.6075381037704741,20.41931984431838,13.386649207326906,2.63659133716296,2.109273069730368,0.8,0.8,1.0,2.6201046422004097,4.996672200776889,1.7787979511901963,0.6075381037704608,0.8200000000000001,OK,2939,51.59413623618538,9.776946238152654,0.544423253341155,0.444596150191833,51.04971298284422,10.221542388344487,578.8400226723114,86.82600340084672,0.5942244744122616,False,True,True
6669,5.31097479951437,16.701701603764974,64.8821115189438,1.3925841879912833,0.6075381037704741,20.26116161958671,13.36136128301198,2.655487399757185,2.1243899198057483,0.8,0.8,1.0,2.8446562382955527,5.393593672109148,1.3925841879912797,0.6075381037704745,0.8200000000000001,OK,6482,51.7531569089165,9.908347068000117,0.5444437240874742,0.4431739807658981,51.20871318482903,10.351521048766015,581.8871951025257,87.28307926537886,0.5929345910398531,False,True,True
7367,5.331692331635528,16.757175306459214,66.76239870279423,1.048781532000748,0.6075381037704741,20.770615227110504,13.405740245167372,2.665846165817764,2.132676932654211,0.8,0.8,1.0,3.025734285430076,5.708050437498169,1.0487815320007454,0.6075381037704736,0.8200000000000001,OK,7164,51.76635379953882,9.817519771210511,0.5461793376437898,0.44476560743345867,51.22017446189503,10.26228537864397,586.0973162134646,87.9145974320197,0.5888254659821124,False,True,True
1267,5.361383170122966,16.789956273732205,62.88013139489822,1.3855068297300386,0.6075381037704741,20.22187137448249,13.431965018985764,2.680691585061483,2.1445532680491866,0.8,0.8,1.0,2.6882797791423805,5.105200648138885,1.3855068297300364,0.607538103770473,0.8200000000000001,OK,1227,52.04421258257806,10.310767840742612,0.546097739622631,0.4437199566955,51.49811484295543,10.754487797438111,590.5140717946597,88.57711076919894,0.5875582543913306,False,True,True
6217,5.455021017126497,16.790946253922943,62.989846572255765,1.2382436528354932,0.6075381037704741,20.15713206197828,13.432757003138356,2.7275105085632485,2.1820084068505987,0.8,0.8,1.0,2.71087487124721,5.143244951351552,1.238243652835488,0.6075381037704743,0.8200000000000001,OK,6038,52.23692610282804,10.525011991732983,0.5482785671368533,0.4439669793545738,51.68864753569119,10.968978971087557,600.8629685145975,90.12944527718962,0.5795766959640704,True,True,True
