run,total_thickness_mm,inner_length_mm,v_angle_deg,layer_normal_gap_mm,tip_gap_mm,magnet_center_offset_deg,outer_length_mm,inner_thickness_mm,outer_thickness_mm,outer_length_scale,outer_thickness_scale,pair_radial_shift_mm,outer_bridge_min_mm,shaft_clearance_min_mm,layer_gap_actual_min_mm,other_magnet_gap_min_mm,magnet_area_ratio_vs_single,geometry_status,candidate,pred_mean_torque_Nm,pred_ripple_pkpk_Nm,unc_mean_torque_Nm,unc_ripple_pkpk_Nm,conservative_mean_Nm,conservative_ripple_Nm,predicted_pareto,conservative_pareto,ensemble_std_mean_torque_Nm,ensemble_std_ripple_pkpk_Nm,magnet_area_total_mm2,magnet_volume_total_cm3,pred_torque_per_magnet_cm3,magnet_torque_pareto,volume_loss_norm,torque_loss_norm,magnet_torque_ideal_distance
8669,3.554869623337099,16.723314543521848,70.0810516599411,1.5992784099220227,0.6075381037704741,21.730622185970766,13.37865163481748,1.7774348116685494,1.4219478493348396,0.8,0.8,1.0,3.5931715769246004,6.664954124545035,1.599278409922022,0.6075381037704736,0.8200000000000001,OK,8294,46.94044986791699,7.456223991048767,0.7499204201334758,0.2313611412008236,46.19052944778351,7.68758513224959,False,False,0.05946644334522794,0.022042816383779234,389.9867708421394,58.49801562632091,0.8024280715395131,True,0.2096148115453317,0.1971639153036301,0.2877707051057177
7940,3.587423295109977,16.554615400201417,70.2542664127917,1.201062640251512,0.6075381037704741,21.72612780975325,13.243692320161134,1.7937116475549886,1.4349693180439909,0.8,0.8,1.0,3.776185161592149,6.888171112512751,1.2010626402515112,0.6075381037704745,0.8200000000000001,OK,7604,46.40977188778968,7.358606681160526,0.749810369826339,0.2324337361613933,45.65996151796334,7.59104041732192,False,False,0.05806213955817919,0.03135840879773347,389.5879888094443,58.43819832141665,0.7941684244358583,True,0.208143958765796,0.23208438273888152,0.31174840542011606
10322,3.529616169886721,16.59215080584818,71.06094227149524,1.2489669210003589,0.6075381037704741,21.946404324352173,13.273720644678546,1.7648080849433605,1.4118464679546885,0.8,0.8,1.0,3.808928502924303,6.966715345160667,1.248966921000357,0.6075381037704635,0.8200000000000001,OK,9875,46.06592176131692,7.140071990557615,0.7491717096521883,0.23207152209545404,45.316750051664734,7.37214351265307,False,False,0.04913117029081444,0.02854994683151605,384.179339980536,57.6269009970804,0.7993822496831957,True,0.18819490010392842,0.2547109238688122,0.3166938192690717
1855,3.642179351152704,16.79502700670748,70.61293423459135,1.115962502262353,0.6075381037704741,22.175589428557583,13.436021605365983,1.821089675576352,1.4568717404610816,0.8,0.8,1.0,3.71745790733304,6.84867778197289,1.115962502262351,0.6075381037704741,0.8200000000000001,OK,1769,46.9916807923894,7.191003543426344,0.7488117956804513,0.23191844377688983,46.24286899670895,7.422921987203234,False,False,0.0432981142908578,0.02727769528893498,401.27848371218585,60.19177255682788,0.7806994012017824,True,0.2512627442477748,0.1937927412645498,0.31731465962629496
2062,3.5790860671944262,16.474444680864778,70.4479208807833,1.3668638893659892,0.6075381037704741,21.57383090934239,13.179555744691823,1.7895430335972131,1.4316344268777703,0.8,0.8,1.0,3.766668612674131,6.873543303747638,1.3668638893659906,0.6075381037704712,0.8200000000000001,OK,1969,46.13567783885195,7.409857228036247,0.7497150919493721,0.2317254706851049,45.38596274690258,7.641582698721352,False,False,0.05681848684730984,0.025585188305247832,386.8002675686379,58.02004013529568,0.7951679752593958,True,0.1978618316902604,0.250120729956134,0.31891955724541926
8974,3.753981766551727,16.63262563788892,70.54155232121433,1.9003682709214813,0.6075381037704741,21.50794182633384,13.306100510311138,1.8769908832758635,1.5015927066206909,0.8,0.8,1.0,3.493354205442742,6.52918733854381,1.9003682709214784,0.6075381037704727,0.8200000000000001,OK,8585,47.094109861880305,7.606716074099459,0.7515412797705854,0.23244221319874903,46.34256858210972,7.839158287298208,False,False,0.07726523506837737,0.03142118032656119,409.5970413368237,61.439556200523555,0.7665112311061745,True,0.28194460200660443,0.18705255018912192,0.33835102354347407
9334,3.544088966146122,16.419766809586275,70.98958579442167,1.0631537523316854,0.6075381037704741,21.773124502063737,13.13581344766902,1.772044483073061,1.417635586458449,0.8,0.8,1.0,3.9209680659475055,7.0888824280275085,1.063153752331685,0.6075381037704778,0.8200000000000001,OK,8931,45.57221354812127,7.16212267611819,0.7505285372837863,0.23427543747810722,44.821685010837484,7.396398113596297,False,False,0.06669862538540175,0.04292887957937061,381.74683031014854,57.262024546522284,0.7958540395493059,True,0.17922292213953295,0.28719865131753547,0.33853200903141256
1648,3.5215113066092854,16.328969657540593,70.62942383176721,0.8037629722075735,0.6075381037704741,21.70295921418851,13.063175726032476,1.760755653304643,1.4086045226437145,0.8,0.8,1.0,4.021451556061173,7.199014501717523,0.8037629722075698,0.6075381037704825,0.8200000000000001,OK,1571,45.27340737813081,7.155296487269029,0.7544368300014164,0.2392557123872064,44.518970548129396,7.394552199656235,False,False,0.10163932218166537,0.06481669542865635,377.2173923594681,56.58260885392021,0.8001293735856815,True,0.16251671209674645,0.3068611425445141,0.3472397478896409
3203,3.519639741348359,16.279664773876984,70.2450351847673,0.752137423560193,0.6075381037704741,21.58038335650898,13.023731819101588,1.7598198706741794,1.4078558965393435,0.8,0.8,1.0,4.03458105714563,7.197793395112592,0.7521374235601913,0.6075381037704752,0.8200000000000001,OK,3065,45.233993354323275,7.237616658934928,0.75635894198665,0.240912694012121,44.47763441233663,7.478529352947049,False,False,0.11504116860553437,0.07068828921794208,375.87852154761947,56.38177823214292,0.8022803602979596,True,0.15757847091838154,0.30945472318363004,0.347265316721426
671,3.550566639998014,16.26170534124711,70.88901281281387,1.6384732088671914,0.6075381037704741,21.243069640157856,13.00936427299769,1.775283319999007,1.4202266559992056,0.8,0.8,1.0,3.789128926428692,6.895901577373818,1.6384732088671905,0.6075381037704624,0.8200000000000001,OK,636,45.27541624286629,7.494073301144778,0.7505773029849738,0.23127108777262462,44.52483893988132,7.725344388917402,False,False,0.06724514188519051,0.02107662534455203,378.76304132135846,56.81445619820377,0.7968995793063264,True,0.16821762609334429,0.30672895221779223,0.3498282719522607
9227,3.8002401639083465,16.792399718356634,70.87739294946982,0.9240748669513668,0.6075381037704741,22.28557025403181,13.433919774685307,1.9001200819541733,1.5200960655633386,0.8,0.8,1.0,3.743693300992682,6.881617279728111,0.9240748669513628,0.6075381037704768,0.8200000000000001,OK,8828,47.19054297645883,7.164091852934425,0.7489231143593668,0.23244219406013072,46.441619862099465,7.396534046994556,False,False,0.04518243655111331,0.031421038745863515,418.62739618914975,62.79410942837246,0.7515122581726843,True,0.31525182611841507,0.1807069139211325,0.3633713013019809
3551,3.859448379378753,16.784290277430255,70.4172905898129,1.4490663837207929,0.6075381037704741,21.894040541880663,13.427432221944205,1.9297241896893769,1.5437793517515015,0.8,0.8,1.0,3.541474704150911,6.596051773138797,1.449066383720791,0.6075381037704762,0.8200000000000001,OK,3394,47.63243004494179,7.493192471649469,0.748957010965966,0.23110355838308905,46.883473033975825,7.7242960300325585,False,False,0.045740852922048957,0.019151052026126807,424.944348531245,63.74165227968675,0.7472732246716696,True,0.33855103758933525,0.15162919906792494,0.3709558182085785
6215,3.5096711446945665,16.163444522739624,71.66173430043838,1.9354491987657616,0.6075381037704741,21.14374587777334,12.9307556181917,1.7548355723472833,1.4038684578778269,0.8,0.8,1.0,3.780752066857911,6.904480565188802,1.9354491987657625,0.6075381037704638,0.8200000000000001,OK,5952,44.54631814048985,7.447556588004982,0.7531847101739588,0.23178762717366613,43.79313343031589,7.679344215178649,False,False,0.09188486812741635,0.026142153835903292,372.1381389525694,55.820720842885414,0.7980247740954687,True,0.1437825832268632,0.3547061577823272,0.38273997649591174
5875,3.523026181665077,15.8848916086253,71.01962610053438,1.38805295405258,0.6075381037704741,20.867292482034983,12.707913286900242,1.7615130908325385,1.4092104726660308,0.8,0.8,1.0,4.018028245135611,7.15461455222909,1.388052954052579,0.6075381037704777,0.8200000000000001,OK,5624,43.72954871397547,7.514818596598912,0.750224947296349,0.23272915310534403,42.97932376667912,7.747547749704256,False,False,0.06319092416456643,0.03347785538997758,367.11655203744823,55.06748280561723,0.7941083646103173,True,0.1252611492949732,0.4084524431546018,0.4272279881300624
5245,4.0496857841903084,16.737938918749347,71.09115766056058,1.6780587210333135,0.6075381037704741,21.82433027454354,13.390351134999475,2.0248428920951542,1.6198743136761236,0.8,0.8,1.0,3.4627831021234385,6.500119397035967,1.6780587210333129,0.6075381037704596,0.8200000000000001,OK,5017,47.773910826754346,7.551838962904336,0.749827090077639,0.23195045045185078,47.02408373667671,7.783789413356186,False,False,0.05827766609312763,0.027548494717462495,444.6590600211363,66.69885900317045,0.7162627898099946,True,0.41126604432291497,0.14231926871653938,0.4351948224198312
5756,3.5345505097332293,15.749027126622655,70.02794558670602,1.066407299194554,0.6075381037704741,20.623922732390103,12.599221701298124,1.7672752548666146,1.413820203893292,0.8,0.8,1.0,4.112418566903251,7.227792364858876,1.0664072991945517,0.6075381037704778,0.8200000000000001,OK,5509,43.55083735230371,7.64866223290778,0.755553274883358,0.23765405387259878,42.79528407742035,7.886316286780379,False,False,0.10961921609795175,0.05862898104573928,365.16720098983507,54.77508014847526,0.7950848676853284,True,0.11807123557871214,0.42021227589548726,0.4364850209163527
8683,4.075610558337751,16.666625027803676,70.27045544409552,1.1303009237151065,0.6075381037704741,21.80030524277156,13.33330002224294,2.037805279168876,1.6302442233351009,0.8,0.8,1.0,3.608269406847331,6.650393467235906,1.1303009237151034,0.6075381037704762,0.8200000000000001,OK,8307,47.80167999542224,7.575420390742969,0.7486885920045216,0.23113525272692353,47.05299140341772,7.806555643469893,False,False,0.04111239653286294,0.0195298015740147,445.59897445473416,66.83984616821012,0.7151674148848853,True,0.4147327896720971,0.14049196028000205,0.4378827214363654
8685,3.515899574318613,15.755420110564524,71.11886421848912,1.850830791941127,0.6075381037704741,20.483387423699853,12.60433608845162,1.7579497871593066,1.406359829727445,0.8,0.8,1.0,3.9210408293474615,7.021398904262421,1.850830791941123,0.6075381037704785,0.8200000000000001,OK,8309,43.294755233438444,7.724205088861899,0.7512158117152795,0.23081528267499343,42.54353942172317,7.955020371536892,False,False,0.0740325409668519,0.015284070554623079,363.3877550812374,54.50816326218561,0.7942802076303618,True,0.1115079936417421,0.4370633751071776,0.4510636612564619
7820,4.147070726179367,16.597233754600246,70.30501900965258,1.6691847125242774,0.6075381037704741,21.41882624593532,13.277787003680196,2.073535363089684,1.6588282904717468,0.8,0.8,1.0,3.444359089730934,6.42757102511262,1.6691847125242711,0.6075381037704706,0.8200000000000001,OK,7490,47.916136273651816,7.793207756937048,0.7499771257628611,0.23199440685858735,47.166159147888955,8.025202163795635,False,False,0.06017732561758371,0.02791617649409281,451.5241586895374,67.72862380343062,0.7074724626432576,True,0.4365870182644021,0.13296033679768396,0.4563843508254363
2026,4.124207249223334,16.79942013285752,70.24469385280447,0.8619455004090184,0.6075381037704741,22.10707227823956,13.439536106286017,2.062103624611667,1.6496828996893336,0.8,0.8,1.0,3.6262446686740297,6.68538608728778,0.8619455004090151,0.6075381037704778,0.8200000000000001,OK,1935,48.06216564441227,7.470286271433001,0.7488560247908516,0.2318946822855939,47.313309619621414,7.702180953718595,False,False,0.044056409482830655,0.027074928785097787,454.5049443330969,68.17574164996454,0.7049745918596438,True,0.4475812368840313,0.1233510933822943,0.4642676553985285
10342,3.5168943844942087,15.6550129004647,70.9142993677614,1.6711124968728843,0.6075381037704741,20.383816511088227,12.524010320371762,1.7584471922471043,1.4067577537976836,0.8,0.8,1.0,4.003842232277304,7.109013576340926,1.6711124968728817,0.6075381037704755,0.8200000000000001,OK,9893,42.97397799807472,7.736148497925112,0.7501022169172441,0.23115650163401003,42.22387578115748,7.967304999559122,False,False,0.061716749550884784,0.019779695246784176,361.1740968499163,54.17611452748744,0.79322739131229,True,0.10334321916462665,0.45817163929179955,0.4696818838305805
1232,4.191212956466033,16.731092399487196,70.49382530348545,1.1821489399475256,0.6075381037704741,21.887030728787494,13.384873919589758,2.0956064782330164,1.676485182586413,0.8,0.8,1.0,3.5454220157976586,6.575794398430498,1.182148939947525,0.6075381037704801,0.8200000000000001,OK,1169,48.10335408343004,7.592006477432064,0.7486333288054465,0.23105340246687198,47.354720754624594,7.823059879898936,False,False,0.040093420274231885,0.01853598899168567,460.01062733808084,69.00159410071213,0.6971339533579499,True,0.4678881927827081,0.1206407500153358,0.48319100934281817
6310,4.193215281276594,16.759542887040688,70.09013203178131,1.1237538988861333,0.6075381037704741,21.86414127994435,13.40763430963255,2.096607640638297,1.6772861125106378,0.8,0.8,1.0,3.53081837116385,6.546053172648836,1.123753898886134,0.6075381037704773,0.8200000000000001,OK,6044,48.25241923465694,7.636168443489336,0.7487584991531913,0.2312125624923854,47.50366073550375,7.867381005981722,False,False,0.042366394761672706,0.020424425345081043,461.0129959979405,69.15194939969108,0.6977738104787614,True,0.4715852919712302,0.11083174162591475,0.48443406419803303
5318,3.504714243714574,15.559981678857296,70.13357433957341,0.7201862049882946,0.6075381037704741,20.56381137012309,12.447985343085838,1.752357121857287,1.40188569748583,0.8,0.8,1.0,4.303863017110121,7.45857487121576,0.7201862049882906,0.607538103770474,0.8200000000000001,OK,5087,42.6250706793792,7.53132295428533,0.7656258159650037,0.246668925569238,41.8594448634142,7.777991879854568,False,False,0.16534361621496002,0.08833723415335037,357.7383786071981,53.66075679107971,0.7943434500063735,True,0.09067104410986948,0.48113096136034483,0.48960008192350574
6873,3.5147087236795174,15.419602479238971,71.26599763071532,1.4859147733673133,0.6075381037704741,20.216863292897976,12.33568198339118,1.757354361839759,1.405883489471807,0.8,0.8,1.0,4.165003463852113,7.300288587434744,1.485914773367311,0.6075381037704731,0.8200000000000001,OK,6583,41.95374727079702,7.6606212524587844,0.7506187305108266,0.23282805372427257,41.20312854028619,7.893449306183057,False,False,0.06770598160168131,0.03415861088238697,355.52189845240207,53.32828476786031,0.7867072315080634,True,0.08249586135543364,0.5253063899739312,0.5317446478228237
1396,3.524679224957968,15.34109017422974,70.06385583521417,0.7025237610677655,0.6075381037704741,20.247074242971017,12.272872139383791,1.762339612478984,1.4098716899831871,0.8,0.8,1.0,4.377807742131914,7.524893052474223,0.7025237610677607,0.607538103770473,0.8200000000000001,OK,1329,41.93697046737327,7.617236139825104,0.7692164755141822,0.24786824129242746,41.16775399185909,7.865104381117531,False,False,0.18124460696369063,0.09163281692593883,354.7150871740623,53.20726307610935,0.7881813129043173,True,0.07952004872093053,0.5264103623254616,0.5323826703717945
7309,4.374794550247699,16.621497595158043,70.06123295756016,1.583834024324824,0.6075381037704741,21.38004814458213,13.297198076126437,2.1873972751238493,1.7499178200990797,0.8,0.8,1.0,3.379082769273168,6.322348633605069,1.583834024324818,0.6075381037704748,0.8200000000000001,OK,7003,48.436194628345035,7.894992634676858,0.7498695594461603,0.23220993829941314,47.686325068898874,8.127202572976271,False,False,0.058821573720368656,0.02965406450048343,477.01457935141735,71.5521869027126,0.676935209460506,True,0.5306049353422536,0.0987386778640717,0.5397137425672076
7754,3.510764652965329,15.36492944283671,71.3049455613018,1.198500235293135,0.6075381037704741,20.28600803850223,12.291943554269368,1.7553823264826645,1.4043058611861317,0.8,0.8,1.0,4.281294429401662,7.443383171201374,1.1985002352931324,0.6075381037704822,0.8200000000000001,OK,7429,41.66324227757473,7.551024748419205,0.7544228011589246,0.23679253646408513,40.90881947641581,7.78781728488329,False,False,0.10153513805299376,0.05503283948222796,353.8637917619061,53.07956876428591,0.7849205117432577,True,0.076380162465991,0.5444226347315582,0.5497544310202355
5663,3.5265481504969096,15.236681434978967,71.10055432986687,1.9147321867730405,0.6075381037704741,19.71565286482403,12.189345147983175,1.7632740752484548,1.410619260198764,0.8,0.8,1.0,4.074246747471978,7.161921771370391,1.9147321867730365,0.6075381037704728,0.8200000000000001,OK,5417,41.58554544241293,7.906190482429284,0.7497492990688429,0.2313228078740354,40.83579614334408,8.13751329030332,False,False,0.05726807841357609,0.0216367636006281,352.4877632165861,52.87316448248791,0.7865151603737743,True,0.07130487008903451,0.5495353582733169,0.5541421248118544
8357,4.487693912564287,16.616334924399233,70.13133648132634,1.293219893515856,0.6075381037704741,21.509155084779643,13.293067939519387,2.243846956282144,1.7950775650257147,0.8,0.8,1.0,3.4407154823582573,6.395713591209926,1.2932198935158523,0.6075381037704699,0.8200000000000001,OK,7998,48.54953627280579,7.856999487622661,0.7493439388305178,0.23167300408179356,47.80019233397527,8.088672491704456,False,False,0.051691005145933375,0.02510555549403979,489.17280458617415,73.37592068792611,0.6616548837498203,True,0.5754488799400238,0.09128040118279677,0.5826435660541702
3933,3.5093359679010034,15.179531871880435,71.88360833672442,1.8038203066850225,0.6075381037704741,19.859141507521954,12.143625497504347,1.7546679839505015,1.4037343871604016,0.8,0.8,1.0,4.175490140131242,7.309730322303457,1.803820306685016,0.6075381037704739,0.8200000000000001,OK,3766,41.02572263872641,7.699926326721842,0.7492356900245157,0.2314095106709406,40.276486948701894,7.9313358373927825,False,False,0.05009731088067011,0.022544838108661376,349.45170626071615,52.41775593910742,0.782668427972863,True,0.06010679082204606,0.5863736570490764,0.5894462587751601
4685,3.514027139597594,15.052431064017636,70.70736855969982,1.477356194248266,0.6075381037704741,19.58894754531713,12.04194485121411,1.757013569798797,1.4056108558390377,0.8,0.8,1.0,4.266466476305268,7.372751199947777,1.4773561942482654,0.6075381037704743,0.8200000000000001,OK,4478,41.01164275805897,7.839108143334673,0.7536893335054087,0.23447240828598104,40.25795342455356,8.073580551620655,False,False,0.09593348107302987,0.04399111664653862,346.98891236977187,52.04833685546578,0.7879529920801339,True,0.05102311366779213,0.5873001624492469,0.5895123738661202
323,4.505891940111907,16.68362799964595,70.13316595714548,1.9026747751003388,0.6075381037704741,21.28907099442482,13.34690239971676,2.2529459700559533,1.8023567760447627,0.8,0.8,1.0,3.2189513889070405,6.117609664811969,1.9026747751003328,0.6075381037704805,0.8200000000000001,OK,307,48.768295526377,7.975559831442421,0.7508284470811952,0.23349773637924995,48.017467079295805,8.209057567821672,False,False,0.06999270174326419,0.0384590820303252,493.1455395764209,73.97183093646314,0.659281984898626,True,0.5901017675419877,0.07688527706503918,0.5950894402403273
9584,3.505801140803217,14.95887486304748,70.09834746714758,1.2914360156080056,0.6075381037704741,19.42685549884412,11.967099890437986,1.7529005704016087,1.402320456321287,0.8,0.8,1.0,4.331257788402063,7.426431684297748,1.291436015608002,0.6075381037704806,0.8200000000000001,OK,9166,40.877638324639506,7.88673888689757,0.7592841220180617,0.23774451908958932,40.11835420262145,8.12448340598716,False,False,0.13292102655223914,0.05899461376703534,344.02503407362906,51.60375511104436,0.7921446459986548,True,0.04009125547793019,0.5961181229236594,0.5974647481180992
5067,3.5067638338591283,14.796291896881083,71.06860817613205,1.8978557303741657,0.6075381037704741,19.104347107161885,11.837033517504867,1.753381916929564,1.4027055335436514,0.8,0.8,1.0,4.234008955757698,7.320040783336541,1.8978557303741648,0.607538103770469,0.8200000000000001,OK,4845,40.347235625073125,7.92996833069025,0.7507218174184299,0.23301055451281974,39.596513807654695,8.162978885203069,False,False,0.06883943999621672,0.0353811618061549,340.37938452278786,51.056907678418185,0.7902404877161793,True,0.026644777614248976,0.6310204759350542,0.6315827619745611
2708,4.586434160351241,16.734450056555914,70.43006321674925,1.635530352757875,0.6075381037704741,21.54924612628308,13.387560045244731,2.2932170801756206,1.8345736641404968,0.8,0.8,1.0,3.275960463613813,6.199878972387964,1.635530352757871,0.6075381037704884,0.8200000000000001,OK,2592,48.88011265974577,7.893968793625199,0.7503355189286892,0.23287072375123372,48.12977714081708,8.126839517376434,False,False,0.06449040484403645,0.03444825215892658,503.48953426516357,75.52343013977453,0.6472178576804735,True,0.6282541718431972,0.06952731854644667,0.6320896712197097
3087,3.5161858503921577,14.755141551935168,72.56899035377639,1.6203111071809253,0.6075381037704741,19.480717785122607,11.804113241548135,1.7580929251960788,1.4064743401568631,0.8,0.8,1.0,4.414244536148971,7.586420614323149,1.620311107180924,0.6075381037704728,0.8200000000000001,OK,2954,39.63290473368616,7.541727046207568,0.7519777736128597,0.2336788305572479,38.8809269600733,7.775405876764816,False,False,0.0814014333947238,0.03954369667828937,340.34473884213776,51.05171082632066,0.7763286301710516,True,0.026516991777613283,0.6780259473599066,0.6785442772186888
3980,3.548540548103092,14.570750252178977,71.39344816098892,1.2280611799564058,0.6075381037704741,19.163341203913653,11.65660020174318,1.774270274051546,1.4194162192412367,0.8,0.8,1.0,4.538642735492214,7.683675446402166,1.2280611799564027,0.6075381037704735,0.8200000000000001,OK,3810,39.59846892660141,7.669579814812493,0.7624266079937938,0.23989528665423407,38.83604231860762,7.909475101466727,False,False,0.1498330868929975,0.0671390844091481,339.18413144508133,50.877619716762204,0.7783082059862021,True,0.022236250731249615,0.6802919439245673,0.6806552576857462
2758,3.5596928342826817,14.517980555742254,71.59594782682018,0.9660550722136364,0.6075381037704741,19.248128380885674,11.614384444593805,1.7798464171413408,1.423877133713073,0.8,0.8,1.0,4.651578406456107,7.824558763933259,0.9660550722136314,0.6075381037704634,0.8200000000000001,OK,2640,39.37099443627652,7.558104625804645,0.7683382790011348,0.24461854151633233,38.60265615727538,7.802723167320977,False,False,0.17748051253415983,0.08243869813357792,339.01785687260343,50.852678530890515,0.774216729062965,True,0.021622969798198412,0.6952605611071293,0.6955967227164703
6369,4.776400827253357,16.79377738349924,70.28964516308055,1.88769519975894,0.6075381037704741,21.42296868313631,13.435021906799392,2.3882004136266786,1.910560330901343,0.8,0.8,1.0,3.1082686595318663,5.97386432731204,1.8876951997589373,0.6075381037704745,0.8200000000000001,OK,6100,49.26420431361096,7.999095906606972,0.7513562291014726,0.23399378135777596,48.512848084509486,8.233089687964748,False,False,0.07544404788017958,0.04136420929369054,526.2026079483894,78.93039119225841,0.6241474743690724,True,0.7120282258871988,0.04425274414685765,0.7134020604291798
9445,3.5374541898945697,14.519648704552887,74.43676896251849,1.6356527788809834,0.6075381037704741,19.49309332134216,11.61571896364231,1.7687270949472849,1.414981675957828,0.8,0.8,1.0,4.577528426882768,7.822266666147245,1.6356527788809818,0.6075381037704698,0.8200000000000001,OK,9035,38.540038218107405,7.183778436762028,0.7518689539562107,0.23360091574838598,37.78816926415119,7.417379352510413,False,False,0.08038995754550844,0.03908063375722183,336.93860447590924,50.54079067138638,0.7625531319581592,True,0.013953932789771736,0.749940386996519,0.750070194241039
9107,3.504040942513064,14.522183984257316,74.45186272914155,0.9893750941712418,0.6075381037704741,19.76318653712194,11.617747187405854,1.752020471256532,1.4016163770052257,0.8,0.8,1.0,4.815201840096247,8.119232832330187,0.9893750941712351,0.6075381037704777,0.8200000000000001,OK,8714,38.338792518327,6.986129936480063,0.7593861658890594,0.24155143804611043,37.579406352437935,7.227681374526174,False,False,0.13350269770550846,0.07283546744907667,333.81430679637606,50.072146019456405,0.7656710480000156,True,0.002430389727959743,0.7631830580113974,0.7631869278426208
2533,4.945285839625377,16.74062914846686,70.11413594335033,1.303228353589137,0.6075381037704741,21.55867066802044,13.392503318773487,2.4726429198126887,1.978114335850151,0.8,0.8,1.0,3.2502028160354968,6.131902581337096,1.3032283535891338,0.6075381037704753,0.8200000000000001,OK,2422,49.38012634909452,7.985691933987335,0.7508796091947777,0.2331636576829236,48.62924673989974,8.218855591670259,False,False,0.07053941348965358,0.03637580735133118,543.0840075596245,81.46260113394368,0.6061692808937192,True,0.7742929507365897,0.03662466870992226,0.7751586546756002
700,5.091075669162308,16.742346622562753,70.29903354861287,1.8855652311293505,0.6075381037704741,21.27419539451013,13.393877298050205,2.545537834581154,2.036430267664924,0.8,0.8,1.0,3.02829868334592,5.846572077658637,1.885565231129348,0.6075381037704658,0.8200000000000001,OK,665,49.56594582304854,8.098188389274794,0.7520427006473753,0.23465387906715757,48.813903122401165,8.332842268341953,False,False,0.08199905455528195,0.0449483154038701,559.15179118836,83.87276867825399,0.5909658951785586,True,0.8335567647343888,0.024397097316268004,0.833913723590109
8269,5.2945615839544615,16.693344552573883,70.82916438176161,1.7830520749122207,0.6075381037704741,21.34046027127502,13.354675642059108,2.6472807919772308,2.1178246335817845,0.8,0.8,1.0,3.041296677594808,5.863130042436264,1.7830520749122167,0.6075381037704677,0.8200000000000001,OK,7917,49.63966918445895,8.093071666291646,0.7522651603151301,0.23483074858232691,48.88740402414382,8.327902414873973,False,False,0.08401483663562537,0.04586271444340824,579.798651489072,86.9697977233608,0.5707690541302171,True,0.9097098743836657,0.019545842246796147,0.9099198291609439
1636,5.308019817467102,16.68368290448158,70.20339351983696,0.9904429606644088,0.6075381037704741,21.56665404990061,13.346946323585264,2.654009908733551,2.123207926986841,0.8,0.8,1.0,3.2606131204038,6.117951869666468,0.9904429606644056,0.6075381037704727,0.8200000000000001,OK,1559,49.65035198809213,8.033728524229664,0.7516557715382671,0.23369535469958777,48.898696216553866,8.267423878929252,False,False,0.07837104208666602,0.03964122733402327,580.9360158237341,87.14040237356012,0.5697741878129874,True,0.913904886585386,0.018842876398655672,0.9140991170084469
8320,5.293315735382988,16.78887677936856,71.04808825058537,1.8755453892839409,0.6075381037704741,21.48658572432403,13.43110142349485,2.646657867691494,2.1173262941531954,0.8,0.8,1.0,2.989997166616956,5.814652701634085,1.875545389283937,0.6075381037704618,0.8200000000000001,OK,7965,49.69756619765736,8.050849056674469,0.7525778376733515,0.234978751453673,48.94498835998401,8.285827808128142,False,False,0.08676994357529386,0.04661460855899801,582.9794961697831,87.44692442546747,0.5683169136498958,True,0.9214419832960876,0.015736016251173993,0.9215763401846233
5408,3.501966371798973,14.522438768313462,82.98391332943196,0.979834880090088,0.6075381037704741,20.99188924151096,11.617951014650773,1.7509831858994864,1.4007865487195892,0.8,0.8,1.0,5.327649243953385,9.017924830305006,0.979834880090087,0.6075381037704798,0.8200000000000001,OK,5174,35.717459752784734,5.325060601890557,0.7514266914331157,0.23447107153060193,34.96603306135162,5.559531673421159,False,False,0.07614258958743864,0.04398399119100291,333.622524852621,50.04337872789315,0.7137299810829231,True,0.0017230283578135476,0.9356759235607017,0.9356775100203563
1659,5.363005037514547,16.68812923784445,70.65125206433719,1.593053392212112,0.6075381037704741,21.36537669763756,13.35050339027556,2.6815025187572736,2.145202015005819,0.8,0.8,1.0,3.0737280697344325,5.892375573927655,1.593053392212109,0.6075381037704657,0.8200000000000001,OK,1582,49.72072097115333,8.104131857932037,0.7523821481445995,0.23475013418002935,48.96833882300873,8.338881992112066,False,False,0.08505597096996949,0.04544814180935632,587.1102988703036,88.06654483054554,0.5645812614406996,True,0.9366778819465674,0.014212351158375935,0.9367856987878054
6859,5.345782153967548,16.775053875363373,70.26548092797917,1.5806869888998487,0.6075381037704741,21.40168997048299,13.420043100290698,2.672891076983774,2.138312861587019,0.8,0.8,1.0,3.0327682869145747,5.835892788633368,1.580686988899844,0.6075381037704868,0.8200000000000001,OK,6569,49.84190083164294,8.112519842764902,0.7527715899247726,0.2349055008251011,49.08912924171817,8.347425343590004,False,False,0.08843465355183033,0.04624394462276275,588.2731406702766,88.24097110054149,0.5648385348666803,True,0.9409668642813319,0.006238292443860146,0.9409875429398934
4006,5.378124076232215,16.78798745074442,70.27722399031587,1.281104459862953,0.6075381037704741,21.56658643576572,13.430389960595535,2.6890620381161074,2.151249630492886,0.8,0.8,1.0,3.114118876542882,5.938456831930322,1.281104459862949,0.6075381037704748,0.8200000000000001,OK,3835,49.85214618339186,8.071616361388738,0.7526501626631542,0.2346115349024992,49.09949602072871,8.306227896291237,True,True,0.08739501534890153,0.044726730326373955,592.2884895221836,88.84327342832754,0.5611245990796258,True,0.9557769272616499,0.005564112459936446,0.955793123030914
7312,3.5003230317826395,14.508912306140768,87.64130801050231,0.797771796277645,0.6075381037704741,21.459072006261337,11.607129844912611,1.7501615158913195,1.4001292127130558,0.8,0.8,1.0,5.71665116921697,9.634269272506696,0.7977717962776433,0.6075381037704748,0.8200000000000001,OK,7005,34.73994216881613,4.633914124236313,0.7519220359461148,0.23265023887008102,33.98802013287001,4.866564363106393,False,False,0.08088491510975739,0.032924789182124325,333.1553722181221,49.97330583271832,0.6951699830526588,True,0.0,1.0,1.0
3473,5.497086811256152,16.757167967638775,70.22087873138875,1.2526767886540493,0.6075381037704741,21.493330266318,13.40573437411102,2.748543405628076,2.198834724502461,0.8,0.8,1.0,3.093715233438104,5.899469691369005,1.2526767886540475,0.6075381037704765,0.8200000000000001,OK,3319,49.93670266783512,8.109034262913818,0.7530277701200224,0.23492722413218942,49.1836748977151,8.343961487046007,True,True,0.09058942500587808,0.0463541663158506,604.2783821096574,90.6417573164486,0.5509238142139726,True,1.0,0.0,1.0
