run,total_thickness_mm,inner_length_mm,v_angle_deg,layer_normal_gap_mm,tip_gap_mm,magnet_center_offset_deg,outer_length_mm,inner_thickness_mm,outer_thickness_mm,outer_length_scale,outer_thickness_scale,pair_radial_shift_mm,outer_bridge_min_mm,shaft_clearance_min_mm,layer_gap_actual_min_mm,other_magnet_gap_min_mm,magnet_area_ratio_vs_single,geometry_status,candidate,pred_mean_torque_Nm,pred_ripple_pkpk_Nm,unc_mean_torque_Nm,unc_ripple_pkpk_Nm,conservative_mean_Nm,conservative_ripple_Nm,predicted_pareto,conservative_pareto,ensemble_std_mean_torque_Nm,ensemble_std_ripple_pkpk_Nm,torque_loss_norm,ripple_loss_norm,ideal_distance
9288,5.478762278939885,16.74201543704244,83.67318604813579,0.9790855963962158,0.6075381037704741,24.24745598647532,13.393612349633951,2.7393811394699425,2.191504911575954,0.8,0.8,1.0,4.004957638483621,7.545989773214263,0.9790855963962096,0.6075381037704702,0.8200000000000001,OK,8887,44.85472979625991,4.771070383210303,0.7560781915268229,0.23834891563514624,44.098651604733085,5.00941929884545,True,True,0.11318062136882558,0.061384962986318035,0.5084272323954745,0.34760000147257347,0.6158928572934216
4342,5.458910114821252,16.66007020195537,83.11623579645277,0.8810877493717079,0.6075381037704741,24.059007904321305,13.328056161564298,2.7294550574106258,2.1835640459285006,0.8,0.8,1.0,4.038399427808194,7.556755435897239,0.8810877493717071,0.6075381037704765,0.8200000000000001,OK,4152,45.00090026892535,4.939674366386679,0.755449125595648,0.23735415490014755,44.2454511433297,5.177028521286827,True,True,0.108899048270366,0.05740124514977714,0.49380357131871,0.3805533953198898,0.6234283068137094
4486,5.179205636730054,16.773010286703084,81.65789472543496,0.7497603444221351,0.6075381037704741,24.06486403984438,13.418408229362468,2.589602818365027,2.0716822546920217,0.8,0.8,1.0,4.040470866906148,7.543793694398607,0.7497603444221344,0.6075381037704847,0.8200000000000001,OK,4288,45.24644767046939,5.094789040447667,0.7566549672723741,0.23758677616501342,44.48979270319701,5.3323758166126805,True,True,0.11697162411850139,0.05835567071729846,0.4692377208224954,0.41087032407526003,0.6236974120905099
628,5.355499361829878,16.688309412629152,82.64743502994821,0.7382884223236332,0.6075381037704741,24.0692513881837,13.350647530103323,2.677749680914939,2.1421997447319514,0.8,0.8,1.0,4.083865060896255,7.608757102833636,0.7382884223236253,0.6075381037704753,0.8200000000000001,OK,598,45.02378636173012,4.958210769706368,0.7561604403468625,0.23755164684592248,44.26762592138326,5.195762416552291,True,True,0.11372876899238499,0.058212481613408654,0.4915139265057365,0.3841763073507842,0.6238408251138833
4436,5.196287762571867,16.76846639567895,81.46360850840993,0.8957602020508313,0.6075381037704741,23.9929801044643,13.41477311654316,2.598143881285933,2.078515105028747,0.8,0.8,1.0,3.970393744544065,7.445932098300117,0.8957602020508292,0.6075381037704755,0.8200000000000001,OK,4240,45.41375135905974,5.211850611627787,0.7556640760833704,0.2368775798109118,44.65808728297637,5.448728191438699,True,True,0.11038032992293553,0.05539761649616757,0.452499781933581,0.433749831349111,0.6268133445016312
4831,5.376635175540113,16.75461982869384,81.36320374135171,0.9369956166225454,0.6075381037704741,23.92590109956243,13.403695862955074,2.6883175877700567,2.1506540702160453,0.8,0.8,1.0,3.8964186954798974,7.331758488355424,0.9369956166225444,0.6075381037704773,0.8200000000000001,OK,4619,45.850981030677715,5.427606724607495,0.7556489318395491,0.23749560885372742,45.09533209883816,5.665102333461222,True,True,0.11027660468664117,0.057983379697843215,0.40875703133660535,0.47591903774649935,0.6273605352240994
5351,5.188227193545352,16.749712896745947,81.41921159721689,0.8056127347396004,0.6075381037704741,23.97905702915383,13.399770317396758,2.594113596772676,2.0752908774181407,0.8,0.8,1.0,4.009387273038641,7.491571050316649,0.8056127347395958,0.6075381037704739,0.8200000000000001,OK,5119,45.380231875491354,5.2042199694838995,0.7561154351505004,0.23713999635219088,44.624116440340856,5.4413599658360905,True,True,0.11342915244236315,0.05650916709967229,0.45585324695448265,0.4322584338676387,0.6282113787640656
10296,5.413012122604888,16.665441154279808,83.63867565984785,0.7371090150452154,0.6075381037704741,24.17239256707935,13.332352923423848,2.706506061302444,2.1652048490419555,0.8,0.8,1.0,4.140816677765507,7.709354011355453,0.7371090150452128,0.6075381037704757,0.8200000000000001,OK,9850,44.619307361946746,4.703008327778969,0.7558565278292345,0.23749873984861733,43.86345083411751,4.940507067627586,True,True,0.11169025030426223,0.05799620268657935,0.531980128041796,0.33429737554148636,0.6282973753926488
6228,5.159487329504608,16.75236803452352,80.85292610064488,0.6005415944959533,0.6075381037704741,23.94663218940529,13.401894427618815,2.579743664752304,2.063794931801844,0.8,0.8,1.0,4.054583393888485,7.530448126688968,0.6005415944959502,0.6075381037704767,0.8200000000000001,OK,5965,45.56691186823932,5.312938094386383,0.7575425177414952,0.2382971980809514,44.809369350497825,5.551235292467334,True,True,0.12258175858212256,0.06118384353416974,0.4371768009255534,0.45350722716871683,0.6299145659228393
9942,5.113543575611027,16.73771258036486,81.28306549332032,0.7046767740879872,0.6075381037704741,23.971598057768283,13.390170064291889,2.5567717878055136,2.045417430244411,0.8,0.8,1.0,4.064855521341595,7.561240045457753,0.7046767740879832,0.6075381037704763,0.8200000000000001,OK,9506,45.25596933090795,5.162731200868128,0.7563927369736038,0.23706349737925625,44.49957659393435,5.399794698247384,True,True,0.11526315064833871,0.05618727512583439,0.46828512394979915,0.424149516707565,0.6318178296280818
8517,5.359574694307103,16.698081013239033,81.66595624856767,1.038083557174454,0.6075381037704741,23.868815965852,13.358464810591228,2.6797873471535514,2.1438298777228413,0.8,0.8,1.0,3.9033972845414695,7.346087050643447,1.0380835571744498,0.6075381037704732,0.8200000000000001,OK,8151,45.6274539969043,5.358022485656267,0.7543005047907537,0.23613153629230046,44.873153492113545,5.594154021948568,True,True,0.10062242731393477,0.05211535789135092,0.43111984869492803,0.4623189033456007,0.6321416710907584
3951,5.089184609035411,16.74376023935395,80.69329070642287,0.5197840981694646,0.6075381037704741,23.937488688915167,13.39500819148316,2.544592304517705,2.0356738436141644,0.8,0.8,1.0,4.098110593435916,7.584546610080164,0.5197840981694596,0.607538103770468,0.8200000000000001,OK,3783,45.47190704661417,5.28585228852189,0.757538150002704,0.23805847124196164,44.71436889661147,5.523910759763852,True,True,0.12255476351607689,0.06024735534811007,0.4466815817938799,0.44821334732371415,0.6327871998018062
7153,5.107137905432543,16.72463318862595,81.62298252145615,0.8079668808552366,0.6075381037704741,23.98134186664821,13.379706550900762,2.5535689527162715,2.042855162173017,0.8,0.8,1.0,4.056150016449532,7.5616980116316,0.8079668808552306,0.6075381037704728,0.8200000000000001,OK,6855,45.07247081788819,5.0752334523027836,0.7554357719465961,0.23627021045608834,44.317035045941594,5.311503662758872,True,True,0.10880637337726029,0.05274012177977842,0.4866432780527363,0.4070482139096886,0.6344367017449262
10244,5.3631860033926975,16.778817904168978,84.67929578473574,0.5135371256760382,0.6075381037704741,24.52357837632873,13.423054323335183,2.6815930016963487,2.14527440135708,0.8,0.8,1.0,4.27569704939593,7.938367674543725,0.5135371256760347,0.6075381037704738,0.8200000000000001,OK,9800,44.110951149461,4.286503788451594,0.7572179085225491,0.238491723562444,43.35373324093845,4.524995512014039,True,True,0.12055945561516924,0.06193714801447344,0.5828387510050979,0.2528921924308827,0.6353388628642836
4521,5.417041688957977,16.65831064876923,81.02602730228816,0.8153300161765143,0.6075381037704741,23.74947247208287,13.326648519015386,2.708520844478989,2.166816675583191,0.8,0.8,1.0,3.938936507498219,7.356335149154109,0.8153300161765104,0.607538103770466,0.8200000000000001,OK,4322,45.99228474697119,5.583223835138368,0.7557772277019748,0.23751670850319653,45.23650751926921,5.8207405436415645,True,True,0.11115232459937484,0.05806974181597513,0.39462026610432327,0.5063341669510135,0.641949720026595
9861,5.464765857366558,16.615867495207876,81.48747627806004,0.997436116145494,0.6075381037704741,23.71280508803831,13.2926939961663,2.732382928683279,2.1859063429466232,0.8,0.8,1.0,3.90111116190263,7.316692403550368,0.9974361161454915,0.6075381037704722,0.8200000000000001,OK,9429,45.86081721535096,5.53847338966646,0.754074175331184,0.23606425162403394,45.10674304001978,5.774537641290494,True,True,0.09891149201365629,0.051809641874817,0.40777296780908795,0.4975877599759424,0.6433291320573844
8588,5.158949953608988,16.712122827835152,83.44528018552114,0.5384239275047749,0.6075381037704741,24.273040199780183,13.369698262268123,2.579474976804494,2.063579981443595,0.8,0.8,1.0,4.267332658397478,7.88979414809455,0.5384239275047724,0.6075381037704839,0.8200000000000001,OK,8219,44.222681168641394,4.507482102785872,0.7555562552081198,0.2363677861971808,43.467124913433274,4.7438498889830525,True,True,0.10963975617940645,0.05317554370326411,0.5716606936122468,0.2960820701952523,0.6437860987256104
4866,5.455707725805322,16.65853238665353,81.3454528077128,1.130793034925517,0.6075381037704741,23.724259818363265,13.326825909322825,2.727853862902661,2.182283090322129,0.8,0.8,1.0,3.831352049326526,7.230271176725541,1.130793034925514,0.6075381037704767,0.8200000000000001,OK,4653,45.99591293477881,5.5986935675307965,0.7533397206690681,0.23555833120172118,45.24257321410974,5.834251898732518,True,True,0.09314695963214112,0.04945336687144105,0.39425728315808256,0.5093577027811665,0.6441149545738708
1370,5.126033796847831,16.783385883749986,79.85793013987679,0.983171987414524,0.6075381037704741,23.73718839974252,13.426708706999989,2.5630168984239154,2.0504135187391324,0.8,0.8,1.0,3.852303412309393,7.243829146345057,0.98317198741452,0.607538103770473,0.8200000000000001,OK,1305,46.150598774173595,5.708434405786847,0.754939902250717,0.23625576727993453,45.395658871922876,5.944690173066782,True,True,0.10530848665366188,0.0526753801069547,0.378781700111555,0.5308063838624626,0.6520973803723981
9260,5.297766861760223,16.712674800928212,79.34132565720154,0.7036589645575084,0.6075381037704741,23.59614287664894,13.37013984074257,2.648883430880112,2.119106744704089,0.8,0.8,1.0,3.889464759984751,7.2484005581243665,0.7036589645575066,0.6075381037704813,0.8200000000000001,OK,8861,46.619698282982455,5.9782108390820365,0.7564298201551825,0.2382732495929184,45.86326846282727,6.216484088674955,True,True,0.11550625165316383,0.061090503091321496,0.33185052377337065,0.5835337802716019,0.6712946021283998
4040,5.260546401349177,16.736937845219636,85.49227851773868,0.6243727298810771,0.6075381037704741,24.55297500931336,13.38955027617571,2.6302732006745884,2.1042185605396706,0.8,0.8,1.0,4.337860921265396,8.049999528827446,0.6243727298810746,0.5283542312659685,0.8200000000000001,OK,3867,43.53453038687758,4.034552142987892,0.7552911322287807,0.23665326175755905,42.77923925464879,4.2712054047454515,True,True,0.10779756849946072,0.05443045468185369,0.6405069087110913,0.2036486238803141,0.6721025681508619
6644,5.114791992037267,16.725904838395884,84.69765139437274,1.04004452284718,0.6075381037704741,24.38794719986528,13.380723870716707,2.557395996018633,2.045916796814907,0.8,0.8,1.0,4.172976628272956,7.825663037265411,1.0400445228471795,0.5802652130258705,0.8200000000000001,OK,6364,43.60218238913925,4.198101268698607,0.7539022267139595,0.235710618889209,42.84828016242529,4.433811887587816,True,True,0.09759195046328686,0.05017373768731509,0.6337386474186507,0.235614053470975,0.6761202965634476
2794,5.132966824375886,16.65093904155753,79.18647357390766,0.7536306959306085,0.6075381037704741,23.48658643025713,13.320751233246025,2.566483412187943,2.0531867297503545,0.8,0.8,1.0,3.934880582957934,7.305671810402751,0.7536306959306035,0.6075381037704811,0.8200000000000001,OK,2675,46.30184103295478,5.921578586495203,0.7551422499469254,0.23636237547790345,45.546698783007855,6.1579409619731065,True,True,0.10674942157158039,0.05315148763618001,0.36365063093890015,0.5724650920425558,0.6782020812335745
601,5.148354595739011,16.709948625842856,80.04343236096207,1.6883030809770116,0.6075381037704741,23.469706937793745,13.367958900674283,2.5741772978695057,2.059341838295605,0.8,0.8,1.0,3.627037759769429,6.956635827512724,1.6883030809770092,0.6075381037704699,0.8200000000000001,OK,573,46.20968902436298,5.894818577327063,0.7505068557219414,0.23276600528938363,45.459182168641036,6.127584582616447,True,True,0.06645420856949025,0.0337330893153731,0.3728700014219803,0.5672348886697623,0.6788132709991941
9501,5.493596829996969,16.523652058266077,80.25049455836505,0.8451566922997882,0.6075381037704741,23.401856001820327,13.218921646612865,2.7467984149984845,2.197438731998788,0.8,0.8,1.0,3.899569811324071,7.254100796082669,0.8451566922997887,0.6075381037704745,0.8200000000000001,OK,9088,46.43254171530102,5.975793844097271,0.7542947827772012,0.23632174154973176,45.67824693252382,6.212115585647003,True,True,0.1005795241382032,0.05297049768956102,0.3505746488593461,0.583061382252531,0.680340473510937
1736,5.340317195086628,16.710758065171817,79.69730825827344,1.2862676954877348,0.6075381037704741,23.488647929666016,13.368606452137454,2.670158597543314,2.136126878034652,0.8,0.8,1.0,3.6904935963054726,7.006803315526465,1.2862676954877288,0.6075381037704628,0.8200000000000001,OK,1657,46.71378683568427,6.077616181503561,0.7520897653016007,0.23447608901146683,45.96169707038267,6.312092270515028,True,True,0.0824295846306353,0.04401073067440366,0.32243741125601666,0.6029624043030822,0.6837613217932375
10189,5.333821284185018,16.7441674050219,79.12813586091124,0.9128749318506776,0.6075381037704741,23.54155469992738,13.39533392401752,2.666910642092509,2.1335285136740074,0.8,0.8,1.0,3.779465702729233,7.102174573482911,0.912874931850671,0.6075381037704753,0.8200000000000001,OK,9746,46.90054927756167,6.1331855565975015,0.7550052563118367,0.2372191669462097,46.14554402124983,6.370404723543711,True,True,0.10577598219569756,0.056840489644577274,0.3037527165835483,0.6138233547315443,0.6848684717854755
577,5.408168444974141,16.670632637904063,79.67976465044487,1.1057762403861815,0.6075381037704741,23.46529632157307,13.336506110323253,2.7040842224870705,2.1632673779896563,0.8,0.8,1.0,3.74658854863872,7.0660852849667,1.1057762403861795,0.6075381037704753,0.8200000000000001,OK,550,46.772443747782525,6.107423800388602,0.7531316770796346,0.23549595582556504,46.01931207070289,6.342919756214167,True,True,0.09144913543465215,0.04915539956686409,0.31656906598290663,0.6087882583918431,0.6861771761673974
7938,5.2328006333643575,16.764746989618974,78.31672775680929,0.5492164854394782,0.6075381037704741,23.55364872271121,13.41179759169518,2.6164003166821788,2.093120253345743,0.8,0.8,1.0,3.880463094485581,7.211767609975586,0.5492164854394758,0.6075381037704739,0.8200000000000001,OK,7602,46.97339456212117,6.173851733042733,0.7568844930622864,0.23914976456861342,46.216510069058884,6.413001497611346,True,True,0.11844727598858729,0.06442451388722151,0.2964648920796432,0.6217714974943538,0.6888332362278737
6717,5.430333017231161,16.7530293064283,79.80775596373893,1.796571206859592,0.6075381037704741,23.42249982827577,13.40242344514264,2.7151665086155803,2.172133206892464,0.8,0.8,1.0,3.469369876191486,6.732046168550578,1.7965712068595894,0.6075381037704679,0.8200000000000001,OK,6436,47.00925014615412,6.2385175023972925,0.7508835823815552,0.23405358030613901,46.25836656377257,6.472571082703432,True,True,0.07058169480198143,0.04170115766383279,0.2928777113101901,0.6344103244415875,0.6987516107604872
4578,5.058224820923844,16.609328090383503,85.26522268955866,0.5064633148111629,0.6075381037704741,24.357559175192293,13.287462472306805,2.529112410461922,2.0232899283695374,0.8,0.8,1.0,4.4747275210123085,8.211139077656782,0.5064633148111617,0.6075381037704737,0.8200000000000001,OK,4377,43.10946108317278,3.9988559025770645,0.7524855694087749,0.23373216434504254,42.356975513764006,4.232588066922107,True,True,0.08596600211368778,0.03985765604999311,0.6830330722936829,0.1966718476086885,0.7107840695237638
1689,5.043451506125822,16.777874804714905,77.25779278891557,0.6333353552531342,0.6075381037704741,23.38972839754668,13.422299843771924,2.521725753062911,2.017380602450329,0.8,0.8,1.0,3.838729314554087,7.136794647699761,0.6333353552531299,0.6075381037704737,0.8200000000000001,OK,1612,47.13090153498957,6.356315170667542,0.7550227832483093,0.23706796426000512,46.37587875174126,6.593383134927547,True,True,0.10590101309706995,0.05620611865948971,0.2807070680372558,0.6574337007798812,0.7148535017520743
3703,5.318394526377289,16.732307772449033,78.7571562318087,1.343028769082915,0.6075381037704741,23.332071910290463,13.385846217959228,2.6591972631886445,2.127357810550916,0.8,0.8,1.0,3.6124974131351095,6.87725543713886,1.34302876908291,0.6075381037704661,0.8200000000000001,OK,3539,47.17706699494715,6.373044529622586,0.7517667504007068,0.23441528561448005,46.42530024454644,6.607459815237066,True,True,0.07942838509626769,0.04368562951474824,0.2760884331819265,0.6607034287191197,0.7160683233170226
6878,5.28477019402185,16.604941249414296,78.18100033455076,0.6602888390192447,0.6075381037704741,23.24922852302377,13.283952999531436,2.642385097010925,2.11390807760874,0.8,0.8,1.0,3.872460003179615,7.171715787020432,0.6602888390192396,0.6075381037704661,0.8200000000000001,OK,6588,47.023783506520296,6.356002863429912,0.754491557789022,0.23656441004956347,46.26929194873127,6.592567273479475,True,True,0.10204475550398166,0.054042836699044486,0.29142371767915193,0.6573726608020045,0.7190734304616222
5223,5.086145369383758,16.571322776747376,85.70843541304282,0.6558383649143131,0.6075381037704741,24.33209338745168,13.257058221397902,2.543072684691879,2.0344581477535035,0.8,0.8,1.0,4.452432239586113,8.191774259981386,0.6558383649143121,0.6075381037704722,0.8200000000000001,OK,4995,42.92223313265319,3.9391381971841546,0.7520285434258034,0.2335976467274278,42.17020458922739,4.172735843911583,True,True,0.08186911186826017,0.039061088732570456,0.7017643388933504,0.18500011228905522,0.7257397804236614
5886,4.921780024299806,16.68029781229909,85.40545113001802,0.6045055673375395,0.6075381037704741,24.47890105855352,13.344238249839274,2.460890012149903,1.9687120097199224,0.8,0.8,1.0,4.466815316644922,8.229914042693895,0.604505567337538,0.6075381037704662,0.8200000000000001,OK,5634,42.87813006574269,3.869231047937448,0.7523122003223982,0.23363502878182066,42.12581786542029,4.102866076719269,True,True,0.0844349933670308,0.03928402690997637,0.7061766411263823,0.17133686555863853,0.726664826431002
5599,5.47650543538792,16.609703871635933,78.17478792212118,0.6505459909667317,0.6075381037704741,23.228382141076352,13.287763097308748,2.73825271769396,2.190602174155168,0.8,0.8,1.0,3.813713471371976,7.082192069020007,0.650545990966728,0.6075381037704707,0.8200000000000001,OK,5357,47.40444877221185,6.510053091350185,0.7547446771873773,0.23750679959601656,46.649704095024475,6.747559890946202,True,True,0.10389970689872317,0.05802919912185538,0.2533399670579773,0.6874815451669435,0.7326745620356048
10261,4.675961686144385,16.787025168931184,85.29060233426347,0.551124947934344,0.6075381037704741,24.65099958768172,13.429620135144948,2.3379808430721924,1.870384674457754,0.8,0.8,1.0,4.52120714001677,8.33281162412515,0.5511249479343421,0.6075381037704763,0.8200000000000001,OK,9817,42.61739642114087,3.7224702987819684,0.7521657090545467,0.23328316780137248,41.86523071208632,3.955753466583341,True,True,0.08311964405897883,0.0371341416465345,0.7322618030639351,0.1426526988080315,0.7460275736885736
10079,5.489181013712379,16.784054254029556,77.83408419784469,0.9763269176039554,0.6075381037704741,23.319967993080624,13.427243403223644,2.744590506856189,2.195672405484952,0.8,0.8,1.0,3.6143961287997257,6.837371453505908,0.976326917603952,0.6075381037704743,0.8200000000000001,OK,9639,47.84988068504578,6.662886889983556,0.753936882651231,0.23725371837439985,47.09594380239455,6.9001406083579555,True,True,0.0978593090759304,0.05698451525511659,0.20877662121064267,0.7173526802650885,0.7471161525811354
7283,4.757875742067499,16.696296419258925,85.1688149426266,1.052069235682181,0.6075381037704741,24.428044286255545,13.35703713540714,2.3789378710337497,1.903150296827,0.8,0.8,1.0,4.325057632835762,8.061539139509893,1.05206923568218,0.6075381037704809,0.8200000000000001,OK,6979,42.640454847278406,3.8657363242199763,0.7516427579141942,0.23348677318025338,41.88881208936421,4.0992230974002295,True,True,0.07824613010122863,0.03839246471000083,0.7299549171200771,0.17065382708659407,0.7496378523841226
6308,5.437220222491242,16.565665877373316,77.6481197882259,0.6228676099784525,0.6075381037704741,23.08349049118742,13.252532701898652,2.718610111245621,2.174888088996497,0.8,0.8,1.0,3.817963918786617,7.066317372004891,0.6228676099784506,0.6075381037704781,0.8200000000000001,OK,6042,47.50183994036863,6.634846127517638,0.7538063433679923,0.23645442714992326,46.74803359700064,6.871300554667561,True,True,0.09684846231503108,0.05355935226624709,0.24359644356089746,0.7118721555947324,0.7523969651896587
5934,5.473525802397402,16.77012130877812,77.85470834392036,1.5254330690750455,0.6075381037704741,23.13000346599587,13.416097047022497,2.736762901198701,2.189410320958961,0.8,0.8,1.0,3.432224024031452,6.608031278366152,1.525433069075043,0.6075381037704701,0.8200000000000001,OK,5680,47.96051480963362,6.800985512184553,0.7513273041766275,0.23482124201612556,47.209187505456995,7.035806754200679,True,True,0.07515543461574108,0.04581401312237757,0.19770820286325066,0.744343847385978,0.7701534240791094
10005,4.954590758097527,16.54889335967152,86.49106471279515,0.7783585937925044,0.6075381037704741,24.38291489919344,13.239114687737215,2.477295379048764,1.9818363032390107,0.8,0.8,1.0,4.510383011426843,8.302189594246176,0.7783585937925012,0.6075381037704818,0.8200000000000001,OK,9567,42.33036148893377,3.7209380757575787,0.7511650273468315,0.23285116321619423,41.57919646158694,3.9537892389737728,True,True,0.07351543824210359,0.03431577345064942,0.7609782838226455,0.1423532281322301,0.7741785259288232
7717,4.85569129469709,16.695844166462912,86.90818324709248,0.5683662457752129,0.6075381037704741,24.676814300552262,13.35667533317033,2.427845647348545,1.942276517878836,0.8,0.8,1.0,4.606084719016504,8.468811513426179,0.568366245775214,0.5532539307456293,0.8200000000000001,OK,7394,42.25490468479199,3.5338348940613034,0.752142282023189,0.2332457689585968,41.5027624027688,3.7670806630199003,True,True,0.08290738060035911,0.036898466546303826,0.7685273784488278,0.10578419387594297,0.7757735668991377
2472,5.342898682179641,16.780100745035064,77.03174344405646,1.2465963130452111,0.6075381037704741,23.09176528327048,13.424080596028052,2.6714493410898204,2.1371594728718564,0.8,0.8,1.0,3.51921880648743,6.6980729572512825,1.2465963130452102,0.6075381037704765,0.8200000000000001,OK,2364,48.01383825935663,6.856643443165485,0.7521805411976599,0.23521304784959085,47.26165771815897,7.091856491015076,True,True,0.0832537561156657,0.047781648936338385,0.1923734451521089,0.7552221059287951,0.7793381625990196
2201,4.631862002225981,16.78032886608634,86.48776782914145,0.7766996872905858,0.6075381037704741,24.75283197366916,13.424263092869072,2.3159310011129906,1.8527448008903928,0.8,0.8,1.0,4.53741523375842,8.401773369651096,0.7766996872905835,0.5294396115137869,0.8200000000000001,OK,2105,42.09110608310448,3.4949922212151905,0.7518948240242818,0.23335467460961107,41.339211259080194,3.7283468958248016,True,True,0.08063155551933698,0.03758074318768903,0.7849146500519554,0.09819245213730672,0.7910327208927079
9708,5.490926427889289,16.675432775664476,77.32135941045028,1.2684049280391143,0.6075381037704741,22.962680388039352,13.34034622053158,2.7454632139446447,2.196370571155716,0.8,0.8,1.0,3.517945442127342,6.6836841390686,1.2684049280391114,0.6075381037704762,0.8200000000000001,OK,9281,48.06697337848575,6.930141132787394,0.7516944415607447,0.23497349507072982,47.315278936925004,7.165114627858124,True,True,0.07874106186915572,0.046588104513232434,0.18705752902179576,0.7695871183522854,0.7919942246617172
5929,5.491387341290798,16.7483221749834,76.56733290816327,1.0015229234538028,0.6075381037704741,23.01096489782556,13.39865773998672,2.745693670645399,2.196554936516319,0.8,0.8,1.0,3.540655586712393,6.692805863489541,1.0015229234537997,0.6075381037704661,0.8200000000000001,OK,5675,48.340151413973715,7.021703049789614,0.7527283537320549,0.23597910337665265,47.58742306024166,7.257682153166266,True,True,0.08806586094016201,0.05142028127918491,0.15972736492130765,0.7874827567325072,0.803518464788292
1452,5.390708469929674,16.61895406260031,76.41847573752423,0.8976005635501069,0.6075381037704741,22.845340310698887,13.295163250080249,2.695354234964837,2.156283387971869,0.8,0.8,1.0,3.643749173842384,6.811025420012401,0.8976005635501061,0.6075381037704711,0.8200000000000001,OK,1381,48.07148694581245,7.001207313334665,0.7519929052647806,0.23472382844079404,47.319494040547674,7.235931141775459,True,True,0.08154109957271594,0.04531207051421163,0.18660596806266858,0.7834768959997617,0.8053929686072675
1518,5.3864399863966765,16.69186550074343,75.95662488959798,0.6961458796438913,0.6075381037704741,22.936396719288965,13.353492400594744,2.6932199931983383,2.154575994558671,0.8,0.8,1.0,3.6606323136377696,6.8250185403364725,0.6961458796438882,0.6075381037704691,0.8200000000000001,OK,1445,48.23037095348873,7.020145755278241,0.752612490825606,0.23555719077462653,47.477758462663125,7.2557029460528675,True,True,0.08706998735319349,0.049447934456510724,0.17071037823247093,0.7871783858724437,0.8054761600575272
10099,4.437587060788893,16.76253845494746,86.24753939278506,0.7456395057134797,0.6075381037704741,24.71165897818909,13.41003076395797,2.2187935303944464,1.7750348243155571,0.8,0.8,1.0,4.600221450542961,8.486133431529261,0.7456395057134759,0.6075381037704835,0.8200000000000001,OK,9659,41.805971671897666,3.464029277166849,0.7508339441350806,0.23267424065878514,41.055137727762585,3.6967035178256342,True,True,0.07005164535115303,0.03309396262951667,0.8134409927173104,0.09214079149041651,0.8186428855669631
1204,5.44021131566004,16.698502024592464,75.37974895895023,0.8236793178022197,0.6075381037704741,22.77379587198048,13.358801619673972,2.72010565783002,2.1760845262640163,0.8,0.8,1.0,3.5637072456343297,6.6774400443179776,0.8236793178022161,0.607538103770483,0.8200000000000001,OK,1143,48.56886098718454,7.2267706438395,0.7519683242681342,0.23487472320567054,47.81689266291641,7.461645367045171,True,True,0.08131409504869437,0.04608734856033632,0.13684605912364628,0.8275629082493211,0.838801055678727
309,4.438615242445837,16.637361148797005,86.59684270749524,0.5286329306805364,0.6075381037704741,24.576834349793856,13.309888919037604,2.2193076212229186,1.775446096978335,0.8,0.8,1.0,4.752264690458034,8.66858742440959,0.5286329306805335,0.6075381037704685,0.8200000000000001,OK,293,41.553655448085514,3.451349246094445,0.7501384819853059,0.23191612381287877,40.80351696610021,3.6832653699073234,True,True,0.06215596114759516,0.0272579636211528,0.8386840317108512,0.08966249856961384,0.8434632586523932
8886,5.498658273229416,16.791679932858045,75.81519725531122,1.8121756725175608,0.6075381037704741,22.620194237892363,13.433343946286437,2.749329136614708,2.1994633092917666,0.8,0.8,1.0,3.20032023039769,6.239760652139651,1.8121756725175595,0.6075381037704654,0.8200000000000001,OK,8501,48.818877107020874,7.368992311814838,0.7514949528551182,0.23497183654150355,48.067382154165756,7.603964148356342,True,True,0.07681331601798384,0.04657973877200945,0.11183313460104043,0.8553599184392338,0.8626396930741519
3161,5.433051669197703,16.754251021989216,74.75447143915804,0.9685095657834296,0.6075381037704741,22.671254241055934,13.403400817591374,2.716525834598852,2.173220667679081,0.8,0.8,1.0,3.46090939998788,6.530876058574368,0.9685095657834296,0.6075381037704732,0.8200000000000001,OK,3025,48.852116164117966,7.3797801751628676,0.7518164239887751,0.23466759540960794,48.10029974012919,7.614447770572475,True,True,0.07989716346799824,0.045019867077869334,0.10850772491579132,0.857468390036294,0.8643066390337605
5649,4.6344337542591525,16.521068971298014,87.44672914216116,0.9613635704393128,0.6075381037704741,24.44430759575049,13.216855177038411,2.317216877129576,1.8537735017036607,0.8,0.8,1.0,4.619730806430745,8.499842211182031,0.9613635704393116,0.6004661793651307,0.8200000000000001,OK,5404,41.34143020708234,3.4484875532802595,0.7504157749563777,0.2323331363878234,40.59101443212596,3.680820689668083,True,True,0.06541755616303027,0.030603829175195288,0.8599161584172382,0.08910318503146784,0.8645202005099781
4603,4.188102974202112,16.72755738686868,86.8649805953758,0.7994917025468218,0.6075381037704741,24.729638609656,13.382045909494945,2.094051487101056,1.6752411896808448,0.8,0.8,1.0,4.716234572477617,8.672142405205893,0.7994917025468178,0.6075381037704719,0.8200000000000001,OK,4400,41.1221674637515,3.3112439109911196,0.7503173223831403,0.23276739426329066,40.37185014136836,3.5440113052544104,True,True,0.06427834486954094,0.033742672219368934,0.881852353783937,0.06227912244296361,0.8840487899242527
3072,4.879474713246191,16.29820277618547,88.65931216163158,0.5637715021984991,0.6075381037704741,24.237022189984287,13.038562220948377,2.4397373566230955,1.9517898852984763,0.8,0.8,1.0,4.861573986723286,8.783564890669854,0.563771502198497,0.6075381037704666,0.8200000000000001,OK,2939,41.136891856291165,3.4221237381656997,0.7501740539789827,0.23162615366225756,40.386717802312184,3.653749891827957,True,True,0.06258380472793353,0.024669478242421935,0.8803792482918715,0.08395041718802317,0.8843728248702601
6389,5.409438939707228,16.757533091902467,74.43288970971093,1.31149436572885,0.6075381037704741,22.47354921706794,13.406026473521974,2.704719469853614,2.163775575882892,0.8,0.8,1.0,3.333528453721023,6.359479134718002,1.311494365728846,0.6075381037704813,0.8200000000000001,OK,6120,49.005582786804936,7.51582070044268,0.7516726652666047,0.23454590339377057,48.25391012153833,7.75036660383645,True,True,0.07853290431381937,0.04438117726223054,0.09315411870623443,0.8840573052225492,0.8889516346513407
6459,4.241094302573597,16.687311886850246,87.34881664727897,0.6944684199844073,0.6075381037704741,24.721888947820148,13.349849509480196,2.1205471512867984,1.6964377210294388,0.8,0.8,1.0,4.789850206436995,8.77054522480071,0.6944684199844049,0.6075381037704785,0.8200000000000001,OK,6188,41.045657817455776,3.274853295095943,0.7504997916611946,0.23274629836436764,40.295158025794585,3.5075995934603106,True,True,0.06637438236593086,0.03359683762940816,0.8895067802637138,0.0551666315317276,0.891215837701326
6006,5.208418406822231,16.77947605112798,72.63915035681838,0.5836693664891387,0.6075381037704741,22.471820324206504,13.423580840902384,2.6042092034111155,2.0833673627288927,0.8,0.8,1.0,3.5242768059068617,6.557572840502161,0.5836693664891367,0.6075381037704796,0.8200000000000001,OK,5752,49.016026198297716,7.530800181930827,0.750738974163687,0.23349809521908774,48.26528722413403,7.764298277149915,True,True,0.06902628976924213,0.038461260604974117,0.09210930502142714,0.88698502225395,0.8917547610045996
10230,4.0981611571525765,16.781076177130334,87.53095167462455,0.977301035136538,0.6075381037704741,24.869485308949063,13.424860941704267,2.049080578576288,1.639264462861031,0.8,0.8,1.0,4.706410127791383,8.703018879925907,0.9773010351365318,0.5005093710127716,0.8200000000000001,OK,9786,40.85394973110592,3.19530035539403,0.751292220309274,0.2338602272783521,40.10265751079665,3.429160582672382,True,True,0.07480388792169158,0.04060189649590371,0.9086862631601815,0.03961812962613162,0.909549515447668
3746,5.422514709860069,16.617876873764068,72.88466324489868,0.5719995864101176,0.6075381037704741,22.24794204250383,13.294301499011254,2.7112573549300345,2.169005883944028,0.8,0.8,1.0,3.533646061602848,6.544369691643672,0.5719995864101125,0.6075381037704815,0.8200000000000001,OK,3581,49.07389995730909,7.630007314620931,0.7506872500757384,0.23318170592352064,48.32321270723335,7.863189020544452,True,True,0.06846144007568498,0.03649131504597829,0.08631931049252012,0.9063749064928062,0.9104759713928464
2069,5.332831461631892,16.74987323946158,73.90706111202078,1.6874428573232043,0.6075381037704741,22.204066172560346,13.399898591569263,2.666415730815946,2.133132584652757,0.8,0.8,1.0,3.204595481294888,6.1823445305842615,1.6874428573232,0.6075381037704818,0.8200000000000001,OK,1976,49.09980732572745,7.6519032374197,0.7516620423565983,0.23463455621202858,48.34814528337085,7.886537793631728,True,True,0.07843116262465356,0.044847330636250585,0.08372740141380962,0.9106544315315679,0.9144953643488808
1498,5.330274782681193,16.77733024593981,73.79404742516827,1.8235469701147249,0.6075381037704741,22.16075185208556,13.42186419675185,2.6651373913405965,2.132109913072477,0.8,0.8,1.0,3.144064765053681,6.104847692045002,1.8235469701147229,0.6075381037704883,0.8200000000000001,OK,1426,49.162022483621875,7.681968111856646,0.7518062399236379,0.23478545500662074,48.41021624369824,7.9167535668632665,True,True,0.07980127655044704,0.04563023097736318,0.07750307056028678,0.9165305658293821,0.9198016112433159
9133,4.113361131456334,16.713267141765378,87.82115664042732,0.871647684471139,0.6075381037704741,24.7997767186666,13.370613713412304,2.056680565728167,1.6453444525825338,0.8,0.8,1.0,4.787569439524468,8.802318713521899,0.8716476844711364,0.6075381037704752,0.8200000000000001,OK,8738,40.71211034380736,3.1877292051043304,0.7510783616175928,0.23369817000999632,39.961031982189766,3.4214273751143267,True,True,0.07262455949009052,0.039657820948745086,0.9228766197306061,0.03813835973770206,0.9236643274095152
1925,5.319409550636634,16.721982362863525,72.41915424048706,0.8973825236643548,0.6075381037704741,22.17369496945851,13.37758589029082,2.659704775318317,2.127763820254654,0.8,0.8,1.0,3.396588877481914,6.371182480473969,0.897382523664353,0.6075381037704715,0.8200000000000001,OK,1836,49.2584846467048,7.722612384989366,0.7509584036089831,0.23326354378334005,48.50752624309582,7.9558759287727066,True,True,0.07137328142879965,0.037010660014971074,0.06785248960550669,0.9244744276228448,0.9269611252227635
2553,5.417399258177509,16.79091783738823,72.82259964684867,1.2503360766809863,0.6075381037704741,22.18309133753319,13.432734269910585,2.7086996290887546,2.166959703271004,0.8,0.8,1.0,3.249496703254416,6.197638438528241,1.250336076680982,0.6075381037704772,0.8200000000000001,OK,2440,49.430559013130434,7.764739152603428,0.75195846914952,0.23437352427465033,48.67860054398091,7.999112676878078,True,True,0.08122290733932112,0.04346098224041524,0.05063726707306687,0.9327080407234816,0.9340815928209188
9982,5.459389005608058,16.7411689421974,71.58433804052922,0.6136867676561345,0.6075381037704741,22.11506786681757,13.392935153757922,2.729694502804029,2.1837556022432234,0.8,0.8,1.0,3.38971723434139,6.326094081557232,0.6136867676561282,0.607538103770483,0.8200000000000001,OK,9545,49.5298426212541,7.816385284217593,0.7515642717278984,0.2338545750769346,48.7782783495262,8.050239859294528,True,True,0.07748855327626533,0.04056932807916856,0.040704413951616704,0.9428021991396058,0.9436804734747994
4838,4.051424138031809,16.66377871870388,88.37167171750096,0.7258592005329421,0.6075381037704741,24.7828583134682,13.331022974963105,2.0257120690159045,1.6205696552127238,0.8,0.8,1.0,4.92357801014159,8.989472817993772,0.7258592005329407,0.6075381037704737,0.8200000000000001,OK,4626,40.43826781855076,3.1365304595066754,0.751404928236654,0.23407065330891583,39.68686289031411,3.3706011128155913,True,True,0.07592751496851093,0.04179687592206198,0.9502732628742844,0.028131642242759287,0.9506895725887674
6844,5.447899051768368,16.795779342368213,72.42342169617775,1.8455036039619472,0.6075381037704741,21.819909605956937,13.43662347389457,2.723949525884184,2.179159620707347,0.8,0.8,1.0,3.0203157317155807,5.891902132037842,1.8455036039619463,0.6075381037704649,0.8200000000000001,OK,6555,49.61386971682236,7.923074219884868,0.7525942158267086,0.2351136143826696,48.861275500995646,8.158187834267538,True,True,0.08691188092994442,0.047289742698224,0.032297902400767284,0.9636543904696108,0.9641954878399123
9337,5.321131356494348,16.79200725201212,70.65904122750094,0.8668212330128979,0.6075381037704741,21.88666843277573,13.433605801609696,2.660565678247174,2.1284525425977394,0.8,0.8,1.0,3.2821197346274573,6.171007094139528,0.8668212330128966,0.607538103770475,0.8200000000000001,OK,8934,49.665318031996456,7.933365306072301,0.7517542619570683,0.23379941830516032,48.91356377003939,8.16716472437746,True,True,0.07931009848423358,0.04025016889670052,0.02715074298917653,0.9656657677209797,0.9660473786481766
5490,5.461885279834561,16.79552289719066,71.60408762281358,1.8534843507328769,0.6075381037704741,21.607393147461565,13.43641831775253,2.7309426399172807,2.1847541119338247,0.8,0.8,1.0,2.970468277305965,5.798526606124165,1.8534843507328729,0.6075381037704662,0.8200000000000001,OK,5253,49.77300695229398,8.026747263571643,0.7529404725987601,0.23525194048403494,49.020066479695224,8.261999204055678,True,True,0.08986087373382579,0.04797273806950669,0.016376978333176438,0.9839171302673204,0.984053415548569
1259,4.111165196477211,16.51329447043769,89.84452224919609,0.5203783665403858,0.6075381037704741,24.67113403352468,13.210635576350152,2.0555825982386056,1.6444660785908845,0.8,0.8,1.0,5.151153512013366,9.293223171468568,0.5203783665403803,0.6075381037704833,0.8200000000000001,OK,1196,40.019063258374594,3.0716182734963406,0.7527612903264425,0.2349061755627953,39.266301968048154,3.306524449059136,True,True,0.08834693862773568,0.046247371967717076,0.992212686740565,0.01544465353234941,0.9923328841934368
4006,5.378124076232215,16.78798745074442,70.27722399031587,1.281104459862953,0.6075381037704741,21.56658643576572,13.430389960595535,2.6890620381161074,2.151249630492886,0.8,0.8,1.0,3.114118876542882,5.938456831930322,1.281104459862949,0.6075381037704748,0.8200000000000001,OK,3835,49.85214618339186,8.071616361388738,0.7526501626631542,0.2346115349024992,49.09949602072871,8.306227896291237,True,True,0.08739501534890153,0.044726730326373955,0.008459474391734213,0.9926867276640423,0.9927227719697624
6473,3.730125469952768,16.707269994945335,88.70687762929873,0.5959417184514568,0.6075381037704741,24.888517193739148,13.365815995956268,1.865062734976384,1.4920501879811072,0.8,0.8,1.0,5.090273740776436,9.247330024838847,0.5959417184514512,0.6075381037704768,0.8200000000000001,OK,6201,39.98927130055716,3.0539601014578466,0.7525744575758857,0.23567211086752254,39.236696842981274,3.289632212325369,True,True,0.08674062224010692,0.049992518811672416,0.9951932305261257,0.011993390478857703,0.9952654959859729
3473,5.497086811256152,16.757167967638775,70.22087873138875,1.2526767886540493,0.6075381037704741,21.493330266318,13.40573437411102,2.748543405628076,2.198834724502461,0.8,0.8,1.0,3.093715233438104,5.899469691369005,1.2526767886540475,0.6075381037704765,0.8200000000000001,OK,3319,49.93670266783512,8.109034262913818,0.7530277701200224,0.23492722413218942,49.1836748977151,8.343961487046007,True,True,0.09058942500587808,0.0463541663158506,0.0,1.0,1.0
9349,3.675234794230226,16.753863273831723,89.20418897182898,0.529107049550373,0.6075381037704741,24.999329246835025,13.40309061906538,1.837617397115113,1.4700939176920906,0.8,0.8,1.0,5.157991532803965,9.363575168907431,0.5291070495503675,0.6075381037704765,0.8200000000000001,OK,8945,39.94122534528633,2.992596667515527,0.7537076555539991,0.23660393429934015,39.187517689732324,3.2292006018148673,True,True,0.09607731986097455,0.054215586525537506,1.0,0.0,1.0
