run,magnet_thickness_mm,magnet_length_mm,v_angle_deg,tip_gap_mm,loaded_torque_mean,loaded_torque_ripple_pct,cogging_torque_pkpk
311,5.449,16.514,62.054,0.927,53.5436345233819,19.6859023884015,0.0785666616434526
333,3.966,16.701,58.835,1.519,45.439407290632,21.2275138295981,0.0323209461633248
350,5.346,16.019,61.582,4.216,43.9044150372579,20.1840940531032,0.215448392056417
316,4.06,16.27,58.374,2.586,42.0996562177231,21.7822600233188,0.0674616216803199
326,4.296,15.581,63.353,3.25,40.907638002373,18.5330225504115,0.145369251280117
308,3.864,15.506,61.022,2.057,40.3400555152064,25.1018441927326,0.0291351613615491
306,2.924,16.776,63.798,3.575,37.3782130579784,17.7627791862104,0.0456918995398245
314,4.738,15.755,49.68,3.387,36.1010867937305,29.7404726916579,0.13557765439825
321,4.708,15.662,46.63,1.97,35.2905369389336,32.7553571873789,0.239033008419612
336,5.063,14.164,53.439,2.224,35.2886185928745,26.1137227087589,0.0622451140422296
