run,magnet_thickness_mm,magnet_length_mm,v_angle_deg,v_included_angle_deg,tip_gap_mm,magnet_center_offset_deg,theta_start_deg,theta_stop_deg,theta_step_deg,current_peak_A,commutation_offset_deg,completed_points,loaded_torque_mean_Nm,loaded_torque_min_Nm,loaded_torque_max_Nm,loaded_torque_pkpk_Nm,loaded_torque_ripple_pct
1,2.562338026179077,13.69017777298313,83.44361232128597,166.88722464257194,2.697543176544906,23.42302998405186,0.0,28.0,2.0,10.0,35.0,15,29.19805682514008,26.56068097789954,31.77713979631191,5.21645881841237,17.865773909724364
2,4.72410062734294,12.977204627292801,37.42701061973179,74.85402123946358,0.5802634882881345,11.918268962995409,0.0,28.0,2.0,10.0,35.0,15,17.249475788481345,12.93233523103265,21.13237344382638,8.200038212793732,47.53789804017963
3,4.640181597291074,14.482100021967787,72.71790489469856,145.43580978939713,4.063041929321672,25.872747303534034,0.0,28.0,2.0,10.0,35.0,15,40.501183505379444,36.62195605977652,43.23165255536078,6.609696495584259,16.31976135884115
4,3.230466015338347,16.167244085412882,56.05275387234529,112.10550774469058,3.7191198127477287,24.697140297898635,0.0,28.0,2.0,10.0,35.0,15,40.52454154479918,36.29087558752571,45.32923827712357,9.03836268959786,22.303429835488966
5,3.526564561917394,12.178796509351304,35.61896890557525,71.2379378111505,4.462844921995371,16.370402220543276,0.0,28.0,2.0,10.0,35.0,15,8.069777936124117,5.178482269347806,10.98305474126958,5.804572471921774,71.92976706258274
6,2.8933822735558667,13.224536601498997,47.48845355485303,94.97690710970606,2.936148919126874,18.021751892398107,0.0,28.0,2.0,10.0,35.0,15,22.44054297519138,18.47041765948272,26.46316562342315,7.992747963940431,35.61744460807667
7,4.330637504895964,15.572302377905828,60.91554954637264,121.83109909274528,1.5857325405106069,21.752373790944596,0.0,28.0,2.0,10.0,35.0,15,48.217786387121514,41.50670900467712,56.11414443285363,14.607435428176508,30.29470351645593
8,2.7188859132671253,13.60629085254338,62.57705946537641,125.15411893075282,4.166943935293571,23.341003823529462,0.0,28.0,2.0,10.0,35.0,15,28.63394553554639,25.25898725693491,33.21472753093232,7.955740273997414,27.784296314041317
9,3.609483889533302,14.594207843462094,51.78443112806932,103.56886225613864,1.176463051895173,17.960731370468473,0.0,28.0,2.0,10.0,35.0,15,37.50688348867746,32.10082473993089,43.53403084727367,11.433206107342777,30.482954177715726
10,2.98900517626793,13.532998045400953,65.04255434857843,130.08510869715687,3.368095592545961,22.420431162214747,0.0,28.0,2.0,10.0,35.0,15,31.23916304586414,28.06284828725771,36.28608230634214,8.223234019084426,26.32347738321731
11,4.386591392529326,12.814864601677769,77.63890228778342,155.27780457556685,4.350829116143052,24.294677916313255,0.0,28.0,2.0,10.0,35.0,15,31.917626654186293,28.62622744788809,34.81121130538855,6.184983857500455,19.377956652329093
12,4.577534138200045,13.417494078431357,38.462976171490055,76.92595234298011,2.437724316856623,15.248904743502422,0.0,28.0,2.0,10.0,35.0,15,19.841720327373313,16.52018410494543,23.73883814114867,7.21865403620324,36.38119032574259
13,4.0884886621381815,12.93531367750054,55.68033979246377,111.36067958492754,1.5334870466863644,17.335798940373955,0.0,28.0,2.0,10.0,35.0,15,32.986420265780936,28.15983294438465,38.22966726588881,10.069834321504157,30.527211623354845
14,2.86715517996192,16.101693049163142,86.99200003155667,173.98400006311334,1.1213248857667062,24.80507702172769,0.0,28.0,2.0,10.0,35.0,15,38.66142939963795,37.06074762369247,40.10655868367759,3.0458110599851196,7.878164639235098
15,5.421871050787507,12.44576437043081,76.30732180963341,152.61464361926681,2.3244399907652693,20.58653510075729,0.0,28.0,2.0,10.0,35.0,15,36.786900838568364,33.00256099113755,41.7275440849452,8.724983093807651,23.71763561191365
16,3.5194568863417524,16.594260176053915,45.19965552003056,90.39931104006112,1.9942660950621534,19.6229690631436,0.0,28.0,2.0,10.0,35.0,15,39.702683985357275,33.57234932717054,47.05594719160763,13.483597864437087,33.96142656101025
17,2.9240262056357498,15.312128694920824,82.5676136250073,165.1352272500146,3.6798001089316403,27.392268928485002,0.0,28.0,2.0,10.0,35.0,15,34.26018988537117,31.91020740570252,36.12784861186006,4.217641206157541,12.310618301501126
18,3.328676946333065,15.710220946566064,49.8563567233289,99.7127134466578,1.8233141847536707,19.717488265130555,0.0,28.0,2.0,10.0,35.0,15,38.93364697742764,33.79737453991875,44.77542757357286,10.978053033654113,28.196826873215354
19,3.9579445793284544,13.996413401771056,69.83513730790855,139.6702746158171,1.9154591275287307,21.541169590757512,0.0,28.0,2.0,10.0,35.0,15,40.23790500740402,36.19915061620252,45.25629266855157,9.05714205234905,22.50898015362003
20,3.7737159410360785,13.057036150568882,61.50075207993703,123.00150415987406,0.5107811216474056,16.997617812035315,0.0,28.0,2.0,10.0,35.0,15,35.90347221639032,31.09663562074882,41.06852009299739,9.971884472248568,27.774150678653015
21,2.7527096229897037,14.266819386925983,53.009381337922704,106.01876267584541,2.0323289203429704,19.117435802302694,0.0,28.0,2.0,10.0,35.0,15,30.75856909607785,26.27816926735107,36.00772952469578,9.729560257344712,31.63203147374423
22,4.2909357933072085,14.077669585161432,50.46287893414998,100.92575786829995,2.3956108493804056,18.858452797723224,0.0,28.0,2.0,10.0,35.0,15,35.59420470735849,30.36032408060877,41.53580783924298,11.175483758634208,31.39691938762117
23,3.561689321602648,15.495577038082605,59.35785934544974,118.71571869089948,2.1657987602249333,22.209382089615076,0.0,28.0,2.0,10.0,35.0,15,43.064859392978946,37.59526931964857,49.96942437119463,12.374155051546055,28.73376396896693
24,5.087586051495881,12.480142050054868,71.12014238830224,142.24028477660448,3.8739838944508325,22.488902916452297,0.0,28.0,2.0,10.0,35.0,15,33.8835748463748,30.51715622989705,38.78416790844413,8.267011678547082,24.398286532719755
25,4.658441353045584,16.589169461508178,59.263995483937904,118.52799096787581,4.254796597860771,26.84341922095515,0.0,28.0,2.0,10.0,35.0,15,48.33298431877083,44.47960531491372,53.19356979858146,8.713964483667738,18.029022222580902
26,4.9155686079347705,12.174983956334435,35.82625344117232,71.65250688234464,4.317619776956346,16.207798293321993,0.0,28.0,2.0,10.0,35.0,15,9.90931580432535,6.620334082229237,13.15538169726293,6.535047615033693,65.94852504530321
27,5.449798621160202,15.17760231192802,73.96717566877525,147.9343513375505,0.7877007216548211,22.024236501542624,0.0,28.0,2.0,10.0,35.0,15,51.06582492659199,45.94374968277961,56.54056186817684,10.596812185397226,20.751279746543457
28,2.513934973409429,15.163378516703208,68.61416493724681,137.22832987449362,2.6074152814446983,24.077322588383865,0.0,28.0,2.0,10.0,35.0,15,35.63111561448836,31.69413175861799,38.43658709124166,6.742455332623674,18.92294197457587
29,3.8451999018560405,15.360133060617969,66.29706177998001,132.59412355996002,1.0785014858297608,21.674835118963415,0.0,28.0,2.0,10.0,35.0,15,46.42143742835978,41.17542492099964,52.19173909914105,11.016314178141414,23.731092332378594
30,3.454502387406302,12.07374452813544,39.401661419441666,78.80332283888333,1.6308305232706413,13.102828738887734,0.0,28.0,2.0,10.0,35.0,15,13.01083642415786,10.29822600261084,15.68294731455748,5.38472131194664,41.386434633430355
31,4.6829127167910105,13.2574795034158,58.64424717478166,117.28849434956332,4.009735108463607,21.957997052003456,0.0,28.0,2.0,10.0,35.0,15,34.709492611199785,30.22830875743797,40.61772695918136,10.389418201743393,29.932498057868518
32,4.124150718757022,12.15604216281321,36.219046410466454,72.43809282093291,1.3076100703784665,11.951313081574142,0.0,28.0,2.0,10.0,35.0,15,10.958612747241947,7.403406494470706,14.5242228539757,7.120816359504995,64.97917686978359
33,3.205498534489531,12.198172573407449,57.126741802811964,114.25348360562393,2.8148465576654913,18.57410170340058,0.0,28.0,2.0,10.0,35.0,15,24.737989228130107,21.09629915016109,29.16800181895365,8.071702668792557,32.62877428863155
34,3.897974991142222,12.765503025437319,67.29298968999393,134.58597937998786,3.1211724456092673,21.305897687426246,0.0,28.0,2.0,10.0,35.0,15,32.51503829806962,28.85906113606907,37.78928075269837,8.930219616629298,27.46489035247261
35,4.449821252236779,14.200292635290063,40.61455481967706,81.22910963935412,1.2795490379877748,14.87256591740341,0.0,28.0,2.0,10.0,35.0,15,27.36738271483896,23.39358755022834,31.16625075717362,7.772663206945282,28.401193084243456
36,4.573148062276765,12.138658484599757,79.41359588431723,158.82719176863446,0.5566349769293284,17.734219435385832,0.0,28.0,2.0,10.0,35.0,15,35.103522402016864,31.28493957909981,40.10682512578803,8.821885546688218,25.13105507093316
37,3.1599837610386077,13.775814798211425,71.72729152267567,143.45458304535134,0.9465443403790298,20.00726765793528,0.0,28.0,2.0,10.0,35.0,15,36.87234374769764,33.09141703348133,42.09103843080706,8.999621397325733,24.407511111597515
38,2.847832204569178,12.092292427380677,86.80877692171228,173.61755384342456,3.9399394965771286,22.99013877770399,0.0,28.0,2.0,10.0,35.0,15,22.49298418985451,19.93512545317322,25.6652436657126,5.730118212539381,25.475135554151848
39,3.3499201038801907,16.786516576393822,54.71717650325941,109.43435300651882,4.423303776879159,26.2382865180738,0.0,28.0,2.0,10.0,35.0,15,41.854606992480036,37.77431991389133,45.33040537218588,7.556085458294547,18.05317502957832
40,4.035639895631951,14.580314968024613,78.29860909289438,156.59721818578876,2.5127758544397683,24.17431953846131,0.0,28.0,2.0,10.0,35.0,15,40.53500680386291,37.28886523653637,42.856875589699,5.568010353162634,13.736300526862161
41,3.705331057792088,14.320053259684718,49.03131670611104,98.06263341222208,3.8475279978316403,20.950696177713425,0.0,28.0,2.0,10.0,35.0,15,31.405525723306717,27.11914439928308,36.61114805813151,9.492003658848432,30.22399224415534
42,4.128593169288351,16.78808863720988,73.23706559522458,146.47413119044916,2.6631037330482337,27.194954914303274,0.0,28.0,2.0,10.0,35.0,15,47.94054687192297,45.34043318681587,50.48602617115406,5.145592984338187,10.733279697632678
43,3.999117678145076,14.043052781333481,89.75885976276945,179.5177195255389,0.7401488305196913,21.134767169817678,0.0,28.0,2.0,10.0,35.0,15,37.56127613717572,35.01397550158757,39.75476400899616,4.740788507408588,12.621478807309378
44,5.252196723302932,14.986728782588765,74.94463481829337,149.88926963658673,1.7762754740984952,23.347516229027853,0.0,28.0,2.0,10.0,35.0,15,47.86472644819174,44.236564110378,51.84723069995459,7.610666589576596,15.900365789856334
45,4.900914540749106,14.732906600934927,63.642644591950734,127.28528918390147,2.203033561516021,22.068553725860916,0.0,28.0,2.0,10.0,35.0,15,46.33327334419934,40.38283377033986,53.4879833933735,13.10514962303364,28.284532210099783
46,4.983200716765966,13.882369008615635,81.72610120997895,163.4522024199579,2.8615350398365575,23.882581565804067,0.0,28.0,2.0,10.0,35.0,15,39.33714406096435,35.97379607714926,41.74975616192307,5.775960084773807,14.683221730134441
47,4.234466703439436,12.365614448832043,79.75932935647208,159.51865871294416,3.455693969969254,22.40065679832093,0.0,28.0,2.0,10.0,35.0,15,30.652062527483324,27.64790642603409,34.22763394308802,6.579727517053932,21.46585571902185
48,3.0852858689530245,12.596791032532042,89.58066995906694,179.16133991813388,0.8381794927686099,19.127656183998845,0.0,28.0,2.0,10.0,35.0,15,28.71585077208804,26.23559648180262,31.8549741154572,5.6193776336545795,19.568905265090194
49,4.83770233266622,15.980741420947075,85.86213277013243,171.72426554026487,0.7314389478762455,23.991313376337494,0.0,28.0,2.0,10.0,35.0,15,46.75619300020426,44.50922058651375,49.20329720994621,4.6940766234324585,10.03947567632795
50,2.6374238674319694,16.537592803879072,50.98067509316482,101.96135018632964,0.5638072821529607,19.094803173448476,0.0,28.0,2.0,10.0,35.0,15,39.668066834099356,34.15042844261603,45.94082946040637,11.790401017790337,29.722650884653405
